{
  "logloss": 0.6925072988898954,
  "accuracy": 0.5116,
  "mcc": 0.011505293206796838,
  "brier": 0.49935949806139596,
  "ece": 5.115989748505356e-07,
  "ece_med": 5.115989748505356e-07,
  "mcc_med": 0.011505293206796838
}