{"ts": "2025-10-26T14:27:10.459839+00:00", "level": "INFO", "name": "src.api.app", "msg": "app.bootstrap.begin", "extra": {"taskName": "Task-2", "symbols": ["BTCUSDT"], "days": 3, "timeout": 600.0}}
{"ts": "2025-10-26T14:27:10.460012+00:00", "level": "INFO", "name": "src.common.config", "msg": "config.loaded", "extra": {"taskName": "Task-2", "offline": false, "ingest_policy": "LOCAL_THEN_REMOTE", "fixture_dirs": ["tests/fixtures", "fixtures", "cache/vision"], "data_dir": "./data", "duckdb_path": "./meta/index.duckdb", "market": "um"}}
{"ts": "2025-10-26T14:27:10.499056+00:00", "level": "INFO", "name": "src.services.inspection_cache_service", "msg": "inspection.cache.ensure.start", "extra": {"taskName": "Task-2", "symbol": "BTCUSDT", "days": 3, "target_days": ["2025-10-25", "2025-10-24", "2025-10-23"], "network_backfill": true}}
{"ts": "2025-10-26T14:27:10.506402+00:00", "level": "INFO", "name": "src.services.inspection_cache_service", "msg": "inspection.cache.ensure.collect", "extra": {"taskName": "Task-2", "symbol": "BTCUSDT", "day": "2025-10-23", "window_start_ms": 1761177600000, "window_end_ms": 1761264000000}}
{"ts": "2025-10-26T14:27:10.506589+00:00", "level": "INFO", "name": "src.services.check_all_datas", "msg": "pipeline.run.start | symbol=BTCUSDT | window_hours=24 | hours=None | strict_window=True | network_backfill=True | timeout=600.0", "extra": {"taskName": "Task-2"}}
{"ts": "2025-10-26T14:27:10.506852+00:00", "level": "INFO", "name": "src.services.ohlc_sanitizer", "msg": "Sanitised candles", "extra": {"taskName": "Task-2", "stage": "seed.1m", "input_count": 0, "output_count": 0, "invalid_ts": 0, "invalid_ohlc": 0, "earliest_ms": null, "latest_ms": null}}
{"ts": "2025-10-26T14:27:11.112767+00:00", "level": "INFO", "name": "src.storage.ensure_window", "msg": "ensure_window.rest_summary", "extra": {"taskName": "Task-2", "symbol": "BTCUSDT", "interval": "1m", "minutes_expected": 1440, "minutes_found": 1440, "requests": 2, "coverage_pct": 100.0}}
{"ts": "2025-10-26T14:27:11.136283+00:00", "level": "INFO", "name": "src.services.vision_ingest", "msg": "vision.ingest.start | symbol=BTCUSDT | start_ms=1761004800000 | end_ms=1761264000000 | datasets=['aggTrades', 'bookDepth', 'klines', 'metrics', 'openInterest', 'fundingRate', 'liquidationOrders'] | intervals=('1m', '3m', '5m', '15m', '1h', '4h', '1d') | days=['2025-10-21', '2025-10-22', '2025-10-23', '2025-10-24']", "extra": {"taskName": "Task-2"}}
{"ts": "2025-10-26T14:27:11.178591+00:00", "level": "INFO", "name": "src.services.vision_ingest", "msg": "vision.ingest.exchange_info.start | symbol=BTCUSDT", "extra": {"taskName": "Task-2"}}
{"ts": "2025-10-26T14:27:11.974334+00:00", "level": "INFO", "name": "httpx", "msg": "HTTP Request: GET https://data.binance.vision/data/exchangeInfo.json \"HTTP/1.1 404 Not Found\"", "extra": {"taskName": "Task-2"}}
{"ts": "2025-10-26T14:27:11.974855+00:00", "level": "WARNING", "name": "src.services.vision_ingest", "msg": "vision.ingest.exchange_info.missing | symbol=BTCUSDT", "extra": {"taskName": "Task-2"}}
{"ts": "2025-10-26T14:27:11.974936+00:00", "level": "INFO", "name": "src.services.vision_ingest", "msg": "vision.ingest.task.start | symbol=BTCUSDT | dataset=aggTrades | day=2025-10-21 | interval=None", "extra": {"taskName": "Task-2"}}
{"ts": "2025-10-26T14:27:12.752728+00:00", "level": "INFO", "name": "httpx", "msg": "HTTP Request: GET https://data.binance.vision/data/futures/um/daily/aggTrades/BTCUSDT/BTCUSDT-aggTrades-2025-10-21.zip \"HTTP/1.1 200 OK\"", "extra": {"taskName": "Task-2"}}
{"ts": "2025-10-26T14:27:31.413212+00:00", "level": "INFO", "name": "src.services.vision_ingest", "msg": "vision.ingest.task.complete | symbol=BTCUSDT | dataset=aggTrades | day=2025-10-21 | interval=None | records=2758688 | inserted=2758688", "extra": {"taskName": "Task-2"}}
{"ts": "2025-10-26T14:27:31.758246+00:00", "level": "INFO", "name": "src.services.vision_ingest", "msg": "vision.ingest.task.start | symbol=BTCUSDT | dataset=bookDepth | day=2025-10-21 | interval=None", "extra": {"taskName": "Task-2"}}
{"ts": "2025-10-26T14:27:32.549758+00:00", "level": "INFO", "name": "httpx", "msg": "HTTP Request: GET https://data.binance.vision/data/futures/um/daily/bookDepth/BTCUSDT/BTCUSDT-bookDepth-2025-10-21.zip \"HTTP/1.1 200 OK\"", "extra": {"taskName": "Task-2"}}
{"ts": "2025-10-26T14:27:33.835659+00:00", "level": "INFO", "name": "src.services.vision_ingest", "msg": "vision.ingest.task.complete | symbol=BTCUSDT | dataset=bookDepth | day=2025-10-21 | interval=None | records=2799 | inserted=2799", "extra": {"taskName": "Task-2"}}
{"ts": "2025-10-26T14:27:33.838610+00:00", "level": "INFO", "name": "src.services.vision_ingest", "msg": "vision.ingest.task.start | symbol=BTCUSDT | dataset=klines | day=2025-10-21 | interval=1m", "extra": {"taskName": "Task-2"}}
{"ts": "2025-10-26T14:27:34.581202+00:00", "level": "INFO", "name": "httpx", "msg": "HTTP Request: GET https://data.binance.vision/data/futures/um/daily/klines/BTCUSDT/1m/BTCUSDT-1m-2025-10-21.zip \"HTTP/1.1 200 OK\"", "extra": {"taskName": "Task-2"}}
{"ts": "2025-10-26T14:27:34.879041+00:00", "level": "INFO", "name": "src.services.ohlc_sanitizer", "msg": "Sanitised candles", "extra": {"taskName": "Task-2", "stage": "vision.klines.seed", "input_count": 1440, "output_count": 1440, "invalid_ts": 0, "invalid_ohlc": 0, "earliest_ms": 1761004800000, "latest_ms": 1761091140000}}
{"ts": "2025-10-26T14:27:34.892623+00:00", "level": "INFO", "name": "src.services.vision_ingest", "msg": "vision.ingest.task.complete | symbol=BTCUSDT | dataset=klines | day=2025-10-21 | interval=1m | records=1440 | inserted=1440", "extra": {"taskName": "Task-2"}}
{"ts": "2025-10-26T14:27:34.892946+00:00", "level": "INFO", "name": "src.services.vision_ingest", "msg": "vision.ingest.task.start | symbol=BTCUSDT | dataset=klines | day=2025-10-21 | interval=3m", "extra": {"taskName": "Task-2"}}
{"ts": "2025-10-26T14:27:35.607628+00:00", "level": "INFO", "name": "httpx", "msg": "HTTP Request: GET https://data.binance.vision/data/futures/um/daily/klines/BTCUSDT/3m/BTCUSDT-3m-2025-10-21.zip \"HTTP/1.1 200 OK\"", "extra": {"taskName": "Task-2"}}
{"ts": "2025-10-26T14:27:35.860911+00:00", "level": "INFO", "name": "src.services.vision_ingest", "msg": "vision.ingest.task.complete | symbol=BTCUSDT | dataset=klines | day=2025-10-21 | interval=3m | records=480 | inserted=480", "extra": {"taskName": "Task-2"}}
{"ts": "2025-10-26T14:27:35.861251+00:00", "level": "INFO", "name": "src.services.vision_ingest", "msg": "vision.ingest.task.start | symbol=BTCUSDT | dataset=klines | day=2025-10-21 | interval=5m", "extra": {"taskName": "Task-2"}}
{"ts": "2025-10-26T14:27:36.579115+00:00", "level": "INFO", "name": "httpx", "msg": "HTTP Request: GET https://data.binance.vision/data/futures/um/daily/klines/BTCUSDT/5m/BTCUSDT-5m-2025-10-21.zip \"HTTP/1.1 200 OK\"", "extra": {"taskName": "Task-2"}}
{"ts": "2025-10-26T14:27:36.600160+00:00", "level": "INFO", "name": "src.services.vision_ingest", "msg": "vision.ingest.task.complete | symbol=BTCUSDT | dataset=klines | day=2025-10-21 | interval=5m | records=288 | inserted=288", "extra": {"taskName": "Task-2"}}
{"ts": "2025-10-26T14:27:36.600360+00:00", "level": "INFO", "name": "src.services.vision_ingest", "msg": "vision.ingest.task.start | symbol=BTCUSDT | dataset=klines | day=2025-10-21 | interval=15m", "extra": {"taskName": "Task-2"}}
{"ts": "2025-10-26T14:27:37.316877+00:00", "level": "INFO", "name": "httpx", "msg": "HTTP Request: GET https://data.binance.vision/data/futures/um/daily/klines/BTCUSDT/15m/BTCUSDT-15m-2025-10-21.zip \"HTTP/1.1 200 OK\"", "extra": {"taskName": "Task-2"}}
{"ts": "2025-10-26T14:27:37.336102+00:00", "level": "INFO", "name": "src.services.vision_ingest", "msg": "vision.ingest.task.complete | symbol=BTCUSDT | dataset=klines | day=2025-10-21 | interval=15m | records=96 | inserted=96", "extra": {"taskName": "Task-2"}}
{"ts": "2025-10-26T14:27:37.336269+00:00", "level": "INFO", "name": "src.services.vision_ingest", "msg": "vision.ingest.task.start | symbol=BTCUSDT | dataset=klines | day=2025-10-21 | interval=1h", "extra": {"taskName": "Task-2"}}
{"ts": "2025-10-26T14:27:38.054371+00:00", "level": "INFO", "name": "httpx", "msg": "HTTP Request: GET https://data.binance.vision/data/futures/um/daily/klines/BTCUSDT/1h/BTCUSDT-1h-2025-10-21.zip \"HTTP/1.1 200 OK\"", "extra": {"taskName": "Task-2"}}
{"ts": "2025-10-26T14:27:38.073564+00:00", "level": "INFO", "name": "src.services.vision_ingest", "msg": "vision.ingest.task.complete | symbol=BTCUSDT | dataset=klines | day=2025-10-21 | interval=1h | records=24 | inserted=24", "extra": {"taskName": "Task-2"}}
{"ts": "2025-10-26T14:27:38.073793+00:00", "level": "INFO", "name": "src.services.vision_ingest", "msg": "vision.ingest.task.start | symbol=BTCUSDT | dataset=klines | day=2025-10-21 | interval=4h", "extra": {"taskName": "Task-2"}}
{"ts": "2025-10-26T14:27:38.788050+00:00", "level": "INFO", "name": "httpx", "msg": "HTTP Request: GET https://data.binance.vision/data/futures/um/daily/klines/BTCUSDT/4h/BTCUSDT-4h-2025-10-21.zip \"HTTP/1.1 200 OK\"", "extra": {"taskName": "Task-2"}}
{"ts": "2025-10-26T14:27:38.807055+00:00", "level": "INFO", "name": "src.services.vision_ingest", "msg": "vision.ingest.task.complete | symbol=BTCUSDT | dataset=klines | day=2025-10-21 | interval=4h | records=6 | inserted=6", "extra": {"taskName": "Task-2"}}
{"ts": "2025-10-26T14:27:38.807214+00:00", "level": "INFO", "name": "src.services.vision_ingest", "msg": "vision.ingest.task.start | symbol=BTCUSDT | dataset=klines | day=2025-10-21 | interval=1d", "extra": {"taskName": "Task-2"}}
{"ts": "2025-10-26T14:27:39.517098+00:00", "level": "INFO", "name": "httpx", "msg": "HTTP Request: GET https://data.binance.vision/data/futures/um/daily/klines/BTCUSDT/1d/BTCUSDT-1d-2025-10-21.zip \"HTTP/1.1 200 OK\"", "extra": {"taskName": "Task-2"}}
{"ts": "2025-10-26T14:27:39.544587+00:00", "level": "INFO", "name": "src.services.vision_ingest", "msg": "vision.ingest.task.complete | symbol=BTCUSDT | dataset=klines | day=2025-10-21 | interval=1d | records=1 | inserted=1", "extra": {"taskName": "Task-2"}}
{"ts": "2025-10-26T14:27:39.544748+00:00", "level": "INFO", "name": "src.services.vision_ingest", "msg": "vision.ingest.task.start | symbol=BTCUSDT | dataset=metrics | day=2025-10-21 | interval=None", "extra": {"taskName": "Task-2"}}
{"ts": "2025-10-26T14:27:40.263668+00:00", "level": "INFO", "name": "httpx", "msg": "HTTP Request: GET https://data.binance.vision/data/futures/um/daily/metrics/BTCUSDT/BTCUSDT-metrics-2025-10-21.zip \"HTTP/1.1 200 OK\"", "extra": {"taskName": "Task-2"}}
{"ts": "2025-10-26T14:27:40.303321+00:00", "level": "INFO", "name": "src.services.vision_ingest", "msg": "vision.ingest.task.complete | symbol=BTCUSDT | dataset=metrics | day=2025-10-21 | interval=None | records=288 | inserted=288", "extra": {"taskName": "Task-2"}}
{"ts": "2025-10-26T14:27:40.303526+00:00", "level": "INFO", "name": "src.services.vision_ingest", "msg": "vision.ingest.task.start | symbol=BTCUSDT | dataset=openInterest | day=2025-10-21 | interval=None", "extra": {"taskName": "Task-2"}}
{"ts": "2025-10-26T14:27:41.032945+00:00", "level": "INFO", "name": "httpx", "msg": "HTTP Request: GET https://data.binance.vision/data/futures/um/daily/openInterest/BTCUSDT/BTCUSDT-openInterest-2025-10-21.zip \"HTTP/1.1 404 Not Found\"", "extra": {"taskName": "Task-2"}}
{"ts": "2025-10-26T14:27:41.033401+00:00", "level": "WARNING", "name": "src.services.vision_ingest", "msg": "vision.ingest.task.missing | symbol=BTCUSDT | dataset=openInterest | day=2025-10-21 | interval=None", "extra": {"taskName": "Task-2"}}
{"ts": "2025-10-26T14:27:41.033482+00:00", "level": "INFO", "name": "src.services.vision_ingest", "msg": "vision.ingest.task.start | symbol=BTCUSDT | dataset=fundingRate | day=2025-10-21 | interval=None", "extra": {"taskName": "Task-2"}}
{"ts": "2025-10-26T14:27:41.763861+00:00", "level": "INFO", "name": "httpx", "msg": "HTTP Request: GET https://data.binance.vision/data/futures/um/daily/fundingRate/BTCUSDT/BTCUSDT-fundingRate-2025-10-21.zip \"HTTP/1.1 404 Not Found\"", "extra": {"taskName": "Task-2"}}
{"ts": "2025-10-26T14:27:41.764284+00:00", "level": "WARNING", "name": "src.services.vision_ingest", "msg": "vision.ingest.task.missing | symbol=BTCUSDT | dataset=fundingRate | day=2025-10-21 | interval=None", "extra": {"taskName": "Task-2"}}
{"ts": "2025-10-26T14:27:41.764374+00:00", "level": "INFO", "name": "src.services.vision_ingest", "msg": "vision.ingest.task.start | symbol=BTCUSDT | dataset=liquidationOrders | day=2025-10-21 | interval=None", "extra": {"taskName": "Task-2"}}
{"ts": "2025-10-26T14:27:42.481941+00:00", "level": "INFO", "name": "httpx", "msg": "HTTP Request: GET https://data.binance.vision/data/futures/um/daily/liquidationOrders/BTCUSDT/BTCUSDT-liquidationOrders-2025-10-21.zip \"HTTP/1.1 404 Not Found\"", "extra": {"taskName": "Task-2"}}
{"ts": "2025-10-26T14:27:42.482440+00:00", "level": "WARNING", "name": "src.services.vision_ingest", "msg": "vision.ingest.task.missing | symbol=BTCUSDT | dataset=liquidationOrders | day=2025-10-21 | interval=None", "extra": {"taskName": "Task-2"}}
{"ts": "2025-10-26T14:27:42.482520+00:00", "level": "INFO", "name": "src.services.vision_ingest", "msg": "vision.ingest.task.start | symbol=BTCUSDT | dataset=aggTrades | day=2025-10-22 | interval=None", "extra": {"taskName": "Task-2"}}
{"ts": "2025-10-26T14:27:43.238244+00:00", "level": "INFO", "name": "httpx", "msg": "HTTP Request: GET https://data.binance.vision/data/futures/um/daily/aggTrades/BTCUSDT/BTCUSDT-aggTrades-2025-10-22.zip \"HTTP/1.1 200 OK\"", "extra": {"taskName": "Task-2"}}
{"ts": "2025-10-26T14:27:59.761956+00:00", "level": "INFO", "name": "src.services.vision_ingest", "msg": "vision.ingest.task.complete | symbol=BTCUSDT | dataset=aggTrades | day=2025-10-22 | interval=None | records=2242607 | inserted=2242607", "extra": {"taskName": "Task-2"}}
{"ts": "2025-10-26T14:28:00.067964+00:00", "level": "INFO", "name": "src.services.vision_ingest", "msg": "vision.ingest.task.start | symbol=BTCUSDT | dataset=bookDepth | day=2025-10-22 | interval=None", "extra": {"taskName": "Task-2"}}
{"ts": "2025-10-26T14:28:00.860478+00:00", "level": "INFO", "name": "httpx", "msg": "HTTP Request: GET https://data.binance.vision/data/futures/um/daily/bookDepth/BTCUSDT/BTCUSDT-bookDepth-2025-10-22.zip \"HTTP/1.1 200 OK\"", "extra": {"taskName": "Task-2"}}
{"ts": "2025-10-26T14:28:02.111373+00:00", "level": "INFO", "name": "src.services.vision_ingest", "msg": "vision.ingest.task.complete | symbol=BTCUSDT | dataset=bookDepth | day=2025-10-22 | interval=None | records=2816 | inserted=2816", "extra": {"taskName": "Task-2"}}
{"ts": "2025-10-26T14:28:02.114447+00:00", "level": "INFO", "name": "src.services.vision_ingest", "msg": "vision.ingest.task.start | symbol=BTCUSDT | dataset=klines | day=2025-10-22 | interval=1m", "extra": {"taskName": "Task-2"}}
{"ts": "2025-10-26T14:28:02.853462+00:00", "level": "INFO", "name": "httpx", "msg": "HTTP Request: GET https://data.binance.vision/data/futures/um/daily/klines/BTCUSDT/1m/BTCUSDT-1m-2025-10-22.zip \"HTTP/1.1 200 OK\"", "extra": {"taskName": "Task-2"}}
{"ts": "2025-10-26T14:28:03.129667+00:00", "level": "INFO", "name": "src.services.ohlc_sanitizer", "msg": "Sanitised candles", "extra": {"taskName": "Task-2", "stage": "vision.klines.seed", "input_count": 1440, "output_count": 1440, "invalid_ts": 0, "invalid_ohlc": 0, "earliest_ms": 1761091200000, "latest_ms": 1761177540000}}
{"ts": "2025-10-26T14:28:03.143358+00:00", "level": "INFO", "name": "src.services.vision_ingest", "msg": "vision.ingest.task.complete | symbol=BTCUSDT | dataset=klines | day=2025-10-22 | interval=1m | records=1440 | inserted=1440", "extra": {"taskName": "Task-2"}}
{"ts": "2025-10-26T14:28:03.143622+00:00", "level": "INFO", "name": "src.services.vision_ingest", "msg": "vision.ingest.task.start | symbol=BTCUSDT | dataset=klines | day=2025-10-22 | interval=3m", "extra": {"taskName": "Task-2"}}
{"ts": "2025-10-26T14:28:03.911670+00:00", "level": "INFO", "name": "httpx", "msg": "HTTP Request: GET https://data.binance.vision/data/futures/um/daily/klines/BTCUSDT/3m/BTCUSDT-3m-2025-10-22.zip \"HTTP/1.1 200 OK\"", "extra": {"taskName": "Task-2"}}
{"ts": "2025-10-26T14:28:04.178517+00:00", "level": "INFO", "name": "src.services.vision_ingest", "msg": "vision.ingest.task.complete | symbol=BTCUSDT | dataset=klines | day=2025-10-22 | interval=3m | records=480 | inserted=480", "extra": {"taskName": "Task-2"}}
{"ts": "2025-10-26T14:28:04.178833+00:00", "level": "INFO", "name": "src.services.vision_ingest", "msg": "vision.ingest.task.start | symbol=BTCUSDT | dataset=klines | day=2025-10-22 | interval=5m", "extra": {"taskName": "Task-2"}}
{"ts": "2025-10-26T14:28:04.909043+00:00", "level": "INFO", "name": "httpx", "msg": "HTTP Request: GET https://data.binance.vision/data/futures/um/daily/klines/BTCUSDT/5m/BTCUSDT-5m-2025-10-22.zip \"HTTP/1.1 200 OK\"", "extra": {"taskName": "Task-2"}}
{"ts": "2025-10-26T14:28:04.931082+00:00", "level": "INFO", "name": "src.services.vision_ingest", "msg": "vision.ingest.task.complete | symbol=BTCUSDT | dataset=klines | day=2025-10-22 | interval=5m | records=288 | inserted=288", "extra": {"taskName": "Task-2"}}
{"ts": "2025-10-26T14:28:04.931238+00:00", "level": "INFO", "name": "src.services.vision_ingest", "msg": "vision.ingest.task.start | symbol=BTCUSDT | dataset=klines | day=2025-10-22 | interval=15m", "extra": {"taskName": "Task-2"}}
{"ts": "2025-10-26T14:28:05.655310+00:00", "level": "INFO", "name": "httpx", "msg": "HTTP Request: GET https://data.binance.vision/data/futures/um/daily/klines/BTCUSDT/15m/BTCUSDT-15m-2025-10-22.zip \"HTTP/1.1 200 OK\"", "extra": {"taskName": "Task-2"}}
{"ts": "2025-10-26T14:28:05.675715+00:00", "level": "INFO", "name": "src.services.vision_ingest", "msg": "vision.ingest.task.complete | symbol=BTCUSDT | dataset=klines | day=2025-10-22 | interval=15m | records=96 | inserted=96", "extra": {"taskName": "Task-2"}}
{"ts": "2025-10-26T14:28:05.675889+00:00", "level": "INFO", "name": "src.services.vision_ingest", "msg": "vision.ingest.task.start | symbol=BTCUSDT | dataset=klines | day=2025-10-22 | interval=1h", "extra": {"taskName": "Task-2"}}
{"ts": "2025-10-26T14:28:06.391955+00:00", "level": "INFO", "name": "httpx", "msg": "HTTP Request: GET https://data.binance.vision/data/futures/um/daily/klines/BTCUSDT/1h/BTCUSDT-1h-2025-10-22.zip \"HTTP/1.1 200 OK\"", "extra": {"taskName": "Task-2"}}
{"ts": "2025-10-26T14:28:06.412350+00:00", "level": "INFO", "name": "src.services.vision_ingest", "msg": "vision.ingest.task.complete | symbol=BTCUSDT | dataset=klines | day=2025-10-22 | interval=1h | records=24 | inserted=24", "extra": {"taskName": "Task-2"}}
{"ts": "2025-10-26T14:28:06.412501+00:00", "level": "INFO", "name": "src.services.vision_ingest", "msg": "vision.ingest.task.start | symbol=BTCUSDT | dataset=klines | day=2025-10-22 | interval=4h", "extra": {"taskName": "Task-2"}}
{"ts": "2025-10-26T14:28:07.126068+00:00", "level": "INFO", "name": "httpx", "msg": "HTTP Request: GET https://data.binance.vision/data/futures/um/daily/klines/BTCUSDT/4h/BTCUSDT-4h-2025-10-22.zip \"HTTP/1.1 200 OK\"", "extra": {"taskName": "Task-2"}}
{"ts": "2025-10-26T14:28:07.137285+00:00", "level": "INFO", "name": "src.services.vision_ingest", "msg": "vision.ingest.task.complete | symbol=BTCUSDT | dataset=klines | day=2025-10-22 | interval=4h | records=6 | inserted=6", "extra": {"taskName": "Task-2"}}
{"ts": "2025-10-26T14:28:07.137392+00:00", "level": "INFO", "name": "src.services.vision_ingest", "msg": "vision.ingest.task.start | symbol=BTCUSDT | dataset=klines | day=2025-10-22 | interval=1d", "extra": {"taskName": "Task-2"}}
{"ts": "2025-10-26T14:28:07.851918+00:00", "level": "INFO", "name": "httpx", "msg": "HTTP Request: GET https://data.binance.vision/data/futures/um/daily/klines/BTCUSDT/1d/BTCUSDT-1d-2025-10-22.zip \"HTTP/1.1 200 OK\"", "extra": {"taskName": "Task-2"}}
{"ts": "2025-10-26T14:28:07.871649+00:00", "level": "INFO", "name": "src.services.vision_ingest", "msg": "vision.ingest.task.complete | symbol=BTCUSDT | dataset=klines | day=2025-10-22 | interval=1d | records=1 | inserted=1", "extra": {"taskName": "Task-2"}}
{"ts": "2025-10-26T14:28:07.871760+00:00", "level": "INFO", "name": "src.services.vision_ingest", "msg": "vision.ingest.task.start | symbol=BTCUSDT | dataset=metrics | day=2025-10-22 | interval=None", "extra": {"taskName": "Task-2"}}
{"ts": "2025-10-26T14:28:08.591779+00:00", "level": "INFO", "name": "httpx", "msg": "HTTP Request: GET https://data.binance.vision/data/futures/um/daily/metrics/BTCUSDT/BTCUSDT-metrics-2025-10-22.zip \"HTTP/1.1 200 OK\"", "extra": {"taskName": "Task-2"}}
{"ts": "2025-10-26T14:28:08.624190+00:00", "level": "INFO", "name": "src.services.vision_ingest", "msg": "vision.ingest.task.complete | symbol=BTCUSDT | dataset=metrics | day=2025-10-22 | interval=None | records=288 | inserted=288", "extra": {"taskName": "Task-2"}}
{"ts": "2025-10-26T14:28:08.624366+00:00", "level": "INFO", "name": "src.services.vision_ingest", "msg": "vision.ingest.task.start | symbol=BTCUSDT | dataset=openInterest | day=2025-10-22 | interval=None", "extra": {"taskName": "Task-2"}}
{"ts": "2025-10-26T14:28:09.349195+00:00", "level": "INFO", "name": "httpx", "msg": "HTTP Request: GET https://data.binance.vision/data/futures/um/daily/openInterest/BTCUSDT/BTCUSDT-openInterest-2025-10-22.zip \"HTTP/1.1 404 Not Found\"", "extra": {"taskName": "Task-2"}}
{"ts": "2025-10-26T14:28:09.349690+00:00", "level": "WARNING", "name": "src.services.vision_ingest", "msg": "vision.ingest.task.missing | symbol=BTCUSDT | dataset=openInterest | day=2025-10-22 | interval=None", "extra": {"taskName": "Task-2"}}
{"ts": "2025-10-26T14:28:09.349768+00:00", "level": "INFO", "name": "src.services.vision_ingest", "msg": "vision.ingest.task.start | symbol=BTCUSDT | dataset=fundingRate | day=2025-10-22 | interval=None", "extra": {"taskName": "Task-2"}}
{"ts": "2025-10-26T14:28:10.053539+00:00", "level": "INFO", "name": "httpx", "msg": "HTTP Request: GET https://data.binance.vision/data/futures/um/daily/fundingRate/BTCUSDT/BTCUSDT-fundingRate-2025-10-22.zip \"HTTP/1.1 404 Not Found\"", "extra": {"taskName": "Task-2"}}
{"ts": "2025-10-26T14:28:10.053993+00:00", "level": "WARNING", "name": "src.services.vision_ingest", "msg": "vision.ingest.task.missing | symbol=BTCUSDT | dataset=fundingRate | day=2025-10-22 | interval=None", "extra": {"taskName": "Task-2"}}
{"ts": "2025-10-26T14:28:10.054071+00:00", "level": "INFO", "name": "src.services.vision_ingest", "msg": "vision.ingest.task.start | symbol=BTCUSDT | dataset=liquidationOrders | day=2025-10-22 | interval=None", "extra": {"taskName": "Task-2"}}
{"ts": "2025-10-26T14:28:10.761333+00:00", "level": "INFO", "name": "httpx", "msg": "HTTP Request: GET https://data.binance.vision/data/futures/um/daily/liquidationOrders/BTCUSDT/BTCUSDT-liquidationOrders-2025-10-22.zip \"HTTP/1.1 404 Not Found\"", "extra": {"taskName": "Task-2"}}
{"ts": "2025-10-26T14:28:10.762006+00:00", "level": "WARNING", "name": "src.services.vision_ingest", "msg": "vision.ingest.task.missing | symbol=BTCUSDT | dataset=liquidationOrders | day=2025-10-22 | interval=None", "extra": {"taskName": "Task-2"}}
{"ts": "2025-10-26T14:28:10.762100+00:00", "level": "INFO", "name": "src.services.vision_ingest", "msg": "vision.ingest.task.start | symbol=BTCUSDT | dataset=aggTrades | day=2025-10-23 | interval=None", "extra": {"taskName": "Task-2"}}
{"ts": "2025-10-26T14:28:11.527148+00:00", "level": "INFO", "name": "httpx", "msg": "HTTP Request: GET https://data.binance.vision/data/futures/um/daily/aggTrades/BTCUSDT/BTCUSDT-aggTrades-2025-10-23.zip \"HTTP/1.1 200 OK\"", "extra": {"taskName": "Task-2"}}
{"ts": "2025-10-26T14:28:23.463635+00:00", "level": "INFO", "name": "src.services.vision_ingest", "msg": "vision.ingest.task.complete | symbol=BTCUSDT | dataset=aggTrades | day=2025-10-23 | interval=None | records=1637139 | inserted=1637139", "extra": {"taskName": "Task-2"}}
{"ts": "2025-10-26T14:28:23.668927+00:00", "level": "INFO", "name": "src.services.vision_ingest", "msg": "vision.ingest.task.start | symbol=BTCUSDT | dataset=bookDepth | day=2025-10-23 | interval=None", "extra": {"taskName": "Task-2"}}
{"ts": "2025-10-26T14:28:24.469128+00:00", "level": "INFO", "name": "httpx", "msg": "HTTP Request: GET https://data.binance.vision/data/futures/um/daily/bookDepth/BTCUSDT/BTCUSDT-bookDepth-2025-10-23.zip \"HTTP/1.1 200 OK\"", "extra": {"taskName": "Task-2"}}
{"ts": "2025-10-26T14:28:25.707397+00:00", "level": "INFO", "name": "src.services.vision_ingest", "msg": "vision.ingest.task.complete | symbol=BTCUSDT | dataset=bookDepth | day=2025-10-23 | interval=None | records=2775 | inserted=2775", "extra": {"taskName": "Task-2"}}
{"ts": "2025-10-26T14:28:25.710209+00:00", "level": "INFO", "name": "src.services.vision_ingest", "msg": "vision.ingest.task.start | symbol=BTCUSDT | dataset=klines | day=2025-10-23 | interval=1m", "extra": {"taskName": "Task-2"}}
{"ts": "2025-10-26T14:28:26.448493+00:00", "level": "INFO", "name": "httpx", "msg": "HTTP Request: GET https://data.binance.vision/data/futures/um/daily/klines/BTCUSDT/1m/BTCUSDT-1m-2025-10-23.zip \"HTTP/1.1 200 OK\"", "extra": {"taskName": "Task-2"}}
{"ts": "2025-10-26T14:28:26.734245+00:00", "level": "INFO", "name": "src.services.ohlc_sanitizer", "msg": "Sanitised candles", "extra": {"taskName": "Task-2", "stage": "vision.klines.seed", "input_count": 1440, "output_count": 1440, "invalid_ts": 0, "invalid_ohlc": 0, "earliest_ms": 1761177600000, "latest_ms": 1761263940000}}
{"ts": "2025-10-26T14:28:26.748045+00:00", "level": "INFO", "name": "src.services.vision_ingest", "msg": "vision.ingest.task.complete | symbol=BTCUSDT | dataset=klines | day=2025-10-23 | interval=1m | records=1440 | inserted=1440", "extra": {"taskName": "Task-2"}}
{"ts": "2025-10-26T14:28:26.748291+00:00", "level": "INFO", "name": "src.services.vision_ingest", "msg": "vision.ingest.task.start | symbol=BTCUSDT | dataset=klines | day=2025-10-23 | interval=3m", "extra": {"taskName": "Task-2"}}
{"ts": "2025-10-26T14:28:27.469600+00:00", "level": "INFO", "name": "httpx", "msg": "HTTP Request: GET https://data.binance.vision/data/futures/um/daily/klines/BTCUSDT/3m/BTCUSDT-3m-2025-10-23.zip \"HTTP/1.1 200 OK\"", "extra": {"taskName": "Task-2"}}
{"ts": "2025-10-26T14:28:27.724372+00:00", "level": "INFO", "name": "src.services.vision_ingest", "msg": "vision.ingest.task.complete | symbol=BTCUSDT | dataset=klines | day=2025-10-23 | interval=3m | records=480 | inserted=480", "extra": {"taskName": "Task-2"}}
{"ts": "2025-10-26T14:28:27.724584+00:00", "level": "INFO", "name": "src.services.vision_ingest", "msg": "vision.ingest.task.start | symbol=BTCUSDT | dataset=klines | day=2025-10-23 | interval=5m", "extra": {"taskName": "Task-2"}}
{"ts": "2025-10-26T14:28:28.437766+00:00", "level": "INFO", "name": "httpx", "msg": "HTTP Request: GET https://data.binance.vision/data/futures/um/daily/klines/BTCUSDT/5m/BTCUSDT-5m-2025-10-23.zip \"HTTP/1.1 200 OK\"", "extra": {"taskName": "Task-2"}}
{"ts": "2025-10-26T14:28:28.454179+00:00", "level": "INFO", "name": "src.services.vision_ingest", "msg": "vision.ingest.task.complete | symbol=BTCUSDT | dataset=klines | day=2025-10-23 | interval=5m | records=288 | inserted=288", "extra": {"taskName": "Task-2"}}
{"ts": "2025-10-26T14:28:28.454341+00:00", "level": "INFO", "name": "src.services.vision_ingest", "msg": "vision.ingest.task.start | symbol=BTCUSDT | dataset=klines | day=2025-10-23 | interval=15m", "extra": {"taskName": "Task-2"}}
{"ts": "2025-10-26T14:28:29.167424+00:00", "level": "INFO", "name": "httpx", "msg": "HTTP Request: GET https://data.binance.vision/data/futures/um/daily/klines/BTCUSDT/15m/BTCUSDT-15m-2025-10-23.zip \"HTTP/1.1 200 OK\"", "extra": {"taskName": "Task-2"}}
{"ts": "2025-10-26T14:28:29.186453+00:00", "level": "INFO", "name": "src.services.vision_ingest", "msg": "vision.ingest.task.complete | symbol=BTCUSDT | dataset=klines | day=2025-10-23 | interval=15m | records=96 | inserted=96", "extra": {"taskName": "Task-2"}}
{"ts": "2025-10-26T14:28:29.186592+00:00", "level": "INFO", "name": "src.services.vision_ingest", "msg": "vision.ingest.task.start | symbol=BTCUSDT | dataset=klines | day=2025-10-23 | interval=1h", "extra": {"taskName": "Task-2"}}
{"ts": "2025-10-26T14:28:29.915204+00:00", "level": "INFO", "name": "httpx", "msg": "HTTP Request: GET https://data.binance.vision/data/futures/um/daily/klines/BTCUSDT/1h/BTCUSDT-1h-2025-10-23.zip \"HTTP/1.1 200 OK\"", "extra": {"taskName": "Task-2"}}
{"ts": "2025-10-26T14:28:29.934108+00:00", "level": "INFO", "name": "src.services.vision_ingest", "msg": "vision.ingest.task.complete | symbol=BTCUSDT | dataset=klines | day=2025-10-23 | interval=1h | records=24 | inserted=24", "extra": {"taskName": "Task-2"}}
{"ts": "2025-10-26T14:28:29.934258+00:00", "level": "INFO", "name": "src.services.vision_ingest", "msg": "vision.ingest.task.start | symbol=BTCUSDT | dataset=klines | day=2025-10-23 | interval=4h", "extra": {"taskName": "Task-2"}}
{"ts": "2025-10-26T14:28:30.696151+00:00", "level": "INFO", "name": "httpx", "msg": "HTTP Request: GET https://data.binance.vision/data/futures/um/daily/klines/BTCUSDT/4h/BTCUSDT-4h-2025-10-23.zip \"HTTP/1.1 200 OK\"", "extra": {"taskName": "Task-2"}}
{"ts": "2025-10-26T14:28:30.715386+00:00", "level": "INFO", "name": "src.services.vision_ingest", "msg": "vision.ingest.task.complete | symbol=BTCUSDT | dataset=klines | day=2025-10-23 | interval=4h | records=6 | inserted=6", "extra": {"taskName": "Task-2"}}
{"ts": "2025-10-26T14:28:30.715613+00:00", "level": "INFO", "name": "src.services.vision_ingest", "msg": "vision.ingest.task.start | symbol=BTCUSDT | dataset=klines | day=2025-10-23 | interval=1d", "extra": {"taskName": "Task-2"}}
{"ts": "2025-10-26T14:28:31.435219+00:00", "level": "INFO", "name": "httpx", "msg": "HTTP Request: GET https://data.binance.vision/data/futures/um/daily/klines/BTCUSDT/1d/BTCUSDT-1d-2025-10-23.zip \"HTTP/1.1 200 OK\"", "extra": {"taskName": "Task-2"}}
{"ts": "2025-10-26T14:28:31.458245+00:00", "level": "INFO", "name": "src.services.vision_ingest", "msg": "vision.ingest.task.complete | symbol=BTCUSDT | dataset=klines | day=2025-10-23 | interval=1d | records=1 | inserted=1", "extra": {"taskName": "Task-2"}}
{"ts": "2025-10-26T14:28:31.458376+00:00", "level": "INFO", "name": "src.services.vision_ingest", "msg": "vision.ingest.task.start | symbol=BTCUSDT | dataset=metrics | day=2025-10-23 | interval=None", "extra": {"taskName": "Task-2"}}
{"ts": "2025-10-26T14:28:31.732558+00:00", "level": "INFO", "name": "httpx", "msg": "HTTP Request: GET https://data.binance.vision/data/futures/um/daily/metrics/BTCUSDT/BTCUSDT-metrics-2025-10-23.zip \"HTTP/1.1 200 OK\"", "extra": {"taskName": "Task-2"}}
{"ts": "2025-10-26T14:28:31.763184+00:00", "level": "INFO", "name": "src.services.vision_ingest", "msg": "vision.ingest.task.complete | symbol=BTCUSDT | dataset=metrics | day=2025-10-23 | interval=None | records=288 | inserted=288", "extra": {"taskName": "Task-2"}}
{"ts": "2025-10-26T14:28:31.763361+00:00", "level": "INFO", "name": "src.services.vision_ingest", "msg": "vision.ingest.task.start | symbol=BTCUSDT | dataset=openInterest | day=2025-10-23 | interval=None", "extra": {"taskName": "Task-2"}}
{"ts": "2025-10-26T14:28:32.479042+00:00", "level": "INFO", "name": "httpx", "msg": "HTTP Request: GET https://data.binance.vision/data/futures/um/daily/openInterest/BTCUSDT/BTCUSDT-openInterest-2025-10-23.zip \"HTTP/1.1 404 Not Found\"", "extra": {"taskName": "Task-2"}}
{"ts": "2025-10-26T14:28:32.479619+00:00", "level": "WARNING", "name": "src.services.vision_ingest", "msg": "vision.ingest.task.missing | symbol=BTCUSDT | dataset=openInterest | day=2025-10-23 | interval=None", "extra": {"taskName": "Task-2"}}
{"ts": "2025-10-26T14:28:32.479727+00:00", "level": "INFO", "name": "src.services.vision_ingest", "msg": "vision.ingest.task.start | symbol=BTCUSDT | dataset=fundingRate | day=2025-10-23 | interval=None", "extra": {"taskName": "Task-2"}}
{"ts": "2025-10-26T14:28:33.191915+00:00", "level": "INFO", "name": "httpx", "msg": "HTTP Request: GET https://data.binance.vision/data/futures/um/daily/fundingRate/BTCUSDT/BTCUSDT-fundingRate-2025-10-23.zip \"HTTP/1.1 404 Not Found\"", "extra": {"taskName": "Task-2"}}
{"ts": "2025-10-26T14:28:33.192721+00:00", "level": "WARNING", "name": "src.services.vision_ingest", "msg": "vision.ingest.task.missing | symbol=BTCUSDT | dataset=fundingRate | day=2025-10-23 | interval=None", "extra": {"taskName": "Task-2"}}
{"ts": "2025-10-26T14:28:33.192868+00:00", "level": "INFO", "name": "src.services.vision_ingest", "msg": "vision.ingest.task.start | symbol=BTCUSDT | dataset=liquidationOrders | day=2025-10-23 | interval=None", "extra": {"taskName": "Task-2"}}
{"ts": "2025-10-26T14:28:33.905179+00:00", "level": "INFO", "name": "httpx", "msg": "HTTP Request: GET https://data.binance.vision/data/futures/um/daily/liquidationOrders/BTCUSDT/BTCUSDT-liquidationOrders-2025-10-23.zip \"HTTP/1.1 404 Not Found\"", "extra": {"taskName": "Task-2"}}
{"ts": "2025-10-26T14:28:33.905690+00:00", "level": "WARNING", "name": "src.services.vision_ingest", "msg": "vision.ingest.task.missing | symbol=BTCUSDT | dataset=liquidationOrders | day=2025-10-23 | interval=None", "extra": {"taskName": "Task-2"}}
{"ts": "2025-10-26T14:28:33.905771+00:00", "level": "INFO", "name": "src.services.vision_ingest", "msg": "vision.ingest.task.start | symbol=BTCUSDT | dataset=aggTrades | day=2025-10-24 | interval=None", "extra": {"taskName": "Task-2"}}
{"ts": "2025-10-26T14:28:34.207420+00:00", "level": "INFO", "name": "httpx", "msg": "HTTP Request: GET https://data.binance.vision/data/futures/um/daily/aggTrades/BTCUSDT/BTCUSDT-aggTrades-2025-10-24.zip \"HTTP/1.1 200 OK\"", "extra": {"taskName": "Task-2"}}
{"ts": "2025-10-26T14:28:44.367273+00:00", "level": "INFO", "name": "src.services.vision_ingest", "msg": "vision.ingest.task.complete | symbol=BTCUSDT | dataset=aggTrades | day=2025-10-24 | interval=None | records=1403490 | inserted=1403490", "extra": {"taskName": "Task-2"}}
{"ts": "2025-10-26T14:28:44.549700+00:00", "level": "INFO", "name": "src.services.vision_ingest", "msg": "vision.ingest.task.start | symbol=BTCUSDT | dataset=bookDepth | day=2025-10-24 | interval=None", "extra": {"taskName": "Task-2"}}
{"ts": "2025-10-26T14:28:45.347630+00:00", "level": "INFO", "name": "httpx", "msg": "HTTP Request: GET https://data.binance.vision/data/futures/um/daily/bookDepth/BTCUSDT/BTCUSDT-bookDepth-2025-10-24.zip \"HTTP/1.1 200 OK\"", "extra": {"taskName": "Task-2"}}
{"ts": "2025-10-26T14:28:46.571262+00:00", "level": "INFO", "name": "src.services.vision_ingest", "msg": "vision.ingest.task.complete | symbol=BTCUSDT | dataset=bookDepth | day=2025-10-24 | interval=None | records=2754 | inserted=2754", "extra": {"taskName": "Task-2"}}
{"ts": "2025-10-26T14:28:46.574193+00:00", "level": "INFO", "name": "src.services.vision_ingest", "msg": "vision.ingest.task.start | symbol=BTCUSDT | dataset=klines | day=2025-10-24 | interval=1m", "extra": {"taskName": "Task-2"}}
{"ts": "2025-10-26T14:28:47.286025+00:00", "level": "INFO", "name": "httpx", "msg": "HTTP Request: GET https://data.binance.vision/data/futures/um/daily/klines/BTCUSDT/1m/BTCUSDT-1m-2025-10-24.zip \"HTTP/1.1 200 OK\"", "extra": {"taskName": "Task-2"}}
{"ts": "2025-10-26T14:28:47.568175+00:00", "level": "INFO", "name": "src.services.ohlc_sanitizer", "msg": "Sanitised candles", "extra": {"taskName": "Task-2", "stage": "vision.klines.seed", "input_count": 1440, "output_count": 1440, "invalid_ts": 0, "invalid_ohlc": 0, "earliest_ms": 1761264000000, "latest_ms": 1761350340000}}
{"ts": "2025-10-26T14:28:47.581764+00:00", "level": "INFO", "name": "src.services.vision_ingest", "msg": "vision.ingest.task.complete | symbol=BTCUSDT | dataset=klines | day=2025-10-24 | interval=1m | records=1440 | inserted=1440", "extra": {"taskName": "Task-2"}}
{"ts": "2025-10-26T14:28:47.581960+00:00", "level": "INFO", "name": "src.services.vision_ingest", "msg": "vision.ingest.task.start | symbol=BTCUSDT | dataset=klines | day=2025-10-24 | interval=3m", "extra": {"taskName": "Task-2"}}
{"ts": "2025-10-26T14:28:48.298055+00:00", "level": "INFO", "name": "httpx", "msg": "HTTP Request: GET https://data.binance.vision/data/futures/um/daily/klines/BTCUSDT/3m/BTCUSDT-3m-2025-10-24.zip \"HTTP/1.1 200 OK\"", "extra": {"taskName": "Task-2"}}
{"ts": "2025-10-26T14:28:48.559854+00:00", "level": "INFO", "name": "src.services.vision_ingest", "msg": "vision.ingest.task.complete | symbol=BTCUSDT | dataset=klines | day=2025-10-24 | interval=3m | records=480 | inserted=480", "extra": {"taskName": "Task-2"}}
{"ts": "2025-10-26T14:28:48.560053+00:00", "level": "INFO", "name": "src.services.vision_ingest", "msg": "vision.ingest.task.start | symbol=BTCUSDT | dataset=klines | day=2025-10-24 | interval=5m", "extra": {"taskName": "Task-2"}}
{"ts": "2025-10-26T14:28:49.279528+00:00", "level": "INFO", "name": "httpx", "msg": "HTTP Request: GET https://data.binance.vision/data/futures/um/daily/klines/BTCUSDT/5m/BTCUSDT-5m-2025-10-24.zip \"HTTP/1.1 200 OK\"", "extra": {"taskName": "Task-2"}}
{"ts": "2025-10-26T14:28:49.300020+00:00", "level": "INFO", "name": "src.services.vision_ingest", "msg": "vision.ingest.task.complete | symbol=BTCUSDT | dataset=klines | day=2025-10-24 | interval=5m | records=288 | inserted=288", "extra": {"taskName": "Task-2"}}
{"ts": "2025-10-26T14:28:49.300181+00:00", "level": "INFO", "name": "src.services.vision_ingest", "msg": "vision.ingest.task.start | symbol=BTCUSDT | dataset=klines | day=2025-10-24 | interval=15m", "extra": {"taskName": "Task-2"}}
{"ts": "2025-10-26T14:28:50.027330+00:00", "level": "INFO", "name": "httpx", "msg": "HTTP Request: GET https://data.binance.vision/data/futures/um/daily/klines/BTCUSDT/15m/BTCUSDT-15m-2025-10-24.zip \"HTTP/1.1 200 OK\"", "extra": {"taskName": "Task-2"}}
{"ts": "2025-10-26T14:28:50.046638+00:00", "level": "INFO", "name": "src.services.vision_ingest", "msg": "vision.ingest.task.complete | symbol=BTCUSDT | dataset=klines | day=2025-10-24 | interval=15m | records=96 | inserted=96", "extra": {"taskName": "Task-2"}}
{"ts": "2025-10-26T14:28:50.046790+00:00", "level": "INFO", "name": "src.services.vision_ingest", "msg": "vision.ingest.task.start | symbol=BTCUSDT | dataset=klines | day=2025-10-24 | interval=1h", "extra": {"taskName": "Task-2"}}
{"ts": "2025-10-26T14:28:50.780008+00:00", "level": "INFO", "name": "httpx", "msg": "HTTP Request: GET https://data.binance.vision/data/futures/um/daily/klines/BTCUSDT/1h/BTCUSDT-1h-2025-10-24.zip \"HTTP/1.1 200 OK\"", "extra": {"taskName": "Task-2"}}
{"ts": "2025-10-26T14:28:50.793256+00:00", "level": "INFO", "name": "src.services.vision_ingest", "msg": "vision.ingest.task.complete | symbol=BTCUSDT | dataset=klines | day=2025-10-24 | interval=1h | records=24 | inserted=24", "extra": {"taskName": "Task-2"}}
{"ts": "2025-10-26T14:28:50.793382+00:00", "level": "INFO", "name": "src.services.vision_ingest", "msg": "vision.ingest.task.start | symbol=BTCUSDT | dataset=klines | day=2025-10-24 | interval=4h", "extra": {"taskName": "Task-2"}}
{"ts": "2025-10-26T14:28:51.516118+00:00", "level": "INFO", "name": "httpx", "msg": "HTTP Request: GET https://data.binance.vision/data/futures/um/daily/klines/BTCUSDT/4h/BTCUSDT-4h-2025-10-24.zip \"HTTP/1.1 200 OK\"", "extra": {"taskName": "Task-2"}}
{"ts": "2025-10-26T14:28:51.527161+00:00", "level": "INFO", "name": "src.services.vision_ingest", "msg": "vision.ingest.task.complete | symbol=BTCUSDT | dataset=klines | day=2025-10-24 | interval=4h | records=6 | inserted=6", "extra": {"taskName": "Task-2"}}
{"ts": "2025-10-26T14:28:51.527289+00:00", "level": "INFO", "name": "src.services.vision_ingest", "msg": "vision.ingest.task.start | symbol=BTCUSDT | dataset=klines | day=2025-10-24 | interval=1d", "extra": {"taskName": "Task-2"}}
{"ts": "2025-10-26T14:28:52.255070+00:00", "level": "INFO", "name": "httpx", "msg": "HTTP Request: GET https://data.binance.vision/data/futures/um/daily/klines/BTCUSDT/1d/BTCUSDT-1d-2025-10-24.zip \"HTTP/1.1 200 OK\"", "extra": {"taskName": "Task-2"}}
{"ts": "2025-10-26T14:28:52.266008+00:00", "level": "INFO", "name": "src.services.vision_ingest", "msg": "vision.ingest.task.complete | symbol=BTCUSDT | dataset=klines | day=2025-10-24 | interval=1d | records=1 | inserted=1", "extra": {"taskName": "Task-2"}}
{"ts": "2025-10-26T14:28:52.266103+00:00", "level": "INFO", "name": "src.services.vision_ingest", "msg": "vision.ingest.task.start | symbol=BTCUSDT | dataset=metrics | day=2025-10-24 | interval=None", "extra": {"taskName": "Task-2"}}
{"ts": "2025-10-26T14:28:52.988466+00:00", "level": "INFO", "name": "httpx", "msg": "HTTP Request: GET https://data.binance.vision/data/futures/um/daily/metrics/BTCUSDT/BTCUSDT-metrics-2025-10-24.zip \"HTTP/1.1 200 OK\"", "extra": {"taskName": "Task-2"}}
{"ts": "2025-10-26T14:28:53.028047+00:00", "level": "INFO", "name": "src.services.vision_ingest", "msg": "vision.ingest.task.complete | symbol=BTCUSDT | dataset=metrics | day=2025-10-24 | interval=None | records=288 | inserted=288", "extra": {"taskName": "Task-2"}}
{"ts": "2025-10-26T14:28:53.028213+00:00", "level": "INFO", "name": "src.services.vision_ingest", "msg": "vision.ingest.task.start | symbol=BTCUSDT | dataset=openInterest | day=2025-10-24 | interval=None", "extra": {"taskName": "Task-2"}}
{"ts": "2025-10-26T14:28:53.745952+00:00", "level": "INFO", "name": "httpx", "msg": "HTTP Request: GET https://data.binance.vision/data/futures/um/daily/openInterest/BTCUSDT/BTCUSDT-openInterest-2025-10-24.zip \"HTTP/1.1 404 Not Found\"", "extra": {"taskName": "Task-2"}}
{"ts": "2025-10-26T14:28:53.746439+00:00", "level": "WARNING", "name": "src.services.vision_ingest", "msg": "vision.ingest.task.missing | symbol=BTCUSDT | dataset=openInterest | day=2025-10-24 | interval=None", "extra": {"taskName": "Task-2"}}
{"ts": "2025-10-26T14:28:53.746518+00:00", "level": "INFO", "name": "src.services.vision_ingest", "msg": "vision.ingest.task.start | symbol=BTCUSDT | dataset=fundingRate | day=2025-10-24 | interval=None", "extra": {"taskName": "Task-2"}}
{"ts": "2025-10-26T14:28:54.461180+00:00", "level": "INFO", "name": "httpx", "msg": "HTTP Request: GET https://data.binance.vision/data/futures/um/daily/fundingRate/BTCUSDT/BTCUSDT-fundingRate-2025-10-24.zip \"HTTP/1.1 404 Not Found\"", "extra": {"taskName": "Task-2"}}
{"ts": "2025-10-26T14:28:54.461661+00:00", "level": "WARNING", "name": "src.services.vision_ingest", "msg": "vision.ingest.task.missing | symbol=BTCUSDT | dataset=fundingRate | day=2025-10-24 | interval=None", "extra": {"taskName": "Task-2"}}
{"ts": "2025-10-26T14:28:54.461752+00:00", "level": "INFO", "name": "src.services.vision_ingest", "msg": "vision.ingest.task.start | symbol=BTCUSDT | dataset=liquidationOrders | day=2025-10-24 | interval=None", "extra": {"taskName": "Task-2"}}
{"ts": "2025-10-26T14:28:55.184401+00:00", "level": "INFO", "name": "httpx", "msg": "HTTP Request: GET https://data.binance.vision/data/futures/um/daily/liquidationOrders/BTCUSDT/BTCUSDT-liquidationOrders-2025-10-24.zip \"HTTP/1.1 404 Not Found\"", "extra": {"taskName": "Task-2"}}
{"ts": "2025-10-26T14:28:55.184924+00:00", "level": "WARNING", "name": "src.services.vision_ingest", "msg": "vision.ingest.task.missing | symbol=BTCUSDT | dataset=liquidationOrders | day=2025-10-24 | interval=None", "extra": {"taskName": "Task-2"}}
{"ts": "2025-10-26T14:28:55.185101+00:00", "level": "INFO", "name": "src.services.vision_ingest", "msg": "vision.ingest.complete | symbol=BTCUSDT | status=partial | errors=0 | missing=8", "extra": {"taskName": "Task-2"}}
{"ts": "2025-10-26T14:28:55.185310+00:00", "level": "WARNING", "name": "src.services.check_all_datas", "msg": "Time budget exceeded before seeding minute frame", "extra": {"taskName": "Task-2", "stage": "seed_1m_backfill", "symbol": "BTCUSDT"}}
{"ts": "2025-10-26T14:28:55.185394+00:00", "level": "INFO", "name": "src.services.check_all_datas", "msg": "Resolved last price for inspection snapshot", "extra": {"taskName": "Task-2", "source": "ohlcv", "tf": null, "ts": null, "age_sec": null, "insufficient_reason": "missing_live_last_price"}}
{"ts": "2025-10-26T14:28:55.186056+00:00", "level": "INFO", "name": "src.services.check_all_datas", "msg": "pipeline.run.complete | symbol=BTCUSDT | status=insufficient_data", "extra": {"taskName": "Task-2"}}
{"ts": "2025-10-26T14:28:55.235590+00:00", "level": "INFO", "name": "src.services.inspection_cache_service", "msg": "inspection.cache.ensure.stored", "extra": {"taskName": "Task-2", "symbol": "BTCUSDT", "day": "2025-10-23", "minutes_found": 0, "minutes_expected": 1440}}
{"ts": "2025-10-26T14:28:55.235788+00:00", "level": "INFO", "name": "src.services.inspection_cache_service", "msg": "inspection.cache.ensure.collect", "extra": {"taskName": "Task-2", "symbol": "BTCUSDT", "day": "2025-10-24", "window_start_ms": 1761264000000, "window_end_ms": 1761350400000}}
{"ts": "2025-10-26T14:28:55.235904+00:00", "level": "INFO", "name": "src.services.check_all_datas", "msg": "pipeline.run.start | symbol=BTCUSDT | window_hours=24 | hours=None | strict_window=True | network_backfill=True | timeout=600.0", "extra": {"taskName": "Task-2"}}
{"ts": "2025-10-26T14:28:55.236074+00:00", "level": "INFO", "name": "src.services.ohlc_sanitizer", "msg": "Sanitised candles", "extra": {"taskName": "Task-2", "stage": "seed.1m", "input_count": 0, "output_count": 0, "invalid_ts": 0, "invalid_ohlc": 0, "earliest_ms": null, "latest_ms": null}}
{"ts": "2025-10-26T14:28:55.768235+00:00", "level": "INFO", "name": "src.storage.ensure_window", "msg": "ensure_window.rest_summary", "extra": {"taskName": "Task-2", "symbol": "BTCUSDT", "interval": "1m", "minutes_expected": 1440, "minutes_found": 1440, "requests": 2, "coverage_pct": 100.0}}
{"ts": "2025-10-26T14:28:55.771295+00:00", "level": "INFO", "name": "src.services.vision_ingest", "msg": "vision.ingest.start | symbol=BTCUSDT | start_ms=1761091200000 | end_ms=1761350400000 | datasets=['aggTrades', 'bookDepth', 'klines', 'metrics', 'openInterest', 'fundingRate', 'liquidationOrders'] | intervals=('1m', '3m', '5m', '15m', '1h', '4h', '1d') | days=['2025-10-22', '2025-10-23', '2025-10-24', '2025-10-25']", "extra": {"taskName": "Task-2"}}
{"ts": "2025-10-26T14:28:55.783717+00:00", "level": "INFO", "name": "src.services.vision_ingest", "msg": "vision.ingest.exchange_info.start | symbol=BTCUSDT", "extra": {"taskName": "Task-2"}}
{"ts": "2025-10-26T14:28:56.527351+00:00", "level": "INFO", "name": "httpx", "msg": "HTTP Request: GET https://data.binance.vision/data/exchangeInfo.json \"HTTP/1.1 404 Not Found\"", "extra": {"taskName": "Task-2"}}
{"ts": "2025-10-26T14:28:56.527843+00:00", "level": "WARNING", "name": "src.services.vision_ingest", "msg": "vision.ingest.exchange_info.missing | symbol=BTCUSDT", "extra": {"taskName": "Task-2"}}
{"ts": "2025-10-26T14:28:56.527937+00:00", "level": "INFO", "name": "src.services.vision_ingest", "msg": "vision.ingest.task.start | symbol=BTCUSDT | dataset=aggTrades | day=2025-10-22 | interval=None", "extra": {"taskName": "Task-2"}}
{"ts": "2025-10-26T14:28:57.275751+00:00", "level": "INFO", "name": "httpx", "msg": "HTTP Request: GET https://data.binance.vision/data/futures/um/daily/aggTrades/BTCUSDT/BTCUSDT-aggTrades-2025-10-22.zip \"HTTP/1.1 200 OK\"", "extra": {"taskName": "Task-2"}}
{"ts": "2025-10-26T14:29:10.676203+00:00", "level": "INFO", "name": "src.services.vision_ingest", "msg": "vision.ingest.task.complete | symbol=BTCUSDT | dataset=aggTrades | day=2025-10-22 | interval=None | records=2242607 | inserted=0", "extra": {"taskName": "Task-2"}}
{"ts": "2025-10-26T14:29:10.955845+00:00", "level": "INFO", "name": "src.services.vision_ingest", "msg": "vision.ingest.task.start | symbol=BTCUSDT | dataset=bookDepth | day=2025-10-22 | interval=None", "extra": {"taskName": "Task-2"}}
{"ts": "2025-10-26T14:29:11.729531+00:00", "level": "INFO", "name": "httpx", "msg": "HTTP Request: GET https://data.binance.vision/data/futures/um/daily/bookDepth/BTCUSDT/BTCUSDT-bookDepth-2025-10-22.zip \"HTTP/1.1 200 OK\"", "extra": {"taskName": "Task-2"}}
{"ts": "2025-10-26T14:29:12.901894+00:00", "level": "INFO", "name": "src.services.vision_ingest", "msg": "vision.ingest.task.complete | symbol=BTCUSDT | dataset=bookDepth | day=2025-10-22 | interval=None | records=2816 | inserted=2816", "extra": {"taskName": "Task-2"}}
{"ts": "2025-10-26T14:29:12.904666+00:00", "level": "INFO", "name": "src.services.vision_ingest", "msg": "vision.ingest.task.start | symbol=BTCUSDT | dataset=klines | day=2025-10-22 | interval=1m", "extra": {"taskName": "Task-2"}}
{"ts": "2025-10-26T14:29:13.631908+00:00", "level": "INFO", "name": "httpx", "msg": "HTTP Request: GET https://data.binance.vision/data/futures/um/daily/klines/BTCUSDT/1m/BTCUSDT-1m-2025-10-22.zip \"HTTP/1.1 200 OK\"", "extra": {"taskName": "Task-2"}}
{"ts": "2025-10-26T14:29:13.901568+00:00", "level": "INFO", "name": "src.services.ohlc_sanitizer", "msg": "Sanitised candles", "extra": {"taskName": "Task-2", "stage": "vision.klines.seed", "input_count": 1440, "output_count": 1440, "invalid_ts": 0, "invalid_ohlc": 0, "earliest_ms": 1761091200000, "latest_ms": 1761177540000}}
{"ts": "2025-10-26T14:29:13.918829+00:00", "level": "INFO", "name": "src.services.vision_ingest", "msg": "vision.ingest.task.complete | symbol=BTCUSDT | dataset=klines | day=2025-10-22 | interval=1m | records=1440 | inserted=1440", "extra": {"taskName": "Task-2"}}
{"ts": "2025-10-26T14:29:13.919108+00:00", "level": "INFO", "name": "src.services.vision_ingest", "msg": "vision.ingest.task.start | symbol=BTCUSDT | dataset=klines | day=2025-10-22 | interval=3m", "extra": {"taskName": "Task-2"}}
{"ts": "2025-10-26T14:29:14.651742+00:00", "level": "INFO", "name": "httpx", "msg": "HTTP Request: GET https://data.binance.vision/data/futures/um/daily/klines/BTCUSDT/3m/BTCUSDT-3m-2025-10-22.zip \"HTTP/1.1 200 OK\"", "extra": {"taskName": "Task-2"}}
{"ts": "2025-10-26T14:29:14.903692+00:00", "level": "INFO", "name": "src.services.vision_ingest", "msg": "vision.ingest.task.complete | symbol=BTCUSDT | dataset=klines | day=2025-10-22 | interval=3m | records=480 | inserted=480", "extra": {"taskName": "Task-2"}}
{"ts": "2025-10-26T14:29:14.903903+00:00", "level": "INFO", "name": "src.services.vision_ingest", "msg": "vision.ingest.task.start | symbol=BTCUSDT | dataset=klines | day=2025-10-22 | interval=5m", "extra": {"taskName": "Task-2"}}
{"ts": "2025-10-26T14:29:15.622267+00:00", "level": "INFO", "name": "httpx", "msg": "HTTP Request: GET https://data.binance.vision/data/futures/um/daily/klines/BTCUSDT/5m/BTCUSDT-5m-2025-10-22.zip \"HTTP/1.1 200 OK\"", "extra": {"taskName": "Task-2"}}
{"ts": "2025-10-26T14:29:15.638630+00:00", "level": "INFO", "name": "src.services.vision_ingest", "msg": "vision.ingest.task.complete | symbol=BTCUSDT | dataset=klines | day=2025-10-22 | interval=5m | records=288 | inserted=288", "extra": {"taskName": "Task-2"}}
{"ts": "2025-10-26T14:29:15.638804+00:00", "level": "INFO", "name": "src.services.vision_ingest", "msg": "vision.ingest.task.start | symbol=BTCUSDT | dataset=klines | day=2025-10-22 | interval=15m", "extra": {"taskName": "Task-2"}}
{"ts": "2025-10-26T14:29:16.356881+00:00", "level": "INFO", "name": "httpx", "msg": "HTTP Request: GET https://data.binance.vision/data/futures/um/daily/klines/BTCUSDT/15m/BTCUSDT-15m-2025-10-22.zip \"HTTP/1.1 200 OK\"", "extra": {"taskName": "Task-2"}}
{"ts": "2025-10-26T14:29:16.363185+00:00", "level": "INFO", "name": "src.services.vision_ingest", "msg": "vision.ingest.task.complete | symbol=BTCUSDT | dataset=klines | day=2025-10-22 | interval=15m | records=96 | inserted=96", "extra": {"taskName": "Task-2"}}
{"ts": "2025-10-26T14:29:16.363305+00:00", "level": "INFO", "name": "src.services.vision_ingest", "msg": "vision.ingest.task.start | symbol=BTCUSDT | dataset=klines | day=2025-10-22 | interval=1h", "extra": {"taskName": "Task-2"}}
{"ts": "2025-10-26T14:29:17.080798+00:00", "level": "INFO", "name": "httpx", "msg": "HTTP Request: GET https://data.binance.vision/data/futures/um/daily/klines/BTCUSDT/1h/BTCUSDT-1h-2025-10-22.zip \"HTTP/1.1 200 OK\"", "extra": {"taskName": "Task-2"}}
{"ts": "2025-10-26T14:29:17.095900+00:00", "level": "INFO", "name": "src.services.vision_ingest", "msg": "vision.ingest.task.complete | symbol=BTCUSDT | dataset=klines | day=2025-10-22 | interval=1h | records=24 | inserted=24", "extra": {"taskName": "Task-2"}}
{"ts": "2025-10-26T14:29:17.096079+00:00", "level": "INFO", "name": "src.services.vision_ingest", "msg": "vision.ingest.task.start | symbol=BTCUSDT | dataset=klines | day=2025-10-22 | interval=4h", "extra": {"taskName": "Task-2"}}
{"ts": "2025-10-26T14:29:17.814258+00:00", "level": "INFO", "name": "httpx", "msg": "HTTP Request: GET https://data.binance.vision/data/futures/um/daily/klines/BTCUSDT/4h/BTCUSDT-4h-2025-10-22.zip \"HTTP/1.1 200 OK\"", "extra": {"taskName": "Task-2"}}
{"ts": "2025-10-26T14:29:17.828774+00:00", "level": "INFO", "name": "src.services.vision_ingest", "msg": "vision.ingest.task.complete | symbol=BTCUSDT | dataset=klines | day=2025-10-22 | interval=4h | records=6 | inserted=6", "extra": {"taskName": "Task-2"}}
{"ts": "2025-10-26T14:29:17.828921+00:00", "level": "INFO", "name": "src.services.vision_ingest", "msg": "vision.ingest.task.start | symbol=BTCUSDT | dataset=klines | day=2025-10-22 | interval=1d", "extra": {"taskName": "Task-2"}}
{"ts": "2025-10-26T14:29:18.546373+00:00", "level": "INFO", "name": "httpx", "msg": "HTTP Request: GET https://data.binance.vision/data/futures/um/daily/klines/BTCUSDT/1d/BTCUSDT-1d-2025-10-22.zip \"HTTP/1.1 200 OK\"", "extra": {"taskName": "Task-2"}}
{"ts": "2025-10-26T14:29:18.560491+00:00", "level": "INFO", "name": "src.services.vision_ingest", "msg": "vision.ingest.task.complete | symbol=BTCUSDT | dataset=klines | day=2025-10-22 | interval=1d | records=1 | inserted=1", "extra": {"taskName": "Task-2"}}
{"ts": "2025-10-26T14:29:18.560635+00:00", "level": "INFO", "name": "src.services.vision_ingest", "msg": "vision.ingest.task.start | symbol=BTCUSDT | dataset=metrics | day=2025-10-22 | interval=None", "extra": {"taskName": "Task-2"}}
{"ts": "2025-10-26T14:29:19.273153+00:00", "level": "INFO", "name": "httpx", "msg": "HTTP Request: GET https://data.binance.vision/data/futures/um/daily/metrics/BTCUSDT/BTCUSDT-metrics-2025-10-22.zip \"HTTP/1.1 200 OK\"", "extra": {"taskName": "Task-2"}}
{"ts": "2025-10-26T14:29:19.300753+00:00", "level": "INFO", "name": "src.services.vision_ingest", "msg": "vision.ingest.task.complete | symbol=BTCUSDT | dataset=metrics | day=2025-10-22 | interval=None | records=288 | inserted=288", "extra": {"taskName": "Task-2"}}
{"ts": "2025-10-26T14:29:19.300924+00:00", "level": "INFO", "name": "src.services.vision_ingest", "msg": "vision.ingest.task.start | symbol=BTCUSDT | dataset=openInterest | day=2025-10-22 | interval=None", "extra": {"taskName": "Task-2"}}
{"ts": "2025-10-26T14:29:20.016616+00:00", "level": "INFO", "name": "httpx", "msg": "HTTP Request: GET https://data.binance.vision/data/futures/um/daily/openInterest/BTCUSDT/BTCUSDT-openInterest-2025-10-22.zip \"HTTP/1.1 404 Not Found\"", "extra": {"taskName": "Task-2"}}
{"ts": "2025-10-26T14:29:20.017035+00:00", "level": "WARNING", "name": "src.services.vision_ingest", "msg": "vision.ingest.task.missing | symbol=BTCUSDT | dataset=openInterest | day=2025-10-22 | interval=None", "extra": {"taskName": "Task-2"}}
{"ts": "2025-10-26T14:29:20.017128+00:00", "level": "INFO", "name": "src.services.vision_ingest", "msg": "vision.ingest.task.start | symbol=BTCUSDT | dataset=fundingRate | day=2025-10-22 | interval=None", "extra": {"taskName": "Task-2"}}
{"ts": "2025-10-26T14:29:20.726905+00:00", "level": "INFO", "name": "httpx", "msg": "HTTP Request: GET https://data.binance.vision/data/futures/um/daily/fundingRate/BTCUSDT/BTCUSDT-fundingRate-2025-10-22.zip \"HTTP/1.1 404 Not Found\"", "extra": {"taskName": "Task-2"}}
{"ts": "2025-10-26T14:29:20.727384+00:00", "level": "WARNING", "name": "src.services.vision_ingest", "msg": "vision.ingest.task.missing | symbol=BTCUSDT | dataset=fundingRate | day=2025-10-22 | interval=None", "extra": {"taskName": "Task-2"}}
{"ts": "2025-10-26T14:29:20.727513+00:00", "level": "INFO", "name": "src.services.vision_ingest", "msg": "vision.ingest.task.start | symbol=BTCUSDT | dataset=liquidationOrders | day=2025-10-22 | interval=None", "extra": {"taskName": "Task-2"}}
{"ts": "2025-10-26T14:29:21.438504+00:00", "level": "INFO", "name": "httpx", "msg": "HTTP Request: GET https://data.binance.vision/data/futures/um/daily/liquidationOrders/BTCUSDT/BTCUSDT-liquidationOrders-2025-10-22.zip \"HTTP/1.1 404 Not Found\"", "extra": {"taskName": "Task-2"}}
{"ts": "2025-10-26T14:29:21.438957+00:00", "level": "WARNING", "name": "src.services.vision_ingest", "msg": "vision.ingest.task.missing | symbol=BTCUSDT | dataset=liquidationOrders | day=2025-10-22 | interval=None", "extra": {"taskName": "Task-2"}}
{"ts": "2025-10-26T14:29:21.439049+00:00", "level": "INFO", "name": "src.services.vision_ingest", "msg": "vision.ingest.task.start | symbol=BTCUSDT | dataset=aggTrades | day=2025-10-23 | interval=None", "extra": {"taskName": "Task-2"}}
{"ts": "2025-10-26T14:29:22.170356+00:00", "level": "INFO", "name": "httpx", "msg": "HTTP Request: GET https://data.binance.vision/data/futures/um/daily/aggTrades/BTCUSDT/BTCUSDT-aggTrades-2025-10-23.zip \"HTTP/1.1 200 OK\"", "extra": {"taskName": "Task-2"}}
{"ts": "2025-10-26T14:29:32.622316+00:00", "level": "INFO", "name": "src.services.vision_ingest", "msg": "vision.ingest.task.complete | symbol=BTCUSDT | dataset=aggTrades | day=2025-10-23 | interval=None | records=1637139 | inserted=0", "extra": {"taskName": "Task-2"}}
{"ts": "2025-10-26T14:29:32.832635+00:00", "level": "INFO", "name": "src.services.vision_ingest", "msg": "vision.ingest.task.start | symbol=BTCUSDT | dataset=bookDepth | day=2025-10-23 | interval=None", "extra": {"taskName": "Task-2"}}
{"ts": "2025-10-26T14:29:33.623030+00:00", "level": "INFO", "name": "httpx", "msg": "HTTP Request: GET https://data.binance.vision/data/futures/um/daily/bookDepth/BTCUSDT/BTCUSDT-bookDepth-2025-10-23.zip \"HTTP/1.1 200 OK\"", "extra": {"taskName": "Task-2"}}
{"ts": "2025-10-26T14:29:34.796975+00:00", "level": "INFO", "name": "src.services.vision_ingest", "msg": "vision.ingest.task.complete | symbol=BTCUSDT | dataset=bookDepth | day=2025-10-23 | interval=None | records=2775 | inserted=2775", "extra": {"taskName": "Task-2"}}
{"ts": "2025-10-26T14:29:34.800520+00:00", "level": "INFO", "name": "src.services.vision_ingest", "msg": "vision.ingest.task.start | symbol=BTCUSDT | dataset=klines | day=2025-10-23 | interval=1m", "extra": {"taskName": "Task-2"}}
{"ts": "2025-10-26T14:29:35.525631+00:00", "level": "INFO", "name": "httpx", "msg": "HTTP Request: GET https://data.binance.vision/data/futures/um/daily/klines/BTCUSDT/1m/BTCUSDT-1m-2025-10-23.zip \"HTTP/1.1 200 OK\"", "extra": {"taskName": "Task-2"}}
{"ts": "2025-10-26T14:29:36.012215+00:00", "level": "INFO", "name": "src.services.ohlc_sanitizer", "msg": "Sanitised candles", "extra": {"taskName": "Task-2", "stage": "vision.klines.seed", "input_count": 1440, "output_count": 1440, "invalid_ts": 0, "invalid_ohlc": 0, "earliest_ms": 1761177600000, "latest_ms": 1761263940000}}
{"ts": "2025-10-26T14:29:36.029331+00:00", "level": "INFO", "name": "src.services.vision_ingest", "msg": "vision.ingest.task.complete | symbol=BTCUSDT | dataset=klines | day=2025-10-23 | interval=1m | records=1440 | inserted=1440", "extra": {"taskName": "Task-2"}}
{"ts": "2025-10-26T14:29:36.029607+00:00", "level": "INFO", "name": "src.services.vision_ingest", "msg": "vision.ingest.task.start | symbol=BTCUSDT | dataset=klines | day=2025-10-23 | interval=3m", "extra": {"taskName": "Task-2"}}
{"ts": "2025-10-26T14:29:36.288211+00:00", "level": "INFO", "name": "httpx", "msg": "HTTP Request: GET https://data.binance.vision/data/futures/um/daily/klines/BTCUSDT/3m/BTCUSDT-3m-2025-10-23.zip \"HTTP/1.1 200 OK\"", "extra": {"taskName": "Task-2"}}
{"ts": "2025-10-26T14:29:36.306766+00:00", "level": "INFO", "name": "src.services.vision_ingest", "msg": "vision.ingest.task.complete | symbol=BTCUSDT | dataset=klines | day=2025-10-23 | interval=3m | records=480 | inserted=480", "extra": {"taskName": "Task-2"}}
{"ts": "2025-10-26T14:29:36.307014+00:00", "level": "INFO", "name": "src.services.vision_ingest", "msg": "vision.ingest.task.start | symbol=BTCUSDT | dataset=klines | day=2025-10-23 | interval=5m", "extra": {"taskName": "Task-2"}}
{"ts": "2025-10-26T14:29:37.028693+00:00", "level": "INFO", "name": "httpx", "msg": "HTTP Request: GET https://data.binance.vision/data/futures/um/daily/klines/BTCUSDT/5m/BTCUSDT-5m-2025-10-23.zip \"HTTP/1.1 200 OK\"", "extra": {"taskName": "Task-2"}}
{"ts": "2025-10-26T14:29:37.044846+00:00", "level": "INFO", "name": "src.services.vision_ingest", "msg": "vision.ingest.task.complete | symbol=BTCUSDT | dataset=klines | day=2025-10-23 | interval=5m | records=288 | inserted=288", "extra": {"taskName": "Task-2"}}
{"ts": "2025-10-26T14:29:37.045046+00:00", "level": "INFO", "name": "src.services.vision_ingest", "msg": "vision.ingest.task.start | symbol=BTCUSDT | dataset=klines | day=2025-10-23 | interval=15m", "extra": {"taskName": "Task-2"}}
{"ts": "2025-10-26T14:29:37.304748+00:00", "level": "INFO", "name": "httpx", "msg": "HTTP Request: GET https://data.binance.vision/data/futures/um/daily/klines/BTCUSDT/15m/BTCUSDT-15m-2025-10-23.zip \"HTTP/1.1 200 OK\"", "extra": {"taskName": "Task-2"}}
{"ts": "2025-10-26T14:29:37.319585+00:00", "level": "INFO", "name": "src.services.vision_ingest", "msg": "vision.ingest.task.complete | symbol=BTCUSDT | dataset=klines | day=2025-10-23 | interval=15m | records=96 | inserted=96", "extra": {"taskName": "Task-2"}}
{"ts": "2025-10-26T14:29:37.319701+00:00", "level": "INFO", "name": "src.services.vision_ingest", "msg": "vision.ingest.task.start | symbol=BTCUSDT | dataset=klines | day=2025-10-23 | interval=1h", "extra": {"taskName": "Task-2"}}
{"ts": "2025-10-26T14:29:38.041647+00:00", "level": "INFO", "name": "httpx", "msg": "HTTP Request: GET https://data.binance.vision/data/futures/um/daily/klines/BTCUSDT/1h/BTCUSDT-1h-2025-10-23.zip \"HTTP/1.1 200 OK\"", "extra": {"taskName": "Task-2"}}
{"ts": "2025-10-26T14:29:38.055930+00:00", "level": "INFO", "name": "src.services.vision_ingest", "msg": "vision.ingest.task.complete | symbol=BTCUSDT | dataset=klines | day=2025-10-23 | interval=1h | records=24 | inserted=24", "extra": {"taskName": "Task-2"}}
{"ts": "2025-10-26T14:29:38.056038+00:00", "level": "INFO", "name": "src.services.vision_ingest", "msg": "vision.ingest.task.start | symbol=BTCUSDT | dataset=klines | day=2025-10-23 | interval=4h", "extra": {"taskName": "Task-2"}}
{"ts": "2025-10-26T14:29:38.777971+00:00", "level": "INFO", "name": "httpx", "msg": "HTTP Request: GET https://data.binance.vision/data/futures/um/daily/klines/BTCUSDT/4h/BTCUSDT-4h-2025-10-23.zip \"HTTP/1.1 200 OK\"", "extra": {"taskName": "Task-2"}}
{"ts": "2025-10-26T14:29:38.792255+00:00", "level": "INFO", "name": "src.services.vision_ingest", "msg": "vision.ingest.task.complete | symbol=BTCUSDT | dataset=klines | day=2025-10-23 | interval=4h | records=6 | inserted=6", "extra": {"taskName": "Task-2"}}
{"ts": "2025-10-26T14:29:38.792379+00:00", "level": "INFO", "name": "src.services.vision_ingest", "msg": "vision.ingest.task.start | symbol=BTCUSDT | dataset=klines | day=2025-10-23 | interval=1d", "extra": {"taskName": "Task-2"}}
{"ts": "2025-10-26T14:29:39.051316+00:00", "level": "INFO", "name": "httpx", "msg": "HTTP Request: GET https://data.binance.vision/data/futures/um/daily/klines/BTCUSDT/1d/BTCUSDT-1d-2025-10-23.zip \"HTTP/1.1 200 OK\"", "extra": {"taskName": "Task-2"}}
{"ts": "2025-10-26T14:29:39.057227+00:00", "level": "INFO", "name": "src.services.vision_ingest", "msg": "vision.ingest.task.complete | symbol=BTCUSDT | dataset=klines | day=2025-10-23 | interval=1d | records=1 | inserted=1", "extra": {"taskName": "Task-2"}}
{"ts": "2025-10-26T14:29:39.057323+00:00", "level": "INFO", "name": "src.services.vision_ingest", "msg": "vision.ingest.task.start | symbol=BTCUSDT | dataset=metrics | day=2025-10-23 | interval=None", "extra": {"taskName": "Task-2"}}
{"ts": "2025-10-26T14:29:39.784601+00:00", "level": "INFO", "name": "httpx", "msg": "HTTP Request: GET https://data.binance.vision/data/futures/um/daily/metrics/BTCUSDT/BTCUSDT-metrics-2025-10-23.zip \"HTTP/1.1 200 OK\"", "extra": {"taskName": "Task-2"}}
{"ts": "2025-10-26T14:29:39.811190+00:00", "level": "INFO", "name": "src.services.vision_ingest", "msg": "vision.ingest.task.complete | symbol=BTCUSDT | dataset=metrics | day=2025-10-23 | interval=None | records=288 | inserted=288", "extra": {"taskName": "Task-2"}}
{"ts": "2025-10-26T14:29:39.811333+00:00", "level": "INFO", "name": "src.services.vision_ingest", "msg": "vision.ingest.task.start | symbol=BTCUSDT | dataset=openInterest | day=2025-10-23 | interval=None", "extra": {"taskName": "Task-2"}}
{"ts": "2025-10-26T14:29:40.516337+00:00", "level": "INFO", "name": "httpx", "msg": "HTTP Request: GET https://data.binance.vision/data/futures/um/daily/openInterest/BTCUSDT/BTCUSDT-openInterest-2025-10-23.zip \"HTTP/1.1 404 Not Found\"", "extra": {"taskName": "Task-2"}}
{"ts": "2025-10-26T14:29:40.516854+00:00", "level": "WARNING", "name": "src.services.vision_ingest", "msg": "vision.ingest.task.missing | symbol=BTCUSDT | dataset=openInterest | day=2025-10-23 | interval=None", "extra": {"taskName": "Task-2"}}
{"ts": "2025-10-26T14:29:40.516963+00:00", "level": "INFO", "name": "src.services.vision_ingest", "msg": "vision.ingest.task.start | symbol=BTCUSDT | dataset=fundingRate | day=2025-10-23 | interval=None", "extra": {"taskName": "Task-2"}}
{"ts": "2025-10-26T14:29:41.225532+00:00", "level": "INFO", "name": "httpx", "msg": "HTTP Request: GET https://data.binance.vision/data/futures/um/daily/fundingRate/BTCUSDT/BTCUSDT-fundingRate-2025-10-23.zip \"HTTP/1.1 404 Not Found\"", "extra": {"taskName": "Task-2"}}
{"ts": "2025-10-26T14:29:41.225940+00:00", "level": "WARNING", "name": "src.services.vision_ingest", "msg": "vision.ingest.task.missing | symbol=BTCUSDT | dataset=fundingRate | day=2025-10-23 | interval=None", "extra": {"taskName": "Task-2"}}
{"ts": "2025-10-26T14:29:41.226019+00:00", "level": "INFO", "name": "src.services.vision_ingest", "msg": "vision.ingest.task.start | symbol=BTCUSDT | dataset=liquidationOrders | day=2025-10-23 | interval=None", "extra": {"taskName": "Task-2"}}
{"ts": "2025-10-26T14:29:41.939573+00:00", "level": "INFO", "name": "httpx", "msg": "HTTP Request: GET https://data.binance.vision/data/futures/um/daily/liquidationOrders/BTCUSDT/BTCUSDT-liquidationOrders-2025-10-23.zip \"HTTP/1.1 404 Not Found\"", "extra": {"taskName": "Task-2"}}
{"ts": "2025-10-26T14:29:41.940046+00:00", "level": "WARNING", "name": "src.services.vision_ingest", "msg": "vision.ingest.task.missing | symbol=BTCUSDT | dataset=liquidationOrders | day=2025-10-23 | interval=None", "extra": {"taskName": "Task-2"}}
{"ts": "2025-10-26T14:29:41.940127+00:00", "level": "INFO", "name": "src.services.vision_ingest", "msg": "vision.ingest.task.start | symbol=BTCUSDT | dataset=aggTrades | day=2025-10-24 | interval=None", "extra": {"taskName": "Task-2"}}
{"ts": "2025-10-26T14:29:42.685380+00:00", "level": "INFO", "name": "httpx", "msg": "HTTP Request: GET https://data.binance.vision/data/futures/um/daily/aggTrades/BTCUSDT/BTCUSDT-aggTrades-2025-10-24.zip \"HTTP/1.1 200 OK\"", "extra": {"taskName": "Task-2"}}
{"ts": "2025-10-26T14:29:51.496713+00:00", "level": "INFO", "name": "src.services.vision_ingest", "msg": "vision.ingest.task.complete | symbol=BTCUSDT | dataset=aggTrades | day=2025-10-24 | interval=None | records=1403490 | inserted=0", "extra": {"taskName": "Task-2"}}
{"ts": "2025-10-26T14:29:51.672704+00:00", "level": "INFO", "name": "src.services.vision_ingest", "msg": "vision.ingest.task.start | symbol=BTCUSDT | dataset=bookDepth | day=2025-10-24 | interval=None", "extra": {"taskName": "Task-2"}}
{"ts": "2025-10-26T14:29:52.436922+00:00", "level": "INFO", "name": "httpx", "msg": "HTTP Request: GET https://data.binance.vision/data/futures/um/daily/bookDepth/BTCUSDT/BTCUSDT-bookDepth-2025-10-24.zip \"HTTP/1.1 200 OK\"", "extra": {"taskName": "Task-2"}}
{"ts": "2025-10-26T14:29:53.620932+00:00", "level": "INFO", "name": "src.services.vision_ingest", "msg": "vision.ingest.task.complete | symbol=BTCUSDT | dataset=bookDepth | day=2025-10-24 | interval=None | records=2754 | inserted=2754", "extra": {"taskName": "Task-2"}}
{"ts": "2025-10-26T14:29:53.623825+00:00", "level": "INFO", "name": "src.services.vision_ingest", "msg": "vision.ingest.task.start | symbol=BTCUSDT | dataset=klines | day=2025-10-24 | interval=1m", "extra": {"taskName": "Task-2"}}
{"ts": "2025-10-26T14:29:54.340991+00:00", "level": "INFO", "name": "httpx", "msg": "HTTP Request: GET https://data.binance.vision/data/futures/um/daily/klines/BTCUSDT/1m/BTCUSDT-1m-2025-10-24.zip \"HTTP/1.1 200 OK\"", "extra": {"taskName": "Task-2"}}
{"ts": "2025-10-26T14:29:54.595358+00:00", "level": "INFO", "name": "src.services.ohlc_sanitizer", "msg": "Sanitised candles", "extra": {"taskName": "Task-2", "stage": "vision.klines.seed", "input_count": 1440, "output_count": 1440, "invalid_ts": 0, "invalid_ohlc": 0, "earliest_ms": 1761264000000, "latest_ms": 1761350340000}}
{"ts": "2025-10-26T14:29:54.610472+00:00", "level": "INFO", "name": "src.services.vision_ingest", "msg": "vision.ingest.task.complete | symbol=BTCUSDT | dataset=klines | day=2025-10-24 | interval=1m | records=1440 | inserted=1440", "extra": {"taskName": "Task-2"}}
{"ts": "2025-10-26T14:29:54.610744+00:00", "level": "INFO", "name": "src.services.vision_ingest", "msg": "vision.ingest.task.start | symbol=BTCUSDT | dataset=klines | day=2025-10-24 | interval=3m", "extra": {"taskName": "Task-2"}}
{"ts": "2025-10-26T14:29:55.325614+00:00", "level": "INFO", "name": "httpx", "msg": "HTTP Request: GET https://data.binance.vision/data/futures/um/daily/klines/BTCUSDT/3m/BTCUSDT-3m-2025-10-24.zip \"HTTP/1.1 200 OK\"", "extra": {"taskName": "Task-2"}}
{"ts": "2025-10-26T14:29:55.351391+00:00", "level": "INFO", "name": "src.services.vision_ingest", "msg": "vision.ingest.task.complete | symbol=BTCUSDT | dataset=klines | day=2025-10-24 | interval=3m | records=480 | inserted=480", "extra": {"taskName": "Task-2"}}
{"ts": "2025-10-26T14:29:55.351617+00:00", "level": "INFO", "name": "src.services.vision_ingest", "msg": "vision.ingest.task.start | symbol=BTCUSDT | dataset=klines | day=2025-10-24 | interval=5m", "extra": {"taskName": "Task-2"}}
{"ts": "2025-10-26T14:29:56.080376+00:00", "level": "INFO", "name": "httpx", "msg": "HTTP Request: GET https://data.binance.vision/data/futures/um/daily/klines/BTCUSDT/5m/BTCUSDT-5m-2025-10-24.zip \"HTTP/1.1 200 OK\"", "extra": {"taskName": "Task-2"}}
{"ts": "2025-10-26T14:29:56.097450+00:00", "level": "INFO", "name": "src.services.vision_ingest", "msg": "vision.ingest.task.complete | symbol=BTCUSDT | dataset=klines | day=2025-10-24 | interval=5m | records=288 | inserted=288", "extra": {"taskName": "Task-2"}}
{"ts": "2025-10-26T14:29:56.097629+00:00", "level": "INFO", "name": "src.services.vision_ingest", "msg": "vision.ingest.task.start | symbol=BTCUSDT | dataset=klines | day=2025-10-24 | interval=15m", "extra": {"taskName": "Task-2"}}
{"ts": "2025-10-26T14:29:56.815365+00:00", "level": "INFO", "name": "httpx", "msg": "HTTP Request: GET https://data.binance.vision/data/futures/um/daily/klines/BTCUSDT/15m/BTCUSDT-15m-2025-10-24.zip \"HTTP/1.1 200 OK\"", "extra": {"taskName": "Task-2"}}
{"ts": "2025-10-26T14:29:56.822121+00:00", "level": "INFO", "name": "src.services.vision_ingest", "msg": "vision.ingest.task.complete | symbol=BTCUSDT | dataset=klines | day=2025-10-24 | interval=15m | records=96 | inserted=96", "extra": {"taskName": "Task-2"}}
{"ts": "2025-10-26T14:29:56.822248+00:00", "level": "INFO", "name": "src.services.vision_ingest", "msg": "vision.ingest.task.start | symbol=BTCUSDT | dataset=klines | day=2025-10-24 | interval=1h", "extra": {"taskName": "Task-2"}}
{"ts": "2025-10-26T14:29:57.542301+00:00", "level": "INFO", "name": "httpx", "msg": "HTTP Request: GET https://data.binance.vision/data/futures/um/daily/klines/BTCUSDT/1h/BTCUSDT-1h-2025-10-24.zip \"HTTP/1.1 200 OK\"", "extra": {"taskName": "Task-2"}}
{"ts": "2025-10-26T14:29:57.548033+00:00", "level": "INFO", "name": "src.services.vision_ingest", "msg": "vision.ingest.task.complete | symbol=BTCUSDT | dataset=klines | day=2025-10-24 | interval=1h | records=24 | inserted=24", "extra": {"taskName": "Task-2"}}
{"ts": "2025-10-26T14:29:57.548155+00:00", "level": "INFO", "name": "src.services.vision_ingest", "msg": "vision.ingest.task.start | symbol=BTCUSDT | dataset=klines | day=2025-10-24 | interval=4h", "extra": {"taskName": "Task-2"}}
{"ts": "2025-10-26T14:29:58.284880+00:00", "level": "INFO", "name": "httpx", "msg": "HTTP Request: GET https://data.binance.vision/data/futures/um/daily/klines/BTCUSDT/4h/BTCUSDT-4h-2025-10-24.zip \"HTTP/1.1 200 OK\"", "extra": {"taskName": "Task-2"}}
{"ts": "2025-10-26T14:29:58.299165+00:00", "level": "INFO", "name": "src.services.vision_ingest", "msg": "vision.ingest.task.complete | symbol=BTCUSDT | dataset=klines | day=2025-10-24 | interval=4h | records=6 | inserted=6", "extra": {"taskName": "Task-2"}}
{"ts": "2025-10-26T14:29:58.299309+00:00", "level": "INFO", "name": "src.services.vision_ingest", "msg": "vision.ingest.task.start | symbol=BTCUSDT | dataset=klines | day=2025-10-24 | interval=1d", "extra": {"taskName": "Task-2"}}
{"ts": "2025-10-26T14:29:59.026999+00:00", "level": "INFO", "name": "httpx", "msg": "HTTP Request: GET https://data.binance.vision/data/futures/um/daily/klines/BTCUSDT/1d/BTCUSDT-1d-2025-10-24.zip \"HTTP/1.1 200 OK\"", "extra": {"taskName": "Task-2"}}
{"ts": "2025-10-26T14:29:59.032705+00:00", "level": "INFO", "name": "src.services.vision_ingest", "msg": "vision.ingest.task.complete | symbol=BTCUSDT | dataset=klines | day=2025-10-24 | interval=1d | records=1 | inserted=1", "extra": {"taskName": "Task-2"}}
{"ts": "2025-10-26T14:29:59.032797+00:00", "level": "INFO", "name": "src.services.vision_ingest", "msg": "vision.ingest.task.start | symbol=BTCUSDT | dataset=metrics | day=2025-10-24 | interval=None", "extra": {"taskName": "Task-2"}}
{"ts": "2025-10-26T14:29:59.747618+00:00", "level": "INFO", "name": "httpx", "msg": "HTTP Request: GET https://data.binance.vision/data/futures/um/daily/metrics/BTCUSDT/BTCUSDT-metrics-2025-10-24.zip \"HTTP/1.1 200 OK\"", "extra": {"taskName": "Task-2"}}
{"ts": "2025-10-26T14:29:59.764638+00:00", "level": "INFO", "name": "src.services.vision_ingest", "msg": "vision.ingest.task.complete | symbol=BTCUSDT | dataset=metrics | day=2025-10-24 | interval=None | records=288 | inserted=288", "extra": {"taskName": "Task-2"}}
{"ts": "2025-10-26T14:29:59.764787+00:00", "level": "INFO", "name": "src.services.vision_ingest", "msg": "vision.ingest.task.start | symbol=BTCUSDT | dataset=openInterest | day=2025-10-24 | interval=None", "extra": {"taskName": "Task-2"}}
{"ts": "2025-10-26T14:30:00.482043+00:00", "level": "INFO", "name": "httpx", "msg": "HTTP Request: GET https://data.binance.vision/data/futures/um/daily/openInterest/BTCUSDT/BTCUSDT-openInterest-2025-10-24.zip \"HTTP/1.1 404 Not Found\"", "extra": {"taskName": "Task-2"}}
{"ts": "2025-10-26T14:30:00.482531+00:00", "level": "WARNING", "name": "src.services.vision_ingest", "msg": "vision.ingest.task.missing | symbol=BTCUSDT | dataset=openInterest | day=2025-10-24 | interval=None", "extra": {"taskName": "Task-2"}}
{"ts": "2025-10-26T14:30:00.482615+00:00", "level": "INFO", "name": "src.services.vision_ingest", "msg": "vision.ingest.task.start | symbol=BTCUSDT | dataset=fundingRate | day=2025-10-24 | interval=None", "extra": {"taskName": "Task-2"}}
{"ts": "2025-10-26T14:30:01.191325+00:00", "level": "INFO", "name": "httpx", "msg": "HTTP Request: GET https://data.binance.vision/data/futures/um/daily/fundingRate/BTCUSDT/BTCUSDT-fundingRate-2025-10-24.zip \"HTTP/1.1 404 Not Found\"", "extra": {"taskName": "Task-2"}}
{"ts": "2025-10-26T14:30:01.191836+00:00", "level": "WARNING", "name": "src.services.vision_ingest", "msg": "vision.ingest.task.missing | symbol=BTCUSDT | dataset=fundingRate | day=2025-10-24 | interval=None", "extra": {"taskName": "Task-2"}}
{"ts": "2025-10-26T14:30:01.191919+00:00", "level": "INFO", "name": "src.services.vision_ingest", "msg": "vision.ingest.task.start | symbol=BTCUSDT | dataset=liquidationOrders | day=2025-10-24 | interval=None", "extra": {"taskName": "Task-2"}}
{"ts": "2025-10-26T14:30:01.901743+00:00", "level": "INFO", "name": "httpx", "msg": "HTTP Request: GET https://data.binance.vision/data/futures/um/daily/liquidationOrders/BTCUSDT/BTCUSDT-liquidationOrders-2025-10-24.zip \"HTTP/1.1 404 Not Found\"", "extra": {"taskName": "Task-2"}}
{"ts": "2025-10-26T14:30:01.902263+00:00", "level": "WARNING", "name": "src.services.vision_ingest", "msg": "vision.ingest.task.missing | symbol=BTCUSDT | dataset=liquidationOrders | day=2025-10-24 | interval=None", "extra": {"taskName": "Task-2"}}
{"ts": "2025-10-26T14:30:01.902368+00:00", "level": "INFO", "name": "src.services.vision_ingest", "msg": "vision.ingest.task.start | symbol=BTCUSDT | dataset=aggTrades | day=2025-10-25 | interval=None", "extra": {"taskName": "Task-2"}}
{"ts": "2025-10-26T14:30:02.662117+00:00", "level": "INFO", "name": "httpx", "msg": "HTTP Request: GET https://data.binance.vision/data/futures/um/daily/aggTrades/BTCUSDT/BTCUSDT-aggTrades-2025-10-25.zip \"HTTP/1.1 200 OK\"", "extra": {"taskName": "Task-2"}}
{"ts": "2025-10-26T14:30:07.202177+00:00", "level": "INFO", "name": "src.services.vision_ingest", "msg": "vision.ingest.task.complete | symbol=BTCUSDT | dataset=aggTrades | day=2025-10-25 | interval=None | records=532599 | inserted=532599", "extra": {"taskName": "Task-2"}}
{"ts": "2025-10-26T14:30:07.266886+00:00", "level": "INFO", "name": "src.services.vision_ingest", "msg": "vision.ingest.task.start | symbol=BTCUSDT | dataset=bookDepth | day=2025-10-25 | interval=None", "extra": {"taskName": "Task-2"}}
{"ts": "2025-10-26T14:30:08.013607+00:00", "level": "INFO", "name": "httpx", "msg": "HTTP Request: GET https://data.binance.vision/data/futures/um/daily/bookDepth/BTCUSDT/BTCUSDT-bookDepth-2025-10-25.zip \"HTTP/1.1 200 OK\"", "extra": {"taskName": "Task-2"}}
{"ts": "2025-10-26T14:30:09.206540+00:00", "level": "INFO", "name": "src.services.vision_ingest", "msg": "vision.ingest.task.complete | symbol=BTCUSDT | dataset=bookDepth | day=2025-10-25 | interval=None | records=2774 | inserted=2774", "extra": {"taskName": "Task-2"}}
{"ts": "2025-10-26T14:30:09.209330+00:00", "level": "INFO", "name": "src.services.vision_ingest", "msg": "vision.ingest.task.start | symbol=BTCUSDT | dataset=klines | day=2025-10-25 | interval=1m", "extra": {"taskName": "Task-2"}}
{"ts": "2025-10-26T14:30:09.931923+00:00", "level": "INFO", "name": "httpx", "msg": "HTTP Request: GET https://data.binance.vision/data/futures/um/daily/klines/BTCUSDT/1m/BTCUSDT-1m-2025-10-25.zip \"HTTP/1.1 200 OK\"", "extra": {"taskName": "Task-2"}}
{"ts": "2025-10-26T14:30:10.219095+00:00", "level": "INFO", "name": "src.services.ohlc_sanitizer", "msg": "Sanitised candles", "extra": {"taskName": "Task-2", "stage": "vision.klines.seed", "input_count": 1440, "output_count": 1440, "invalid_ts": 0, "invalid_ohlc": 0, "earliest_ms": 1761350400000, "latest_ms": 1761436740000}}
{"ts": "2025-10-26T14:30:10.232998+00:00", "level": "INFO", "name": "src.services.vision_ingest", "msg": "vision.ingest.task.complete | symbol=BTCUSDT | dataset=klines | day=2025-10-25 | interval=1m | records=1440 | inserted=1440", "extra": {"taskName": "Task-2"}}
{"ts": "2025-10-26T14:30:10.233293+00:00", "level": "INFO", "name": "src.services.vision_ingest", "msg": "vision.ingest.task.start | symbol=BTCUSDT | dataset=klines | day=2025-10-25 | interval=3m", "extra": {"taskName": "Task-2"}}
{"ts": "2025-10-26T14:30:10.986271+00:00", "level": "INFO", "name": "httpx", "msg": "HTTP Request: GET https://data.binance.vision/data/futures/um/daily/klines/BTCUSDT/3m/BTCUSDT-3m-2025-10-25.zip \"HTTP/1.1 200 OK\"", "extra": {"taskName": "Task-2"}}
{"ts": "2025-10-26T14:30:11.019508+00:00", "level": "INFO", "name": "src.services.vision_ingest", "msg": "vision.ingest.task.complete | symbol=BTCUSDT | dataset=klines | day=2025-10-25 | interval=3m | records=480 | inserted=480", "extra": {"taskName": "Task-2"}}
{"ts": "2025-10-26T14:30:11.019715+00:00", "level": "INFO", "name": "src.services.vision_ingest", "msg": "vision.ingest.task.start | symbol=BTCUSDT | dataset=klines | day=2025-10-25 | interval=5m", "extra": {"taskName": "Task-2"}}
{"ts": "2025-10-26T14:30:11.736864+00:00", "level": "INFO", "name": "httpx", "msg": "HTTP Request: GET https://data.binance.vision/data/futures/um/daily/klines/BTCUSDT/5m/BTCUSDT-5m-2025-10-25.zip \"HTTP/1.1 200 OK\"", "extra": {"taskName": "Task-2"}}
{"ts": "2025-10-26T14:30:11.757487+00:00", "level": "INFO", "name": "src.services.vision_ingest", "msg": "vision.ingest.task.complete | symbol=BTCUSDT | dataset=klines | day=2025-10-25 | interval=5m | records=288 | inserted=288", "extra": {"taskName": "Task-2"}}
{"ts": "2025-10-26T14:30:11.757642+00:00", "level": "INFO", "name": "src.services.vision_ingest", "msg": "vision.ingest.task.start | symbol=BTCUSDT | dataset=klines | day=2025-10-25 | interval=15m", "extra": {"taskName": "Task-2"}}
{"ts": "2025-10-26T14:30:12.474517+00:00", "level": "INFO", "name": "httpx", "msg": "HTTP Request: GET https://data.binance.vision/data/futures/um/daily/klines/BTCUSDT/15m/BTCUSDT-15m-2025-10-25.zip \"HTTP/1.1 200 OK\"", "extra": {"taskName": "Task-2"}}
{"ts": "2025-10-26T14:30:12.493619+00:00", "level": "INFO", "name": "src.services.vision_ingest", "msg": "vision.ingest.task.complete | symbol=BTCUSDT | dataset=klines | day=2025-10-25 | interval=15m | records=96 | inserted=96", "extra": {"taskName": "Task-2"}}
{"ts": "2025-10-26T14:30:12.493757+00:00", "level": "INFO", "name": "src.services.vision_ingest", "msg": "vision.ingest.task.start | symbol=BTCUSDT | dataset=klines | day=2025-10-25 | interval=1h", "extra": {"taskName": "Task-2"}}
{"ts": "2025-10-26T14:30:13.213262+00:00", "level": "INFO", "name": "httpx", "msg": "HTTP Request: GET https://data.binance.vision/data/futures/um/daily/klines/BTCUSDT/1h/BTCUSDT-1h-2025-10-25.zip \"HTTP/1.1 200 OK\"", "extra": {"taskName": "Task-2"}}
{"ts": "2025-10-26T14:30:13.223649+00:00", "level": "INFO", "name": "src.services.vision_ingest", "msg": "vision.ingest.task.complete | symbol=BTCUSDT | dataset=klines | day=2025-10-25 | interval=1h | records=24 | inserted=24", "extra": {"taskName": "Task-2"}}
{"ts": "2025-10-26T14:30:13.223780+00:00", "level": "INFO", "name": "src.services.vision_ingest", "msg": "vision.ingest.task.start | symbol=BTCUSDT | dataset=klines | day=2025-10-25 | interval=4h", "extra": {"taskName": "Task-2"}}
{"ts": "2025-10-26T14:30:13.948249+00:00", "level": "INFO", "name": "httpx", "msg": "HTTP Request: GET https://data.binance.vision/data/futures/um/daily/klines/BTCUSDT/4h/BTCUSDT-4h-2025-10-25.zip \"HTTP/1.1 200 OK\"", "extra": {"taskName": "Task-2"}}
{"ts": "2025-10-26T14:30:13.958959+00:00", "level": "INFO", "name": "src.services.vision_ingest", "msg": "vision.ingest.task.complete | symbol=BTCUSDT | dataset=klines | day=2025-10-25 | interval=4h | records=6 | inserted=6", "extra": {"taskName": "Task-2"}}
{"ts": "2025-10-26T14:30:13.959064+00:00", "level": "INFO", "name": "src.services.vision_ingest", "msg": "vision.ingest.task.start | symbol=BTCUSDT | dataset=klines | day=2025-10-25 | interval=1d", "extra": {"taskName": "Task-2"}}
{"ts": "2025-10-26T14:30:14.678358+00:00", "level": "INFO", "name": "httpx", "msg": "HTTP Request: GET https://data.binance.vision/data/futures/um/daily/klines/BTCUSDT/1d/BTCUSDT-1d-2025-10-25.zip \"HTTP/1.1 200 OK\"", "extra": {"taskName": "Task-2"}}
{"ts": "2025-10-26T14:30:14.688767+00:00", "level": "INFO", "name": "src.services.vision_ingest", "msg": "vision.ingest.task.complete | symbol=BTCUSDT | dataset=klines | day=2025-10-25 | interval=1d | records=1 | inserted=1", "extra": {"taskName": "Task-2"}}
{"ts": "2025-10-26T14:30:14.688887+00:00", "level": "INFO", "name": "src.services.vision_ingest", "msg": "vision.ingest.task.start | symbol=BTCUSDT | dataset=metrics | day=2025-10-25 | interval=None", "extra": {"taskName": "Task-2"}}
{"ts": "2025-10-26T14:30:15.405943+00:00", "level": "INFO", "name": "httpx", "msg": "HTTP Request: GET https://data.binance.vision/data/futures/um/daily/metrics/BTCUSDT/BTCUSDT-metrics-2025-10-25.zip \"HTTP/1.1 200 OK\"", "extra": {"taskName": "Task-2"}}
{"ts": "2025-10-26T14:30:15.435332+00:00", "level": "INFO", "name": "src.services.vision_ingest", "msg": "vision.ingest.task.complete | symbol=BTCUSDT | dataset=metrics | day=2025-10-25 | interval=None | records=288 | inserted=288", "extra": {"taskName": "Task-2"}}
{"ts": "2025-10-26T14:30:15.435519+00:00", "level": "INFO", "name": "src.services.vision_ingest", "msg": "vision.ingest.task.start | symbol=BTCUSDT | dataset=openInterest | day=2025-10-25 | interval=None", "extra": {"taskName": "Task-2"}}
{"ts": "2025-10-26T14:30:16.144970+00:00", "level": "INFO", "name": "httpx", "msg": "HTTP Request: GET https://data.binance.vision/data/futures/um/daily/openInterest/BTCUSDT/BTCUSDT-openInterest-2025-10-25.zip \"HTTP/1.1 404 Not Found\"", "extra": {"taskName": "Task-2"}}
{"ts": "2025-10-26T14:30:16.145505+00:00", "level": "WARNING", "name": "src.services.vision_ingest", "msg": "vision.ingest.task.missing | symbol=BTCUSDT | dataset=openInterest | day=2025-10-25 | interval=None", "extra": {"taskName": "Task-2"}}
{"ts": "2025-10-26T14:30:16.145597+00:00", "level": "INFO", "name": "src.services.vision_ingest", "msg": "vision.ingest.task.start | symbol=BTCUSDT | dataset=fundingRate | day=2025-10-25 | interval=None", "extra": {"taskName": "Task-2"}}
{"ts": "2025-10-26T14:30:16.855298+00:00", "level": "INFO", "name": "httpx", "msg": "HTTP Request: GET https://data.binance.vision/data/futures/um/daily/fundingRate/BTCUSDT/BTCUSDT-fundingRate-2025-10-25.zip \"HTTP/1.1 404 Not Found\"", "extra": {"taskName": "Task-2"}}
{"ts": "2025-10-26T14:30:16.856268+00:00", "level": "WARNING", "name": "src.services.vision_ingest", "msg": "vision.ingest.task.missing | symbol=BTCUSDT | dataset=fundingRate | day=2025-10-25 | interval=None", "extra": {"taskName": "Task-2"}}
{"ts": "2025-10-26T14:30:16.856354+00:00", "level": "INFO", "name": "src.services.vision_ingest", "msg": "vision.ingest.task.start | symbol=BTCUSDT | dataset=liquidationOrders | day=2025-10-25 | interval=None", "extra": {"taskName": "Task-2"}}
{"ts": "2025-10-26T14:30:17.575468+00:00", "level": "INFO", "name": "httpx", "msg": "HTTP Request: GET https://data.binance.vision/data/futures/um/daily/liquidationOrders/BTCUSDT/BTCUSDT-liquidationOrders-2025-10-25.zip \"HTTP/1.1 404 Not Found\"", "extra": {"taskName": "Task-2"}}
{"ts": "2025-10-26T14:30:17.576002+00:00", "level": "WARNING", "name": "src.services.vision_ingest", "msg": "vision.ingest.task.missing | symbol=BTCUSDT | dataset=liquidationOrders | day=2025-10-25 | interval=None", "extra": {"taskName": "Task-2"}}
{"ts": "2025-10-26T14:30:17.576175+00:00", "level": "INFO", "name": "src.services.vision_ingest", "msg": "vision.ingest.complete | symbol=BTCUSDT | status=partial | errors=0 | missing=8", "extra": {"taskName": "Task-2"}}
{"ts": "2025-10-26T14:30:17.576389+00:00", "level": "WARNING", "name": "src.services.check_all_datas", "msg": "Time budget exceeded before seeding minute frame", "extra": {"taskName": "Task-2", "stage": "seed_1m_backfill", "symbol": "BTCUSDT"}}
{"ts": "2025-10-26T14:30:17.576471+00:00", "level": "INFO", "name": "src.services.check_all_datas", "msg": "Resolved last price for inspection snapshot", "extra": {"taskName": "Task-2", "source": "ohlcv", "tf": null, "ts": null, "age_sec": null, "insufficient_reason": "missing_live_last_price"}}
{"ts": "2025-10-26T14:30:17.577530+00:00", "level": "INFO", "name": "src.services.check_all_datas", "msg": "pipeline.run.complete | symbol=BTCUSDT | status=insufficient_data", "extra": {"taskName": "Task-2"}}
{"ts": "2025-10-26T14:30:17.631634+00:00", "level": "INFO", "name": "src.services.inspection_cache_service", "msg": "inspection.cache.ensure.stored", "extra": {"taskName": "Task-2", "symbol": "BTCUSDT", "day": "2025-10-24", "minutes_found": 0, "minutes_expected": 1440}}
{"ts": "2025-10-26T14:30:17.631806+00:00", "level": "INFO", "name": "src.services.inspection_cache_service", "msg": "inspection.cache.ensure.collect", "extra": {"taskName": "Task-2", "symbol": "BTCUSDT", "day": "2025-10-25", "window_start_ms": 1761350400000, "window_end_ms": 1761436800000}}
{"ts": "2025-10-26T14:30:17.631921+00:00", "level": "INFO", "name": "src.services.check_all_datas", "msg": "pipeline.run.start | symbol=BTCUSDT | window_hours=24 | hours=None | strict_window=True | network_backfill=True | timeout=600.0", "extra": {"taskName": "Task-2"}}
{"ts": "2025-10-26T14:30:17.632083+00:00", "level": "INFO", "name": "src.services.ohlc_sanitizer", "msg": "Sanitised candles", "extra": {"taskName": "Task-2", "stage": "seed.1m", "input_count": 0, "output_count": 0, "invalid_ts": 0, "invalid_ohlc": 0, "earliest_ms": null, "latest_ms": null}}
{"ts": "2025-10-26T14:30:18.163066+00:00", "level": "INFO", "name": "src.storage.ensure_window", "msg": "ensure_window.rest_summary", "extra": {"taskName": "Task-2", "symbol": "BTCUSDT", "interval": "1m", "minutes_expected": 1440, "minutes_found": 1440, "requests": 2, "coverage_pct": 100.0}}
{"ts": "2025-10-26T14:30:18.166008+00:00", "level": "INFO", "name": "src.services.vision_ingest", "msg": "vision.ingest.start | symbol=BTCUSDT | start_ms=1761177600000 | end_ms=1761436800000 | datasets=['aggTrades', 'bookDepth', 'klines', 'metrics', 'openInterest', 'fundingRate', 'liquidationOrders'] | intervals=('1m', '3m', '5m', '15m', '1h', '4h', '1d') | days=['2025-10-23', '2025-10-24', '2025-10-25']", "extra": {"taskName": "Task-2"}}
{"ts": "2025-10-26T14:30:18.178891+00:00", "level": "INFO", "name": "src.services.vision_ingest", "msg": "vision.ingest.exchange_info.start | symbol=BTCUSDT", "extra": {"taskName": "Task-2"}}
{"ts": "2025-10-26T14:30:18.935753+00:00", "level": "INFO", "name": "httpx", "msg": "HTTP Request: GET https://data.binance.vision/data/exchangeInfo.json \"HTTP/1.1 404 Not Found\"", "extra": {"taskName": "Task-2"}}
{"ts": "2025-10-26T14:30:18.936205+00:00", "level": "WARNING", "name": "src.services.vision_ingest", "msg": "vision.ingest.exchange_info.missing | symbol=BTCUSDT", "extra": {"taskName": "Task-2"}}
{"ts": "2025-10-26T14:30:18.936296+00:00", "level": "INFO", "name": "src.services.vision_ingest", "msg": "vision.ingest.task.start | symbol=BTCUSDT | dataset=aggTrades | day=2025-10-23 | interval=None", "extra": {"taskName": "Task-2"}}
{"ts": "2025-10-26T14:30:19.686588+00:00", "level": "INFO", "name": "httpx", "msg": "HTTP Request: GET https://data.binance.vision/data/futures/um/daily/aggTrades/BTCUSDT/BTCUSDT-aggTrades-2025-10-23.zip \"HTTP/1.1 200 OK\"", "extra": {"taskName": "Task-2"}}
{"ts": "2025-10-26T14:30:30.113909+00:00", "level": "INFO", "name": "src.services.vision_ingest", "msg": "vision.ingest.task.complete | symbol=BTCUSDT | dataset=aggTrades | day=2025-10-23 | interval=None | records=1637139 | inserted=0", "extra": {"taskName": "Task-2"}}
{"ts": "2025-10-26T14:30:30.327382+00:00", "level": "INFO", "name": "src.services.vision_ingest", "msg": "vision.ingest.task.start | symbol=BTCUSDT | dataset=bookDepth | day=2025-10-23 | interval=None", "extra": {"taskName": "Task-2"}}
{"ts": "2025-10-26T14:30:31.090344+00:00", "level": "INFO", "name": "httpx", "msg": "HTTP Request: GET https://data.binance.vision/data/futures/um/daily/bookDepth/BTCUSDT/BTCUSDT-bookDepth-2025-10-23.zip \"HTTP/1.1 200 OK\"", "extra": {"taskName": "Task-2"}}
{"ts": "2025-10-26T14:30:32.286246+00:00", "level": "INFO", "name": "src.services.vision_ingest", "msg": "vision.ingest.task.complete | symbol=BTCUSDT | dataset=bookDepth | day=2025-10-23 | interval=None | records=2775 | inserted=2775", "extra": {"taskName": "Task-2"}}
{"ts": "2025-10-26T14:30:32.289341+00:00", "level": "INFO", "name": "src.services.vision_ingest", "msg": "vision.ingest.task.start | symbol=BTCUSDT | dataset=klines | day=2025-10-23 | interval=1m", "extra": {"taskName": "Task-2"}}
{"ts": "2025-10-26T14:30:32.552896+00:00", "level": "INFO", "name": "httpx", "msg": "HTTP Request: GET https://data.binance.vision/data/futures/um/daily/klines/BTCUSDT/1m/BTCUSDT-1m-2025-10-23.zip \"HTTP/1.1 200 OK\"", "extra": {"taskName": "Task-2"}}
{"ts": "2025-10-26T14:30:32.591666+00:00", "level": "INFO", "name": "src.services.ohlc_sanitizer", "msg": "Sanitised candles", "extra": {"taskName": "Task-2", "stage": "vision.klines.seed", "input_count": 1440, "output_count": 1440, "invalid_ts": 0, "invalid_ohlc": 0, "earliest_ms": 1761177600000, "latest_ms": 1761263940000}}
{"ts": "2025-10-26T14:30:32.607044+00:00", "level": "INFO", "name": "src.services.vision_ingest", "msg": "vision.ingest.task.complete | symbol=BTCUSDT | dataset=klines | day=2025-10-23 | interval=1m | records=1440 | inserted=1440", "extra": {"taskName": "Task-2"}}
{"ts": "2025-10-26T14:30:32.607241+00:00", "level": "INFO", "name": "src.services.vision_ingest", "msg": "vision.ingest.task.start | symbol=BTCUSDT | dataset=klines | day=2025-10-23 | interval=3m", "extra": {"taskName": "Task-2"}}
{"ts": "2025-10-26T14:30:33.333112+00:00", "level": "INFO", "name": "httpx", "msg": "HTTP Request: GET https://data.binance.vision/data/futures/um/daily/klines/BTCUSDT/3m/BTCUSDT-3m-2025-10-23.zip \"HTTP/1.1 200 OK\"", "extra": {"taskName": "Task-2"}}
{"ts": "2025-10-26T14:30:33.588743+00:00", "level": "INFO", "name": "src.services.vision_ingest", "msg": "vision.ingest.task.complete | symbol=BTCUSDT | dataset=klines | day=2025-10-23 | interval=3m | records=480 | inserted=480", "extra": {"taskName": "Task-2"}}
{"ts": "2025-10-26T14:30:33.588980+00:00", "level": "INFO", "name": "src.services.vision_ingest", "msg": "vision.ingest.task.start | symbol=BTCUSDT | dataset=klines | day=2025-10-23 | interval=5m", "extra": {"taskName": "Task-2"}}
{"ts": "2025-10-26T14:30:34.303543+00:00", "level": "INFO", "name": "httpx", "msg": "HTTP Request: GET https://data.binance.vision/data/futures/um/daily/klines/BTCUSDT/5m/BTCUSDT-5m-2025-10-23.zip \"HTTP/1.1 200 OK\"", "extra": {"taskName": "Task-2"}}
{"ts": "2025-10-26T14:30:34.319117+00:00", "level": "INFO", "name": "src.services.vision_ingest", "msg": "vision.ingest.task.complete | symbol=BTCUSDT | dataset=klines | day=2025-10-23 | interval=5m | records=288 | inserted=288", "extra": {"taskName": "Task-2"}}
{"ts": "2025-10-26T14:30:34.319281+00:00", "level": "INFO", "name": "src.services.vision_ingest", "msg": "vision.ingest.task.start | symbol=BTCUSDT | dataset=klines | day=2025-10-23 | interval=15m", "extra": {"taskName": "Task-2"}}
{"ts": "2025-10-26T14:30:35.055746+00:00", "level": "INFO", "name": "httpx", "msg": "HTTP Request: GET https://data.binance.vision/data/futures/um/daily/klines/BTCUSDT/15m/BTCUSDT-15m-2025-10-23.zip \"HTTP/1.1 200 OK\"", "extra": {"taskName": "Task-2"}}
{"ts": "2025-10-26T14:30:35.070902+00:00", "level": "INFO", "name": "src.services.vision_ingest", "msg": "vision.ingest.task.complete | symbol=BTCUSDT | dataset=klines | day=2025-10-23 | interval=15m | records=96 | inserted=96", "extra": {"taskName": "Task-2"}}
{"ts": "2025-10-26T14:30:35.071028+00:00", "level": "INFO", "name": "src.services.vision_ingest", "msg": "vision.ingest.task.start | symbol=BTCUSDT | dataset=klines | day=2025-10-23 | interval=1h", "extra": {"taskName": "Task-2"}}
{"ts": "2025-10-26T14:30:35.789530+00:00", "level": "INFO", "name": "httpx", "msg": "HTTP Request: GET https://data.binance.vision/data/futures/um/daily/klines/BTCUSDT/1h/BTCUSDT-1h-2025-10-23.zip \"HTTP/1.1 200 OK\"", "extra": {"taskName": "Task-2"}}
{"ts": "2025-10-26T14:30:35.795599+00:00", "level": "INFO", "name": "src.services.vision_ingest", "msg": "vision.ingest.task.complete | symbol=BTCUSDT | dataset=klines | day=2025-10-23 | interval=1h | records=24 | inserted=24", "extra": {"taskName": "Task-2"}}
{"ts": "2025-10-26T14:30:35.795736+00:00", "level": "INFO", "name": "src.services.vision_ingest", "msg": "vision.ingest.task.start | symbol=BTCUSDT | dataset=klines | day=2025-10-23 | interval=4h", "extra": {"taskName": "Task-2"}}
{"ts": "2025-10-26T14:30:36.517852+00:00", "level": "INFO", "name": "httpx", "msg": "HTTP Request: GET https://data.binance.vision/data/futures/um/daily/klines/BTCUSDT/4h/BTCUSDT-4h-2025-10-23.zip \"HTTP/1.1 200 OK\"", "extra": {"taskName": "Task-2"}}
{"ts": "2025-10-26T14:30:36.527500+00:00", "level": "INFO", "name": "src.services.vision_ingest", "msg": "vision.ingest.task.complete | symbol=BTCUSDT | dataset=klines | day=2025-10-23 | interval=4h | records=6 | inserted=6", "extra": {"taskName": "Task-2"}}
{"ts": "2025-10-26T14:30:36.527619+00:00", "level": "INFO", "name": "src.services.vision_ingest", "msg": "vision.ingest.task.start | symbol=BTCUSDT | dataset=klines | day=2025-10-23 | interval=1d", "extra": {"taskName": "Task-2"}}
{"ts": "2025-10-26T14:30:37.246325+00:00", "level": "INFO", "name": "httpx", "msg": "HTTP Request: GET https://data.binance.vision/data/futures/um/daily/klines/BTCUSDT/1d/BTCUSDT-1d-2025-10-23.zip \"HTTP/1.1 200 OK\"", "extra": {"taskName": "Task-2"}}
{"ts": "2025-10-26T14:30:37.252107+00:00", "level": "INFO", "name": "src.services.vision_ingest", "msg": "vision.ingest.task.complete | symbol=BTCUSDT | dataset=klines | day=2025-10-23 | interval=1d | records=1 | inserted=1", "extra": {"taskName": "Task-2"}}
{"ts": "2025-10-26T14:30:37.252221+00:00", "level": "INFO", "name": "src.services.vision_ingest", "msg": "vision.ingest.task.start | symbol=BTCUSDT | dataset=metrics | day=2025-10-23 | interval=None", "extra": {"taskName": "Task-2"}}
{"ts": "2025-10-26T14:30:37.510350+00:00", "level": "INFO", "name": "httpx", "msg": "HTTP Request: GET https://data.binance.vision/data/futures/um/daily/metrics/BTCUSDT/BTCUSDT-metrics-2025-10-23.zip \"HTTP/1.1 200 OK\"", "extra": {"taskName": "Task-2"}}
{"ts": "2025-10-26T14:30:37.536320+00:00", "level": "INFO", "name": "src.services.vision_ingest", "msg": "vision.ingest.task.complete | symbol=BTCUSDT | dataset=metrics | day=2025-10-23 | interval=None | records=288 | inserted=288", "extra": {"taskName": "Task-2"}}
{"ts": "2025-10-26T14:30:37.536501+00:00", "level": "INFO", "name": "src.services.vision_ingest", "msg": "vision.ingest.task.start | symbol=BTCUSDT | dataset=openInterest | day=2025-10-23 | interval=None", "extra": {"taskName": "Task-2"}}
{"ts": "2025-10-26T14:30:38.239729+00:00", "level": "INFO", "name": "httpx", "msg": "HTTP Request: GET https://data.binance.vision/data/futures/um/daily/openInterest/BTCUSDT/BTCUSDT-openInterest-2025-10-23.zip \"HTTP/1.1 404 Not Found\"", "extra": {"taskName": "Task-2"}}
{"ts": "2025-10-26T14:30:38.240223+00:00", "level": "WARNING", "name": "src.services.vision_ingest", "msg": "vision.ingest.task.missing | symbol=BTCUSDT | dataset=openInterest | day=2025-10-23 | interval=None", "extra": {"taskName": "Task-2"}}
{"ts": "2025-10-26T14:30:38.240323+00:00", "level": "INFO", "name": "src.services.vision_ingest", "msg": "vision.ingest.task.start | symbol=BTCUSDT | dataset=fundingRate | day=2025-10-23 | interval=None", "extra": {"taskName": "Task-2"}}
{"ts": "2025-10-26T14:30:38.947584+00:00", "level": "INFO", "name": "httpx", "msg": "HTTP Request: GET https://data.binance.vision/data/futures/um/daily/fundingRate/BTCUSDT/BTCUSDT-fundingRate-2025-10-23.zip \"HTTP/1.1 404 Not Found\"", "extra": {"taskName": "Task-2"}}
{"ts": "2025-10-26T14:30:38.947985+00:00", "level": "WARNING", "name": "src.services.vision_ingest", "msg": "vision.ingest.task.missing | symbol=BTCUSDT | dataset=fundingRate | day=2025-10-23 | interval=None", "extra": {"taskName": "Task-2"}}
{"ts": "2025-10-26T14:30:38.948072+00:00", "level": "INFO", "name": "src.services.vision_ingest", "msg": "vision.ingest.task.start | symbol=BTCUSDT | dataset=liquidationOrders | day=2025-10-23 | interval=None", "extra": {"taskName": "Task-2"}}
{"ts": "2025-10-26T14:30:39.202570+00:00", "level": "INFO", "name": "httpx", "msg": "HTTP Request: GET https://data.binance.vision/data/futures/um/daily/liquidationOrders/BTCUSDT/BTCUSDT-liquidationOrders-2025-10-23.zip \"HTTP/1.1 404 Not Found\"", "extra": {"taskName": "Task-2"}}
{"ts": "2025-10-26T14:30:39.202978+00:00", "level": "WARNING", "name": "src.services.vision_ingest", "msg": "vision.ingest.task.missing | symbol=BTCUSDT | dataset=liquidationOrders | day=2025-10-23 | interval=None", "extra": {"taskName": "Task-2"}}
{"ts": "2025-10-26T14:30:39.203056+00:00", "level": "INFO", "name": "src.services.vision_ingest", "msg": "vision.ingest.task.start | symbol=BTCUSDT | dataset=aggTrades | day=2025-10-24 | interval=None", "extra": {"taskName": "Task-2"}}
{"ts": "2025-10-26T14:30:39.941424+00:00", "level": "INFO", "name": "httpx", "msg": "HTTP Request: GET https://data.binance.vision/data/futures/um/daily/aggTrades/BTCUSDT/BTCUSDT-aggTrades-2025-10-24.zip \"HTTP/1.1 200 OK\"", "extra": {"taskName": "Task-2"}}
{"ts": "2025-10-26T14:30:48.937145+00:00", "level": "INFO", "name": "src.services.vision_ingest", "msg": "vision.ingest.task.complete | symbol=BTCUSDT | dataset=aggTrades | day=2025-10-24 | interval=None | records=1403490 | inserted=0", "extra": {"taskName": "Task-2"}}
{"ts": "2025-10-26T14:30:49.117315+00:00", "level": "INFO", "name": "src.services.vision_ingest", "msg": "vision.ingest.task.start | symbol=BTCUSDT | dataset=bookDepth | day=2025-10-24 | interval=None", "extra": {"taskName": "Task-2"}}
{"ts": "2025-10-26T14:30:49.892063+00:00", "level": "INFO", "name": "httpx", "msg": "HTTP Request: GET https://data.binance.vision/data/futures/um/daily/bookDepth/BTCUSDT/BTCUSDT-bookDepth-2025-10-24.zip \"HTTP/1.1 200 OK\"", "extra": {"taskName": "Task-2"}}
{"ts": "2025-10-26T14:30:51.059947+00:00", "level": "INFO", "name": "src.services.vision_ingest", "msg": "vision.ingest.task.complete | symbol=BTCUSDT | dataset=bookDepth | day=2025-10-24 | interval=None | records=2754 | inserted=2754", "extra": {"taskName": "Task-2"}}
{"ts": "2025-10-26T14:30:51.062457+00:00", "level": "INFO", "name": "src.services.vision_ingest", "msg": "vision.ingest.task.start | symbol=BTCUSDT | dataset=klines | day=2025-10-24 | interval=1m", "extra": {"taskName": "Task-2"}}
{"ts": "2025-10-26T14:30:51.774153+00:00", "level": "INFO", "name": "httpx", "msg": "HTTP Request: GET https://data.binance.vision/data/futures/um/daily/klines/BTCUSDT/1m/BTCUSDT-1m-2025-10-24.zip \"HTTP/1.1 200 OK\"", "extra": {"taskName": "Task-2"}}
{"ts": "2025-10-26T14:30:52.040726+00:00", "level": "INFO", "name": "src.services.ohlc_sanitizer", "msg": "Sanitised candles", "extra": {"taskName": "Task-2", "stage": "vision.klines.seed", "input_count": 1440, "output_count": 1440, "invalid_ts": 0, "invalid_ohlc": 0, "earliest_ms": 1761264000000, "latest_ms": 1761350340000}}
{"ts": "2025-10-26T14:30:52.056336+00:00", "level": "INFO", "name": "src.services.vision_ingest", "msg": "vision.ingest.task.complete | symbol=BTCUSDT | dataset=klines | day=2025-10-24 | interval=1m | records=1440 | inserted=1440", "extra": {"taskName": "Task-2"}}
{"ts": "2025-10-26T14:30:52.056654+00:00", "level": "INFO", "name": "src.services.vision_ingest", "msg": "vision.ingest.task.start | symbol=BTCUSDT | dataset=klines | day=2025-10-24 | interval=3m", "extra": {"taskName": "Task-2"}}
{"ts": "2025-10-26T14:30:52.319866+00:00", "level": "INFO", "name": "httpx", "msg": "HTTP Request: GET https://data.binance.vision/data/futures/um/daily/klines/BTCUSDT/3m/BTCUSDT-3m-2025-10-24.zip \"HTTP/1.1 200 OK\"", "extra": {"taskName": "Task-2"}}
{"ts": "2025-10-26T14:30:52.345789+00:00", "level": "INFO", "name": "src.services.vision_ingest", "msg": "vision.ingest.task.complete | symbol=BTCUSDT | dataset=klines | day=2025-10-24 | interval=3m | records=480 | inserted=480", "extra": {"taskName": "Task-2"}}
{"ts": "2025-10-26T14:30:52.345958+00:00", "level": "INFO", "name": "src.services.vision_ingest", "msg": "vision.ingest.task.start | symbol=BTCUSDT | dataset=klines | day=2025-10-24 | interval=5m", "extra": {"taskName": "Task-2"}}
{"ts": "2025-10-26T14:30:53.089509+00:00", "level": "INFO", "name": "httpx", "msg": "HTTP Request: GET https://data.binance.vision/data/futures/um/daily/klines/BTCUSDT/5m/BTCUSDT-5m-2025-10-24.zip \"HTTP/1.1 200 OK\"", "extra": {"taskName": "Task-2"}}
{"ts": "2025-10-26T14:30:53.105647+00:00", "level": "INFO", "name": "src.services.vision_ingest", "msg": "vision.ingest.task.complete | symbol=BTCUSDT | dataset=klines | day=2025-10-24 | interval=5m | records=288 | inserted=288", "extra": {"taskName": "Task-2"}}
{"ts": "2025-10-26T14:30:53.105788+00:00", "level": "INFO", "name": "src.services.vision_ingest", "msg": "vision.ingest.task.start | symbol=BTCUSDT | dataset=klines | day=2025-10-24 | interval=15m", "extra": {"taskName": "Task-2"}}
{"ts": "2025-10-26T14:30:53.361660+00:00", "level": "INFO", "name": "httpx", "msg": "HTTP Request: GET https://data.binance.vision/data/futures/um/daily/klines/BTCUSDT/15m/BTCUSDT-15m-2025-10-24.zip \"HTTP/1.1 200 OK\"", "extra": {"taskName": "Task-2"}}
{"ts": "2025-10-26T14:30:53.376346+00:00", "level": "INFO", "name": "src.services.vision_ingest", "msg": "vision.ingest.task.complete | symbol=BTCUSDT | dataset=klines | day=2025-10-24 | interval=15m | records=96 | inserted=96", "extra": {"taskName": "Task-2"}}
{"ts": "2025-10-26T14:30:53.376464+00:00", "level": "INFO", "name": "src.services.vision_ingest", "msg": "vision.ingest.task.start | symbol=BTCUSDT | dataset=klines | day=2025-10-24 | interval=1h", "extra": {"taskName": "Task-2"}}
{"ts": "2025-10-26T14:30:54.099277+00:00", "level": "INFO", "name": "httpx", "msg": "HTTP Request: GET https://data.binance.vision/data/futures/um/daily/klines/BTCUSDT/1h/BTCUSDT-1h-2025-10-24.zip \"HTTP/1.1 200 OK\"", "extra": {"taskName": "Task-2"}}
{"ts": "2025-10-26T14:30:54.104837+00:00", "level": "INFO", "name": "src.services.vision_ingest", "msg": "vision.ingest.task.complete | symbol=BTCUSDT | dataset=klines | day=2025-10-24 | interval=1h | records=24 | inserted=24", "extra": {"taskName": "Task-2"}}
{"ts": "2025-10-26T14:30:54.104949+00:00", "level": "INFO", "name": "src.services.vision_ingest", "msg": "vision.ingest.task.start | symbol=BTCUSDT | dataset=klines | day=2025-10-24 | interval=4h", "extra": {"taskName": "Task-2"}}
{"ts": "2025-10-26T14:30:54.825366+00:00", "level": "INFO", "name": "httpx", "msg": "HTTP Request: GET https://data.binance.vision/data/futures/um/daily/klines/BTCUSDT/4h/BTCUSDT-4h-2025-10-24.zip \"HTTP/1.1 200 OK\"", "extra": {"taskName": "Task-2"}}
{"ts": "2025-10-26T14:30:54.830760+00:00", "level": "INFO", "name": "src.services.vision_ingest", "msg": "vision.ingest.task.complete | symbol=BTCUSDT | dataset=klines | day=2025-10-24 | interval=4h | records=6 | inserted=6", "extra": {"taskName": "Task-2"}}
{"ts": "2025-10-26T14:30:54.830860+00:00", "level": "INFO", "name": "src.services.vision_ingest", "msg": "vision.ingest.task.start | symbol=BTCUSDT | dataset=klines | day=2025-10-24 | interval=1d", "extra": {"taskName": "Task-2"}}
{"ts": "2025-10-26T14:30:55.089530+00:00", "level": "INFO", "name": "httpx", "msg": "HTTP Request: GET https://data.binance.vision/data/futures/um/daily/klines/BTCUSDT/1d/BTCUSDT-1d-2025-10-24.zip \"HTTP/1.1 200 OK\"", "extra": {"taskName": "Task-2"}}
{"ts": "2025-10-26T14:30:55.103494+00:00", "level": "INFO", "name": "src.services.vision_ingest", "msg": "vision.ingest.task.complete | symbol=BTCUSDT | dataset=klines | day=2025-10-24 | interval=1d | records=1 | inserted=1", "extra": {"taskName": "Task-2"}}
{"ts": "2025-10-26T14:30:55.103610+00:00", "level": "INFO", "name": "src.services.vision_ingest", "msg": "vision.ingest.task.start | symbol=BTCUSDT | dataset=metrics | day=2025-10-24 | interval=None", "extra": {"taskName": "Task-2"}}
{"ts": "2025-10-26T14:30:55.364701+00:00", "level": "INFO", "name": "httpx", "msg": "HTTP Request: GET https://data.binance.vision/data/futures/um/daily/metrics/BTCUSDT/BTCUSDT-metrics-2025-10-24.zip \"HTTP/1.1 200 OK\"", "extra": {"taskName": "Task-2"}}
{"ts": "2025-10-26T14:30:55.392000+00:00", "level": "INFO", "name": "src.services.vision_ingest", "msg": "vision.ingest.task.complete | symbol=BTCUSDT | dataset=metrics | day=2025-10-24 | interval=None | records=288 | inserted=288", "extra": {"taskName": "Task-2"}}
{"ts": "2025-10-26T14:30:55.392140+00:00", "level": "INFO", "name": "src.services.vision_ingest", "msg": "vision.ingest.task.start | symbol=BTCUSDT | dataset=openInterest | day=2025-10-24 | interval=None", "extra": {"taskName": "Task-2"}}
{"ts": "2025-10-26T14:30:56.109735+00:00", "level": "INFO", "name": "httpx", "msg": "HTTP Request: GET https://data.binance.vision/data/futures/um/daily/openInterest/BTCUSDT/BTCUSDT-openInterest-2025-10-24.zip \"HTTP/1.1 404 Not Found\"", "extra": {"taskName": "Task-2"}}
{"ts": "2025-10-26T14:30:56.110178+00:00", "level": "WARNING", "name": "src.services.vision_ingest", "msg": "vision.ingest.task.missing | symbol=BTCUSDT | dataset=openInterest | day=2025-10-24 | interval=None", "extra": {"taskName": "Task-2"}}
{"ts": "2025-10-26T14:30:56.110274+00:00", "level": "INFO", "name": "src.services.vision_ingest", "msg": "vision.ingest.task.start | symbol=BTCUSDT | dataset=fundingRate | day=2025-10-24 | interval=None", "extra": {"taskName": "Task-2"}}
{"ts": "2025-10-26T14:30:56.840069+00:00", "level": "INFO", "name": "httpx", "msg": "HTTP Request: GET https://data.binance.vision/data/futures/um/daily/fundingRate/BTCUSDT/BTCUSDT-fundingRate-2025-10-24.zip \"HTTP/1.1 404 Not Found\"", "extra": {"taskName": "Task-2"}}
{"ts": "2025-10-26T14:30:56.840583+00:00", "level": "WARNING", "name": "src.services.vision_ingest", "msg": "vision.ingest.task.missing | symbol=BTCUSDT | dataset=fundingRate | day=2025-10-24 | interval=None", "extra": {"taskName": "Task-2"}}
{"ts": "2025-10-26T14:30:56.840665+00:00", "level": "INFO", "name": "src.services.vision_ingest", "msg": "vision.ingest.task.start | symbol=BTCUSDT | dataset=liquidationOrders | day=2025-10-24 | interval=None", "extra": {"taskName": "Task-2"}}
{"ts": "2025-10-26T14:30:57.554447+00:00", "level": "INFO", "name": "httpx", "msg": "HTTP Request: GET https://data.binance.vision/data/futures/um/daily/liquidationOrders/BTCUSDT/BTCUSDT-liquidationOrders-2025-10-24.zip \"HTTP/1.1 404 Not Found\"", "extra": {"taskName": "Task-2"}}
{"ts": "2025-10-26T14:30:57.554946+00:00", "level": "WARNING", "name": "src.services.vision_ingest", "msg": "vision.ingest.task.missing | symbol=BTCUSDT | dataset=liquidationOrders | day=2025-10-24 | interval=None", "extra": {"taskName": "Task-2"}}
{"ts": "2025-10-26T14:30:57.555023+00:00", "level": "INFO", "name": "src.services.vision_ingest", "msg": "vision.ingest.task.start | symbol=BTCUSDT | dataset=aggTrades | day=2025-10-25 | interval=None", "extra": {"taskName": "Task-2"}}
{"ts": "2025-10-26T14:30:58.299367+00:00", "level": "INFO", "name": "httpx", "msg": "HTTP Request: GET https://data.binance.vision/data/futures/um/daily/aggTrades/BTCUSDT/BTCUSDT-aggTrades-2025-10-25.zip \"HTTP/1.1 200 OK\"", "extra": {"taskName": "Task-2"}}
{"ts": "2025-10-26T14:31:02.472289+00:00", "level": "INFO", "name": "src.services.vision_ingest", "msg": "vision.ingest.task.complete | symbol=BTCUSDT | dataset=aggTrades | day=2025-10-25 | interval=None | records=532599 | inserted=0", "extra": {"taskName": "Task-2"}}
{"ts": "2025-10-26T14:31:02.537022+00:00", "level": "INFO", "name": "src.services.vision_ingest", "msg": "vision.ingest.task.start | symbol=BTCUSDT | dataset=bookDepth | day=2025-10-25 | interval=None", "extra": {"taskName": "Task-2"}}
{"ts": "2025-10-26T14:31:03.257209+00:00", "level": "INFO", "name": "httpx", "msg": "HTTP Request: GET https://data.binance.vision/data/futures/um/daily/bookDepth/BTCUSDT/BTCUSDT-bookDepth-2025-10-25.zip \"HTTP/1.1 200 OK\"", "extra": {"taskName": "Task-2"}}
{"ts": "2025-10-26T14:31:04.427132+00:00", "level": "INFO", "name": "src.services.vision_ingest", "msg": "vision.ingest.task.complete | symbol=BTCUSDT | dataset=bookDepth | day=2025-10-25 | interval=None | records=2774 | inserted=2774", "extra": {"taskName": "Task-2"}}
{"ts": "2025-10-26T14:31:04.430047+00:00", "level": "INFO", "name": "src.services.vision_ingest", "msg": "vision.ingest.task.start | symbol=BTCUSDT | dataset=klines | day=2025-10-25 | interval=1m", "extra": {"taskName": "Task-2"}}
{"ts": "2025-10-26T14:31:05.145047+00:00", "level": "INFO", "name": "httpx", "msg": "HTTP Request: GET https://data.binance.vision/data/futures/um/daily/klines/BTCUSDT/1m/BTCUSDT-1m-2025-10-25.zip \"HTTP/1.1 200 OK\"", "extra": {"taskName": "Task-2"}}
{"ts": "2025-10-26T14:31:05.635893+00:00", "level": "INFO", "name": "src.services.ohlc_sanitizer", "msg": "Sanitised candles", "extra": {"taskName": "Task-2", "stage": "vision.klines.seed", "input_count": 1440, "output_count": 1440, "invalid_ts": 0, "invalid_ohlc": 0, "earliest_ms": 1761350400000, "latest_ms": 1761436740000}}
{"ts": "2025-10-26T14:31:05.651257+00:00", "level": "INFO", "name": "src.services.vision_ingest", "msg": "vision.ingest.task.complete | symbol=BTCUSDT | dataset=klines | day=2025-10-25 | interval=1m | records=1440 | inserted=1440", "extra": {"taskName": "Task-2"}}
{"ts": "2025-10-26T14:31:05.651497+00:00", "level": "INFO", "name": "src.services.vision_ingest", "msg": "vision.ingest.task.start | symbol=BTCUSDT | dataset=klines | day=2025-10-25 | interval=3m", "extra": {"taskName": "Task-2"}}
{"ts": "2025-10-26T14:31:06.369451+00:00", "level": "INFO", "name": "httpx", "msg": "HTTP Request: GET https://data.binance.vision/data/futures/um/daily/klines/BTCUSDT/3m/BTCUSDT-3m-2025-10-25.zip \"HTTP/1.1 200 OK\"", "extra": {"taskName": "Task-2"}}
{"ts": "2025-10-26T14:31:06.396722+00:00", "level": "INFO", "name": "src.services.vision_ingest", "msg": "vision.ingest.task.complete | symbol=BTCUSDT | dataset=klines | day=2025-10-25 | interval=3m | records=480 | inserted=480", "extra": {"taskName": "Task-2"}}
{"ts": "2025-10-26T14:31:06.396897+00:00", "level": "INFO", "name": "src.services.vision_ingest", "msg": "vision.ingest.task.start | symbol=BTCUSDT | dataset=klines | day=2025-10-25 | interval=5m", "extra": {"taskName": "Task-2"}}
{"ts": "2025-10-26T14:31:07.134697+00:00", "level": "INFO", "name": "httpx", "msg": "HTTP Request: GET https://data.binance.vision/data/futures/um/daily/klines/BTCUSDT/5m/BTCUSDT-5m-2025-10-25.zip \"HTTP/1.1 200 OK\"", "extra": {"taskName": "Task-2"}}
{"ts": "2025-10-26T14:31:07.142411+00:00", "level": "INFO", "name": "src.services.vision_ingest", "msg": "vision.ingest.task.complete | symbol=BTCUSDT | dataset=klines | day=2025-10-25 | interval=5m | records=288 | inserted=288", "extra": {"taskName": "Task-2"}}
{"ts": "2025-10-26T14:31:07.142554+00:00", "level": "INFO", "name": "src.services.vision_ingest", "msg": "vision.ingest.task.start | symbol=BTCUSDT | dataset=klines | day=2025-10-25 | interval=15m", "extra": {"taskName": "Task-2"}}
{"ts": "2025-10-26T14:31:07.861432+00:00", "level": "INFO", "name": "httpx", "msg": "HTTP Request: GET https://data.binance.vision/data/futures/um/daily/klines/BTCUSDT/15m/BTCUSDT-15m-2025-10-25.zip \"HTTP/1.1 200 OK\"", "extra": {"taskName": "Task-2"}}
{"ts": "2025-10-26T14:31:07.876028+00:00", "level": "INFO", "name": "src.services.vision_ingest", "msg": "vision.ingest.task.complete | symbol=BTCUSDT | dataset=klines | day=2025-10-25 | interval=15m | records=96 | inserted=96", "extra": {"taskName": "Task-2"}}
{"ts": "2025-10-26T14:31:07.876188+00:00", "level": "INFO", "name": "src.services.vision_ingest", "msg": "vision.ingest.task.start | symbol=BTCUSDT | dataset=klines | day=2025-10-25 | interval=1h", "extra": {"taskName": "Task-2"}}
{"ts": "2025-10-26T14:31:08.587918+00:00", "level": "INFO", "name": "httpx", "msg": "HTTP Request: GET https://data.binance.vision/data/futures/um/daily/klines/BTCUSDT/1h/BTCUSDT-1h-2025-10-25.zip \"HTTP/1.1 200 OK\"", "extra": {"taskName": "Task-2"}}
{"ts": "2025-10-26T14:31:08.593794+00:00", "level": "INFO", "name": "src.services.vision_ingest", "msg": "vision.ingest.task.complete | symbol=BTCUSDT | dataset=klines | day=2025-10-25 | interval=1h | records=24 | inserted=24", "extra": {"taskName": "Task-2"}}
{"ts": "2025-10-26T14:31:08.593889+00:00", "level": "INFO", "name": "src.services.vision_ingest", "msg": "vision.ingest.task.start | symbol=BTCUSDT | dataset=klines | day=2025-10-25 | interval=4h", "extra": {"taskName": "Task-2"}}
{"ts": "2025-10-26T14:31:09.311984+00:00", "level": "INFO", "name": "httpx", "msg": "HTTP Request: GET https://data.binance.vision/data/futures/um/daily/klines/BTCUSDT/4h/BTCUSDT-4h-2025-10-25.zip \"HTTP/1.1 200 OK\"", "extra": {"taskName": "Task-2"}}
{"ts": "2025-10-26T14:31:09.317776+00:00", "level": "INFO", "name": "src.services.vision_ingest", "msg": "vision.ingest.task.complete | symbol=BTCUSDT | dataset=klines | day=2025-10-25 | interval=4h | records=6 | inserted=6", "extra": {"taskName": "Task-2"}}
{"ts": "2025-10-26T14:31:09.317902+00:00", "level": "INFO", "name": "src.services.vision_ingest", "msg": "vision.ingest.task.start | symbol=BTCUSDT | dataset=klines | day=2025-10-25 | interval=1d", "extra": {"taskName": "Task-2"}}
{"ts": "2025-10-26T14:31:10.035128+00:00", "level": "INFO", "name": "httpx", "msg": "HTTP Request: GET https://data.binance.vision/data/futures/um/daily/klines/BTCUSDT/1d/BTCUSDT-1d-2025-10-25.zip \"HTTP/1.1 200 OK\"", "extra": {"taskName": "Task-2"}}
{"ts": "2025-10-26T14:31:10.040952+00:00", "level": "INFO", "name": "src.services.vision_ingest", "msg": "vision.ingest.task.complete | symbol=BTCUSDT | dataset=klines | day=2025-10-25 | interval=1d | records=1 | inserted=1", "extra": {"taskName": "Task-2"}}
{"ts": "2025-10-26T14:31:10.041089+00:00", "level": "INFO", "name": "src.services.vision_ingest", "msg": "vision.ingest.task.start | symbol=BTCUSDT | dataset=metrics | day=2025-10-25 | interval=None", "extra": {"taskName": "Task-2"}}
{"ts": "2025-10-26T14:31:10.762889+00:00", "level": "INFO", "name": "httpx", "msg": "HTTP Request: GET https://data.binance.vision/data/futures/um/daily/metrics/BTCUSDT/BTCUSDT-metrics-2025-10-25.zip \"HTTP/1.1 200 OK\"", "extra": {"taskName": "Task-2"}}
{"ts": "2025-10-26T14:31:10.789916+00:00", "level": "INFO", "name": "src.services.vision_ingest", "msg": "vision.ingest.task.complete | symbol=BTCUSDT | dataset=metrics | day=2025-10-25 | interval=None | records=288 | inserted=288", "extra": {"taskName": "Task-2"}}
{"ts": "2025-10-26T14:31:10.790085+00:00", "level": "INFO", "name": "src.services.vision_ingest", "msg": "vision.ingest.task.start | symbol=BTCUSDT | dataset=openInterest | day=2025-10-25 | interval=None", "extra": {"taskName": "Task-2"}}
{"ts": "2025-10-26T14:31:11.500101+00:00", "level": "INFO", "name": "httpx", "msg": "HTTP Request: GET https://data.binance.vision/data/futures/um/daily/openInterest/BTCUSDT/BTCUSDT-openInterest-2025-10-25.zip \"HTTP/1.1 404 Not Found\"", "extra": {"taskName": "Task-2"}}
{"ts": "2025-10-26T14:31:11.500659+00:00", "level": "WARNING", "name": "src.services.vision_ingest", "msg": "vision.ingest.task.missing | symbol=BTCUSDT | dataset=openInterest | day=2025-10-25 | interval=None", "extra": {"taskName": "Task-2"}}
{"ts": "2025-10-26T14:31:11.500767+00:00", "level": "INFO", "name": "src.services.vision_ingest", "msg": "vision.ingest.task.start | symbol=BTCUSDT | dataset=fundingRate | day=2025-10-25 | interval=None", "extra": {"taskName": "Task-2"}}
{"ts": "2025-10-26T14:31:12.234331+00:00", "level": "INFO", "name": "httpx", "msg": "HTTP Request: GET https://data.binance.vision/data/futures/um/daily/fundingRate/BTCUSDT/BTCUSDT-fundingRate-2025-10-25.zip \"HTTP/1.1 404 Not Found\"", "extra": {"taskName": "Task-2"}}
{"ts": "2025-10-26T14:31:12.234852+00:00", "level": "WARNING", "name": "src.services.vision_ingest", "msg": "vision.ingest.task.missing | symbol=BTCUSDT | dataset=fundingRate | day=2025-10-25 | interval=None", "extra": {"taskName": "Task-2"}}
{"ts": "2025-10-26T14:31:12.234951+00:00", "level": "INFO", "name": "src.services.vision_ingest", "msg": "vision.ingest.task.start | symbol=BTCUSDT | dataset=liquidationOrders | day=2025-10-25 | interval=None", "extra": {"taskName": "Task-2"}}
{"ts": "2025-10-26T14:31:12.940029+00:00", "level": "INFO", "name": "httpx", "msg": "HTTP Request: GET https://data.binance.vision/data/futures/um/daily/liquidationOrders/BTCUSDT/BTCUSDT-liquidationOrders-2025-10-25.zip \"HTTP/1.1 404 Not Found\"", "extra": {"taskName": "Task-2"}}
{"ts": "2025-10-26T14:31:12.940541+00:00", "level": "WARNING", "name": "src.services.vision_ingest", "msg": "vision.ingest.task.missing | symbol=BTCUSDT | dataset=liquidationOrders | day=2025-10-25 | interval=None", "extra": {"taskName": "Task-2"}}
{"ts": "2025-10-26T14:31:12.940702+00:00", "level": "INFO", "name": "src.services.vision_ingest", "msg": "vision.ingest.complete | symbol=BTCUSDT | status=partial | errors=0 | missing=6", "extra": {"taskName": "Task-2"}}
{"ts": "2025-10-26T14:31:12.940869+00:00", "level": "WARNING", "name": "src.services.check_all_datas", "msg": "Time budget exceeded before seeding minute frame", "extra": {"taskName": "Task-2", "stage": "seed_1m_backfill", "symbol": "BTCUSDT"}}
{"ts": "2025-10-26T14:31:12.940942+00:00", "level": "INFO", "name": "src.services.check_all_datas", "msg": "Resolved last price for inspection snapshot", "extra": {"taskName": "Task-2", "source": "ohlcv", "tf": null, "ts": null, "age_sec": null, "insufficient_reason": "missing_live_last_price"}}
{"ts": "2025-10-26T14:31:12.941743+00:00", "level": "INFO", "name": "src.services.check_all_datas", "msg": "pipeline.run.complete | symbol=BTCUSDT | status=insufficient_data", "extra": {"taskName": "Task-2"}}
{"ts": "2025-10-26T14:31:12.997426+00:00", "level": "INFO", "name": "src.services.inspection_cache_service", "msg": "inspection.cache.ensure.stored", "extra": {"taskName": "Task-2", "symbol": "BTCUSDT", "day": "2025-10-25", "minutes_found": 0, "minutes_expected": 1440}}
{"ts": "2025-10-26T14:31:12.997594+00:00", "level": "INFO", "name": "src.services.inspection_cache_service", "msg": "inspection.cache.ensure.complete", "extra": {"taskName": "Task-2", "symbol": "BTCUSDT", "status": "updated", "days": 3, "missing_filled": ["2025-10-25", "2025-10-24", "2025-10-23"]}}
{"ts": "2025-10-26T14:31:12.997805+00:00", "level": "INFO", "name": "src.services.tracing", "msg": "{\"ts\":\"2025-10-26T14:31:12Z\",\"level\":\"INFO\",\"event\":\"pipeline.start\",\"stage\":\"summary\",\"symbol\":\"BTCUSDT\",\"cid\":\"c_aee7\",\"rid\":\"r_2294\",\"window_hours\":72,\"mode\":\"summary\"}", "extra": {"taskName": "Task-2"}}
{"ts": "2025-10-26T14:31:13.004986+00:00", "level": "INFO", "name": "src.services.inspection_cache_service", "msg": "inspection.cache.ensure.start", "extra": {"taskName": "Task-2", "symbol": "BTCUSDT", "days": 3, "target_days": ["2025-10-25", "2025-10-24", "2025-10-23"], "network_backfill": false}}
{"ts": "2025-10-26T14:31:13.020895+00:00", "level": "INFO", "name": "src.services.inspection_cache_service", "msg": "inspection.cache.ensure.hit", "extra": {"taskName": "Task-2", "symbol": "BTCUSDT", "day": "2025-10-23", "minutes_found": 0, "minutes_expected": 1440}}
{"ts": "2025-10-26T14:31:13.028056+00:00", "level": "INFO", "name": "src.services.inspection_cache_service", "msg": "inspection.cache.ensure.hit", "extra": {"taskName": "Task-2", "symbol": "BTCUSDT", "day": "2025-10-24", "minutes_found": 0, "minutes_expected": 1440}}
{"ts": "2025-10-26T14:31:13.035190+00:00", "level": "INFO", "name": "src.services.inspection_cache_service", "msg": "inspection.cache.ensure.hit", "extra": {"taskName": "Task-2", "symbol": "BTCUSDT", "day": "2025-10-25", "minutes_found": 0, "minutes_expected": 1440}}
{"ts": "2025-10-26T14:31:13.035302+00:00", "level": "INFO", "name": "src.services.inspection_cache_service", "msg": "inspection.cache.ensure.complete", "extra": {"taskName": "Task-2", "symbol": "BTCUSDT", "status": "warm", "days": 3}}
{"ts": "2025-10-26T14:31:13.035420+00:00", "level": "INFO", "name": "src.services.inspection_cache_service", "msg": "inspection.cache.seed.built", "extra": {"taskName": "Task-2", "timeframes": ["15m", "1d", "1h", "1m", "3m", "4h", "5m"], "minutes_found": 0, "minutes_expected": 4320, "coverage_pct": 0.0}}
{"ts": "2025-10-26T14:31:13.035560+00:00", "level": "INFO", "name": "src.services.check_all_datas", "msg": "pipeline.run.start | symbol=BTCUSDT | window_hours=72 | hours=None | strict_window=True | network_backfill=False | timeout=180.0", "extra": {"taskName": "Task-2"}}
{"ts": "2025-10-26T14:31:13.035867+00:00", "level": "INFO", "name": "src.services.ohlc_sanitizer", "msg": "Sanitised candles", "extra": {"taskName": "Task-2", "stage": "seed.1m", "input_count": 0, "output_count": 0, "invalid_ts": 0, "invalid_ohlc": 0, "earliest_ms": null, "latest_ms": null}}
{"ts": "2025-10-26T14:31:13.035971+00:00", "level": "INFO", "name": "src.services.tracing", "msg": "{\"ts\":\"2025-10-26T14:31:13Z\",\"level\":\"INFO\",\"event\":\"ui.click_received\",\"stage\":\"pipeline\",\"symbol\":\"BTCUSDT\",\"cid\":\"c_aee7\",\"rid\":\"r_2294\",\"scope\":\"ui\",\"strict_window\":true,\"network_backfill\":false,\"minute_backfill_enabled\":false}", "extra": {"taskName": "Task-2"}}
{"ts": "2025-10-26T14:31:13.036035+00:00", "level": "INFO", "name": "src.services.tracing", "msg": "{\"ts\":\"2025-10-26T14:31:13Z\",\"level\":\"INFO\",\"event\":\"pipeline.start\",\"stage\":\"pipeline\",\"symbol\":\"BTCUSDT\",\"cid\":\"c_aee7\",\"rid\":\"r_2294\",\"scope\":\"pipeline\",\"strict_window\":true,\"network_backfill\":false,\"minute_backfill_enabled\":false}", "extra": {"taskName": "Task-2"}}
{"ts": "2025-10-26T14:31:13.036103+00:00", "level": "INFO", "name": "src.services.tracing", "msg": "{\"ts\":\"2025-10-26T14:31:13Z\",\"level\":\"INFO\",\"event\":\"pipeline.contract_ok\",\"stage\":\"pipeline\",\"symbol\":\"BTCUSDT\",\"cid\":\"c_aee7\",\"rid\":\"r_2294\",\"scope\":\"pipeline\",\"base_window_hours\":72,\"strict_three_day\":true,\"window_end_ms\":1761436800000}", "extra": {"taskName": "Task-2"}}
{"ts": "2025-10-26T14:31:13.036173+00:00", "level": "INFO", "name": "src.services.tracing", "msg": "{\"ts\":\"2025-10-26T14:31:13Z\",\"level\":\"INFO\",\"event\":\"fetch.batch_start\",\"stage\":\"pipeline\",\"symbol\":\"BTCUSDT\",\"cid\":\"c_aee7\",\"rid\":\"r_2294\",\"scope\":\"summary.1m\",\"window\":{\"from\":1761177600000,\"to\":1761436800000},\"details\":\"collect_recent_summary\"}", "extra": {"taskName": "Task-2"}}
{"ts": "2025-10-26T14:31:13.036247+00:00", "level": "INFO", "name": "src.services.tracing", "msg": "{\"ts\":\"2025-10-26T14:31:13Z\",\"level\":\"INFO\",\"event\":\"collector.start\",\"stage\":\"summary_collect\",\"symbol\":\"BTCUSDT\",\"component\":\"summary_collector\",\"cid\":\"c_aee7\",\"rid\":\"r_2294\",\"start_ms\":1761177600000,\"end_ms\":1761436800000,\"days\":3}", "extra": {"taskName": "Task-2"}}
{"ts": "2025-10-26T14:31:13.044754+00:00", "level": "INFO", "name": "src.services.tracing", "msg": "{\"ts\":\"2025-10-26T14:31:13Z\",\"level\":\"INFO\",\"event\":\"gaps.detected\",\"stage\":\"summary_collect\",\"symbol\":\"BTCUSDT\",\"component\":\"summary_collector\",\"cid\":\"c_aee7\",\"rid\":\"r_2294\",\"interval\":\"1m\",\"total\":1,\"merged\":1,\"first_expected\":1761177600000,\"last_closed\":1761436800000}", "extra": {"taskName": "Task-2"}}
{"ts": "2025-10-26T14:31:13.044898+00:00", "level": "INFO", "name": "src.services.tracing", "msg": "{\"ts\":\"2025-10-26T14:31:13Z\",\"level\":\"INFO\",\"event\":\"gaps.merged\",\"stage\":\"summary_collect\",\"symbol\":\"BTCUSDT\",\"component\":\"summary_collector\",\"cid\":\"c_aee7\",\"rid\":\"r_2294\",\"interval\":\"1m\",\"total\":1,\"merged\":1}", "extra": {"taskName": "Task-2"}}
{"ts": "2025-10-26T14:31:13.045281+00:00", "level": "INFO", "name": "src.services.tracing", "msg": "{\"ts\":\"2025-10-26T14:31:13Z\",\"level\":\"INFO\",\"event\":\"fetch.gap_begin\",\"stage\":\"summary_collect\",\"symbol\":\"BTCUSDT\",\"component\":\"summary_collector\",\"cid\":\"c_aee7\",\"rid\":\"r_2294\",\"interval\":\"1m\",\"gap_from\":1761436800000,\"gap_to\":1761436800000,\"resume_from\":1761436800000,\"expected\":1}", "extra": {"taskName": "Task-2"}}
{"ts": "2025-10-26T14:31:13.291131+00:00", "level": "INFO", "name": "src.services.tracing", "msg": "{\"ts\":\"2025-10-26T14:31:13Z\",\"level\":\"INFO\",\"event\":\"fetch.batch\",\"stage\":\"summary_collect\",\"symbol\":\"BTCUSDT\",\"component\":\"summary_collector\",\"cid\":\"c_aee7\",\"rid\":\"r_2294\",\"scope\":\"summary.1m\",\"window\":{\"from\":1761436800000,\"to\":1761436860000},\"details\":\"interval=1m,limit=50\"}", "extra": {"taskName": "Task-2"}}
{"ts": "2025-10-26T14:31:13.291287+00:00", "level": "INFO", "name": "src.services.tracing", "msg": "{\"ts\":\"2025-10-26T14:31:13Z\",\"level\":\"INFO\",\"event\":\"fetch.batch_done\",\"stage\":\"summary_collect\",\"symbol\":\"BTCUSDT\",\"component\":\"summary_collector\",\"cid\":\"c_aee7\",\"rid\":\"r_2294\",\"interval\":\"1m\",\"gap_from\":1761436800000,\"gap_to\":1761436800000,\"cursor\":1761436800000,\"page_end\":1761436800000,\"rows\":2}", "extra": {"taskName": "Task-2"}}
{"ts": "2025-10-26T14:31:13.291394+00:00", "level": "INFO", "name": "src.services.ohlc_sanitizer", "msg": "Sanitised candles", "extra": {"taskName": "Task-2", "stage": "summary_fetch.1m", "input_count": 1, "output_count": 1, "invalid_ts": 0, "invalid_ohlc": 0, "earliest_ms": 1761436800000, "latest_ms": 1761436800000}}
{"ts": "2025-10-26T14:31:13.291573+00:00", "level": "INFO", "name": "src.services.ohlc_sanitizer", "msg": "Sanitised candles", "extra": {"taskName": null, "stage": "summary_fetch.1m", "input_count": 1, "output_count": 1, "invalid_ts": 0, "invalid_ohlc": 0, "earliest_ms": 1761436800000, "latest_ms": 1761436800000}}
{"ts": "2025-10-26T14:31:13.309265+00:00", "level": "INFO", "name": "src.services.tracing", "msg": "{\"ts\":\"2025-10-26T14:31:13Z\",\"level\":\"INFO\",\"event\":\"db.bulk_upsert\",\"stage\":\"summary_fetch.1m\",\"symbol\":\"BTCUSDT\",\"component\":\"summary_collector\",\"cid\":\"c_aee7\",\"rid\":\"r_2294\",\"interval\":\"1m\",\"chunk\":1,\"written\":1,\"dropped_ts\":0,\"dropped_ohlc\":0}", "extra": {"taskName": "Task-2"}}
{"ts": "2025-10-26T14:31:13.318977+00:00", "level": "INFO", "name": "src.services.tracing", "msg": "{\"ts\":\"2025-10-26T14:31:13Z\",\"level\":\"INFO\",\"event\":\"fetch.gap_complete\",\"stage\":\"summary_collect\",\"symbol\":\"BTCUSDT\",\"component\":\"summary_collector\",\"cid\":\"c_aee7\",\"rid\":\"r_2294\",\"interval\":\"1m\",\"gap_from\":1761436800000,\"gap_to\":1761436800000,\"written\":1,\"dropped_ts\":0,\"dropped_ohlc\":0,\"requests\":1}", "extra": {"taskName": "Task-2"}}
{"ts": "2025-10-26T14:31:13.328831+00:00", "level": "INFO", "name": "src.services.tracing", "msg": "{\"ts\":\"2025-10-26T14:31:13Z\",\"level\":\"INFO\",\"event\":\"interval.complete\",\"stage\":\"summary_collect\",\"symbol\":\"BTCUSDT\",\"component\":\"summary_collector\",\"cid\":\"c_aee7\",\"rid\":\"r_2294\",\"interval\":\"1m\",\"written\":1,\"requests\":1,\"remaining\":0}", "extra": {"taskName": "Task-2"}}
{"ts": "2025-10-26T14:31:13.328935+00:00", "level": "INFO", "name": "src.services.tracing", "msg": "{\"ts\":\"2025-10-26T14:31:13Z\",\"level\":\"INFO\",\"event\":\"collector.finished\",\"stage\":\"summary_collect\",\"symbol\":\"BTCUSDT\",\"component\":\"summary_collector\",\"cid\":\"c_aee7\",\"rid\":\"r_2294\",\"requests\":1,\"written\":1,\"dropped\":0}", "extra": {"taskName": "Task-2"}}
{"ts": "2025-10-26T14:31:13.329048+00:00", "level": "INFO", "name": "src.services.tracing", "msg": "{\"ts\":\"2025-10-26T14:31:13Z\",\"level\":\"INFO\",\"event\":\"fetch.batch_done\",\"stage\":\"pipeline\",\"symbol\":\"BTCUSDT\",\"cid\":\"c_aee7\",\"rid\":\"r_2294\",\"scope\":\"summary.1m\",\"window\":{\"from\":1761177600000,\"to\":1761436800000},\"metrics\":{\"requests\":1,\"ms\":292.87,\"candles_written\":1},\"details\":\"collect_recent_summary\"}", "extra": {"taskName": "Task-2"}}
{"ts": "2025-10-26T14:31:13.329130+00:00", "level": "INFO", "name": "src.services.tracing", "msg": "{\"ts\":\"2025-10-26T14:31:13Z\",\"level\":\"INFO\",\"event\":\"fetch.batch_start\",\"stage\":\"pipeline\",\"symbol\":\"BTCUSDT\",\"cid\":\"c_aee7\",\"rid\":\"r_2294\",\"scope\":\"repository.1m\",\"window\":{\"from\":1761177600000,\"to\":1761436800000},\"details\":\"repository.fetch_candles\"}", "extra": {"taskName": "Task-2"}}
{"ts": "2025-10-26T14:31:13.335044+00:00", "level": "INFO", "name": "src.services.tracing", "msg": "{\"ts\":\"2025-10-26T14:31:13Z\",\"level\":\"INFO\",\"event\":\"fetch.batch_done\",\"stage\":\"pipeline\",\"symbol\":\"BTCUSDT\",\"cid\":\"c_aee7\",\"rid\":\"r_2294\",\"scope\":\"repository.1m\",\"window\":{\"from\":1761177600000,\"to\":1761436800000},\"metrics\":{\"candles\":4321,\"ms\":5.89},\"details\":\"repository.fetch_candles\"}", "extra": {"taskName": "Task-2"}}
{"ts": "2025-10-26T14:31:13.346802+00:00", "level": "INFO", "name": "src.services.ohlc_sanitizer", "msg": "Sanitised candles", "extra": {"taskName": "Task-2", "stage": "rest.1m", "input_count": 4321, "output_count": 4321, "invalid_ts": 0, "invalid_ohlc": 0, "earliest_ms": 1761177600000, "latest_ms": 1761436800000}}
{"ts": "2025-10-26T14:31:13.351853+00:00", "level": "INFO", "name": "src.services.tracing", "msg": "{\"ts\":\"2025-10-26T14:31:13Z\",\"level\":\"INFO\",\"event\":\"pipeline.stage\",\"stage\":\"rollups\",\"symbol\":\"BTCUSDT\",\"cid\":\"c_aee7\",\"rid\":\"r_2294\",\"label\":\"rollups\",\"status\":\"start\",\"timeframes\":[\"1m\",\"3m\",\"5m\",\"15m\",\"1h\",\"4h\",\"1d\"]}", "extra": {"taskName": "Task-2"}}
{"ts": "2025-10-26T14:31:13.351940+00:00", "level": "INFO", "name": "src.services.check_all_datas", "msg": "pipeline.progress | symbol=BTCUSDT | event=inspection.pipeline.stage | payload={\"label\": \"rollups\", \"stage\": \"rollups\", \"status\": \"start\", \"timeframes\": [\"1m\", \"3m\", \"5m\", \"15m\", \"1h\", \"4h\", \"1d\"]}", "extra": {"taskName": "Task-2"}}
{"ts": "2025-10-26T14:31:13.356413+00:00", "level": "INFO", "name": "src.services.tracing", "msg": "{\"ts\":\"2025-10-26T14:31:13Z\",\"level\":\"INFO\",\"event\":\"availability.checked\",\"stage\":\"ohlcv.multi\",\"symbol\":\"BTCUSDT\",\"cid\":\"c_aee7\",\"rid\":\"r_2294\",\"scope\":\"ohlcv.1m\",\"window\":{\"from\":1761177660000,\"to\":1761436800000},\"metrics\":{\"expected\":4320,\"present\":4320,\"missing\":0,\"coverage_pct\":100.0}}", "extra": {"taskName": "Task-2"}}
{"ts": "2025-10-26T14:31:13.410711+00:00", "level": "INFO", "name": "src.services.tracing", "msg": "{\"ts\":\"2025-10-26T14:31:13Z\",\"level\":\"INFO\",\"event\":\"pipeline.stage\",\"stage\":\"rollups\",\"symbol\":\"BTCUSDT\",\"cid\":\"c_aee7\",\"rid\":\"r_2294\",\"label\":\"rollups\",\"status\":\"complete\",\"duration_ms\":58.802,\"bar_counts\":{\"1m\":4320,\"3m\":1441,\"5m\":865,\"15m\":289,\"1h\":73,\"4h\":19,\"1d\":4,\"seed_minutes\":4321},\"agg_counts\":{\"lookback_days\":3},\"completeness\":{\"has_seed\":true,\"source\":\"remote\"}}", "extra": {"taskName": "Task-2"}}
{"ts": "2025-10-26T14:31:13.410872+00:00", "level": "INFO", "name": "src.services.check_all_datas", "msg": "pipeline.progress | symbol=BTCUSDT | event=inspection.pipeline.stage | payload={\"agg_counts\": {\"lookback_days\": 3}, \"bar_counts\": {\"15m\": 289, \"1d\": 4, \"1h\": 73, \"1m\": 4320, \"3m\": 1441, \"4h\": 19, \"5m\": 865, \"seed_minutes\": 4321}, \"completeness\": {\"has_seed\": true, \"source\": \"remote\"}, \"duration_ms\": 58.802, \"label\": \"rollups\", \"stage\": \"rollups\", \"status\": \"complete\"}", "extra": {"taskName": "Task-2"}}
{"ts": "2025-10-26T14:31:13.411052+00:00", "level": "INFO", "name": "src.services.tracing", "msg": "{\"ts\":\"2025-10-26T14:31:13Z\",\"level\":\"INFO\",\"event\":\"pipeline.stage\",\"stage\":\"vwap_tpo\",\"symbol\":\"BTCUSDT\",\"cid\":\"c_aee7\",\"rid\":\"r_2294\",\"label\":\"vwap/tpo\",\"status\":\"start\",\"sessions\":[\"asia\",\"london\",\"ny\"]}", "extra": {"taskName": "Task-2"}}
{"ts": "2025-10-26T14:31:13.411132+00:00", "level": "INFO", "name": "src.services.check_all_datas", "msg": "pipeline.progress | symbol=BTCUSDT | event=inspection.pipeline.stage | payload={\"label\": \"vwap/tpo\", \"sessions\": [\"asia\", \"london\", \"ny\"], \"stage\": \"vwap_tpo\", \"status\": \"start\"}", "extra": {"taskName": "Task-2"}}
{"ts": "2025-10-26T14:31:13.752740+00:00", "level": "INFO", "name": "src.services.tracing", "msg": "{\"ts\":\"2025-10-26T14:31:13Z\",\"level\":\"INFO\",\"event\":\"pipeline.stage\",\"stage\":\"gaps\",\"symbol\":\"BTCUSDT\",\"cid\":\"c_aee7\",\"rid\":\"r_2294\",\"label\":\"gaps\",\"status\":\"start\",\"window\":{\"start_ms\":1761177600000,\"end_ms\":1761436740000},\"enforce\":true,\"strict\":true}", "extra": {"taskName": "Task-2"}}
{"ts": "2025-10-26T14:31:13.752896+00:00", "level": "INFO", "name": "src.services.check_all_datas", "msg": "pipeline.progress | symbol=BTCUSDT | event=inspection.pipeline.stage | payload={\"enforce\": true, \"label\": \"gaps\", \"stage\": \"gaps\", \"status\": \"start\", \"strict\": true, \"window\": {\"end_ms\": 1761436740000, \"start_ms\": 1761177600000}}", "extra": {"taskName": "Task-2"}}
{"ts": "2025-10-26T14:31:13.753418+00:00", "level": "INFO", "name": "src.services.tracing", "msg": "{\"ts\":\"2025-10-26T14:31:13Z\",\"level\":\"INFO\",\"event\":\"pipeline.stage\",\"stage\":\"gaps\",\"symbol\":\"BTCUSDT\",\"cid\":\"c_aee7\",\"rid\":\"r_2294\",\"label\":\"gaps\",\"status\":\"complete\",\"duration_ms\":0.698,\"bar_counts\":{\"expected\":4320,\"missing_before\":0,\"missing_after\":0,\"downloaded\":0},\"agg_counts\":{\"gap_count\":0,\"relaxed\":false},\"completeness\":{\"coverage_before\":1.0,\"coverage_after\":1.0,\"enforced\":true,\"relaxed\":false}}", "extra": {"taskName": "Task-2"}}
{"ts": "2025-10-26T14:31:13.753490+00:00", "level": "INFO", "name": "src.services.check_all_datas", "msg": "pipeline.progress | symbol=BTCUSDT | event=inspection.pipeline.stage | payload={\"agg_counts\": {\"gap_count\": 0, \"relaxed\": false}, \"bar_counts\": {\"downloaded\": 0, \"expected\": 4320, \"missing_after\": 0, \"missing_before\": 0}, \"completeness\": {\"coverage_after\": 1.0, \"coverage_before\": 1.0, \"enforced\": true, \"relaxed\": false}, \"duration_ms\": 0.698, \"label\": \"gaps\", \"stage\": \"gaps\", \"status\": \"complete\"}", "extra": {"taskName": "Task-2"}}
{"ts": "2025-10-26T14:31:13.806266+00:00", "level": "INFO", "name": "src.services.check_all_datas", "msg": "Liquidity module flag", "extra": {"taskName": "Task-2", "symbol": "BTCUSDT", "enabled": false, "strict_three_day": true, "network_backfill": false}}
{"ts": "2025-10-26T14:31:13.806426+00:00", "level": "INFO", "name": "src.services.check_all_datas", "msg": "Liquidity module disabled for strict offline run", "extra": {"taskName": "Task-2", "symbol": "BTCUSDT"}}
{"ts": "2025-10-26T14:31:13.808869+00:00", "level": "INFO", "name": "src.services.check_all_datas", "msg": "Resolved last price for inspection snapshot", "extra": {"taskName": "Task-2", "source": "ohlcv", "tf": "1m", "ts": 1761436800000, "age_sec": 0, "insufficient_reason": null}}
{"ts": "2025-10-26T14:31:13.809077+00:00", "level": "INFO", "name": "src.services.check_all_datas", "msg": "Snapshot age evaluated", "extra": {"taskName": "Task-2", "snapshot_age_sec": 0}}
{"ts": "2025-10-26T14:31:13.809174+00:00", "level": "INFO", "name": "src.services.tracing", "msg": "{\"ts\":\"2025-10-26T14:31:13Z\",\"level\":\"INFO\",\"event\":\"pipeline.stage\",\"stage\":\"zones\",\"symbol\":\"BTCUSDT\",\"cid\":\"c_aee7\",\"rid\":\"r_2294\",\"label\":\"zones\",\"status\":\"start\",\"availability\":{\"15m\":{\"required\":120,\"adjusted_required\":120,\"available\":288,\"total\":288,\"ok\":true},\"1h\":{\"required\":50,\"adjusted_required\":50,\"available\":72,\"total\":72,\"ok\":true},\"4h\":{\"required\":18,\"adjusted_required\":18,\"available\":18,\"total\":18,\"ok\":true}},\"warmup\":{\"15m\":{\"required\":60,\"adjusted_required\":0,\"actual\":0,\"partial\":false},\"1h\":{\"required\":30,\"adjusted_required\":0,\"actual\":0,\"partial\":false},\"4h\":{\"required\":18,\"adjusted_required\":0,\"actual\":0,\"partial\":false},\"1d\":{\"required\":0,\"adjusted_required\":0,\"actual\":0,\"partial\":false}}}", "extra": {"taskName": "Task-2"}}
{"ts": "2025-10-26T14:31:13.809257+00:00", "level": "INFO", "name": "src.services.check_all_datas", "msg": "pipeline.progress | symbol=BTCUSDT | event=inspection.pipeline.stage | payload={\"availability\": {\"15m\": {\"adjusted_required\": 120, \"available\": 288, \"ok\": true, \"required\": 120, \"total\": 288}, \"1h\": {\"adjusted_required\": 50, \"available\": 72, \"ok\": true, \"required\": 50, \"total\": 72}, \"4h\": {\"adjusted_required\": 18, \"available\": 18, \"ok\": true, \"required\": 18, \"total\": 18}}, \"label\": \"zones\", \"stage\": \"zones\", \"status\": \"start\", \"warmup\": {\"15m\": {\"actual\": 0, \"adjusted_required\": 0, \"partial\": false, \"required\": 60}, \"1d\": {\"actual\": 0, \"adjusted_required\": 0, \"partial\": false, \"required\": 0}, \"1h\": {\"actual\": 0, \"adjusted_required\": 0, \"partial\": false, \"required\": 30}, \"4h\": {\"actual\": 0, \"adjusted_required\": 0, \"partial\": false, \"required\": 18}}}", "extra": {"taskName": "Task-2"}}
{"ts": "2025-10-26T14:31:13.818504+00:00", "level": "INFO", "name": "src.services.tracing", "msg": "{\"ts\":\"2025-10-26T14:31:13Z\",\"level\":\"INFO\",\"event\":\"compute.zones\",\"stage\":\"pipeline\",\"symbol\":\"BTCUSDT\",\"cid\":\"c_aee7\",\"rid\":\"r_2294\",\"scope\":\"zones\",\"duration_ms\":9.14,\"bars\":4320}", "extra": {"taskName": "Task-2"}}
{"ts": "2025-10-26T14:31:13.819118+00:00", "level": "INFO", "name": "src.services.tracing", "msg": "{\"ts\":\"2025-10-26T14:31:13Z\",\"level\":\"INFO\",\"event\":\"pipeline.stage\",\"stage\":\"zones\",\"symbol\":\"BTCUSDT\",\"cid\":\"c_aee7\",\"rid\":\"r_2294\",\"label\":\"zones\",\"status\":\"complete\",\"duration_ms\":9.94,\"bar_counts\":{\"fvg\":5,\"fvl\":0,\"ob\":32,\"mb\":10,\"bb\":10,\"rb\":1,\"pb\":0,\"sr\":3,\"profile_levels\":12},\"agg_counts\":{\"focus_counts\":{\"fvg\":5,\"ob\":6}},\"completeness\":{\"availability\":{\"15m\":{\"required\":120,\"adjusted_required\":120,\"available\":288,\"total\":288,\"ok\":true},\"1h\":{\"required\":50,\"adjusted_required\":50,\"available\":72,\"total\":72,\"ok\":true},\"4h\":{\"required\":18,\"adjusted_required\":18,\"available\":18,\"total\":18,\"ok\":true}},\"warmup\":{\"15m\":{\"required\":60,\"adjusted_required\":0,\"actual\":0,\"partial\":false},\"1h\":{\"required\":30,\"adjusted_required\":0,\"actual\":0,\"partial\":false},\"4h\":{\"required\":18,\"adjusted_required\":0,\"actual\":0,\"partial\":false},\"1d\":{\"required\":0,\"adjusted_required\":0,\"actual\":0,\"partial\":false}}}}", "extra": {"taskName": "Task-2"}}
{"ts": "2025-10-26T14:31:13.819209+00:00", "level": "INFO", "name": "src.services.check_all_datas", "msg": "pipeline.progress | symbol=BTCUSDT | event=inspection.pipeline.stage | payload={\"agg_counts\": {\"focus_counts\": {\"fvg\": 5, \"ob\": 6}}, \"bar_counts\": {\"bb\": 10, \"fvg\": 5, \"fvl\": 0, \"mb\": 10, \"ob\": 32, \"pb\": 0, \"profile_levels\": 12, \"rb\": 1, \"sr\": 3}, \"completeness\": {\"availability\": {\"15m\": {\"adjusted_required\": 120, \"available\": 288, \"ok\": true, \"required\": 120, \"total\": 288}, \"1h\": {\"adjusted_required\": 50, \"available\": 72, \"ok\": true, \"required\": 50, \"total\": 72}, \"4h\": {\"adjusted_required\": 18, \"available\": 18, \"ok\": true, \"required\": 18, \"total\": 18}}, \"warmup\": {\"15m\": {\"actual\": 0, \"adjusted_required\": 0, \"partial\": false, \"required\": 60}, \"1d\": {\"actual\": 0, \"adjusted_required\": 0, \"partial\": false, \"required\": 0}, \"1h\": {\"actual\": 0, \"adjusted_required\": 0, \"partial\": false, \"required\": 30}, \"4h\": {\"actual\": 0, \"adjusted_required\": 0, \"partial\": false, \"required\": 18}}}, \"duration_ms\": 9.94, \"label\": \"zones\", \"stage\": \"zones\", \"status\": \"complete\"}", "extra": {"taskName": "Task-2"}}
{"ts": "2025-10-26T14:31:13.819663+00:00", "level": "INFO", "name": "src.services.tracing", "msg": "{\"ts\":\"2025-10-26T14:31:13Z\",\"level\":\"INFO\",\"event\":\"pipeline.stage\",\"stage\":\"delta\",\"symbol\":\"BTCUSDT\",\"cid\":\"c_aee7\",\"rid\":\"r_2294\",\"label\":\"delta\",\"status\":\"start\",\"window\":{\"start_ms\":1761393600000,\"end_ms\":1761436740000}}", "extra": {"taskName": "Task-2"}}
{"ts": "2025-10-26T14:31:13.819734+00:00", "level": "INFO", "name": "src.services.check_all_datas", "msg": "pipeline.progress | symbol=BTCUSDT | event=inspection.pipeline.stage | payload={\"label\": \"delta\", \"stage\": \"delta\", \"status\": \"start\", \"window\": {\"end_ms\": 1761436740000, \"start_ms\": 1761393600000}}", "extra": {"taskName": "Task-2"}}
{"ts": "2025-10-26T14:31:13.824274+00:00", "level": "INFO", "name": "src.services.check_all_datas", "msg": "Orderflow proxy built", "extra": {"taskName": "Task-2", "symbol": "BTCUSDT", "bars_1m": 720}}
{"ts": "2025-10-26T14:31:13.824391+00:00", "level": "INFO", "name": "src.services.tracing", "msg": "{\"ts\":\"2025-10-26T14:31:13Z\",\"level\":\"INFO\",\"event\":\"pipeline.stage\",\"stage\":\"delta\",\"symbol\":\"BTCUSDT\",\"cid\":\"c_aee7\",\"rid\":\"r_2294\",\"label\":\"delta\",\"status\":\"complete\",\"duration_ms\":4.719,\"bar_counts\":{\"1m\":720,\"3m\":240,\"5m\":144,\"15m\":48,\"1h\":12},\"agg_counts\":{\"1m\":720,\"3m\":240,\"5m\":144,\"15m\":48,\"1h\":12,\"1m_raw\":720},\"completeness\":{\"expected_minutes\":720,\"with_trades\":0,\"missing_minutes\":0,\"gaps\":[],\"reconstructed_minutes\":0}}", "extra": {"taskName": "Task-2"}}
{"ts": "2025-10-26T14:31:13.824484+00:00", "level": "INFO", "name": "src.services.check_all_datas", "msg": "pipeline.progress | symbol=BTCUSDT | event=inspection.pipeline.stage | payload={\"agg_counts\": {\"15m\": 48, \"1h\": 12, \"1m\": 720, \"1m_raw\": 720, \"3m\": 240, \"5m\": 144}, \"bar_counts\": {\"15m\": 48, \"1h\": 12, \"1m\": 720, \"3m\": 240, \"5m\": 144}, \"completeness\": {\"expected_minutes\": 720, \"gaps\": [], \"missing_minutes\": 0, \"reconstructed_minutes\": 0, \"with_trades\": 0}, \"duration_ms\": 4.719, \"label\": \"delta\", \"stage\": \"delta\", \"status\": \"complete\"}", "extra": {"taskName": "Task-2"}}
{"ts": "2025-10-26T14:31:13.824596+00:00", "level": "INFO", "name": "src.services.tracing", "msg": "{\"ts\":\"2025-10-26T14:31:13Z\",\"level\":\"INFO\",\"event\":\"compute.rollups\",\"stage\":\"pipeline\",\"symbol\":\"BTCUSDT\",\"cid\":\"c_aee7\",\"rid\":\"r_2294\",\"scope\":\"rollups\",\"frames\":7}", "extra": {"taskName": "Task-2"}}
{"ts": "2025-10-26T14:31:13.853719+00:00", "level": "INFO", "name": "src.services.tracing", "msg": "{\"ts\":\"2025-10-26T14:31:13Z\",\"level\":\"INFO\",\"event\":\"compute.vwap_tpo\",\"stage\":\"pipeline\",\"symbol\":\"BTCUSDT\",\"cid\":\"c_aee7\",\"rid\":\"r_2294\",\"scope\":\"vwap_tpo.compact\",\"metrics\":{\"bars\":3000,\"ms\":18.035},\"windows\":5}", "extra": {"taskName": "Task-2"}}
{"ts": "2025-10-26T14:31:13.859617+00:00", "level": "INFO", "name": "src.services.tracing", "msg": "{\"ts\":\"2025-10-26T14:31:13Z\",\"level\":\"INFO\",\"event\":\"pipeline.stage\",\"stage\":\"vwap_tpo\",\"symbol\":\"BTCUSDT\",\"cid\":\"c_aee7\",\"rid\":\"r_2294\",\"label\":\"vwap/tpo\",\"status\":\"complete\",\"duration_ms\":448.553,\"bar_counts\":{\"asia\":120,\"london\":0,\"ny\":0},\"agg_counts\":{\"sessions\":3},\"completeness\":{\"asia\":{\"status\":\"partial\",\"coverage_ratio\":0.5},\"london\":{\"status\":\"empty\",\"coverage_ratio\":0.0},\"ny\":{\"status\":\"empty\",\"coverage_ratio\":0.0}}}", "extra": {"taskName": "Task-2"}}
{"ts": "2025-10-26T14:31:13.859717+00:00", "level": "INFO", "name": "src.services.check_all_datas", "msg": "pipeline.progress | symbol=BTCUSDT | event=inspection.pipeline.stage | payload={\"agg_counts\": {\"sessions\": 3}, \"bar_counts\": {\"asia\": 120, \"london\": 0, \"ny\": 0}, \"completeness\": {\"asia\": {\"coverage_ratio\": 0.5, \"status\": \"partial\"}, \"london\": {\"coverage_ratio\": 0.0, \"status\": \"empty\"}, \"ny\": {\"coverage_ratio\": 0.0, \"status\": \"empty\"}}, \"duration_ms\": 448.553, \"label\": \"vwap/tpo\", \"stage\": \"vwap_tpo\", \"status\": \"complete\"}", "extra": {"taskName": "Task-2"}}
{"ts": "2025-10-26T14:31:13.859788+00:00", "level": "INFO", "name": "src.services.tracing", "msg": "{\"ts\":\"2025-10-26T14:31:13Z\",\"level\":\"INFO\",\"event\":\"compute.vwap_tpo\",\"stage\":\"pipeline\",\"symbol\":\"BTCUSDT\",\"cid\":\"c_aee7\",\"rid\":\"r_2294\",\"scope\":\"vwap_tpo\",\"sessions\":3}", "extra": {"taskName": "Task-2"}}
{"ts": "2025-10-26T14:31:13.866362+00:00", "level": "INFO", "name": "src.services.tracing", "msg": "{\"ts\":\"2025-10-26T14:31:13Z\",\"level\":\"INFO\",\"event\":\"compute.poi.topN\",\"stage\":\"pipeline\",\"symbol\":\"BTCUSDT\",\"cid\":\"c_aee7\",\"rid\":\"r_2294\",\"scope\":\"zones\",\"counts\":{\"fvg\":5,\"fvl\":0,\"ob\":32,\"mb\":10,\"bb\":10,\"rb\":1,\"pb\":0,\"sr\":3,\"profile_levels\":12}}", "extra": {"taskName": "Task-2"}}
{"ts": "2025-10-26T14:31:13.866535+00:00", "level": "INFO", "name": "src.services.tracing", "msg": "{\"ts\":\"2025-10-26T14:31:13Z\",\"level\":\"INFO\",\"event\":\"pipeline.stage\",\"stage\":\"vitrines\",\"symbol\":\"BTCUSDT\",\"cid\":\"c_aee7\",\"rid\":\"r_2294\",\"label\":\"vitrines\",\"status\":\"start\"}", "extra": {"taskName": "Task-2"}}
{"ts": "2025-10-26T14:31:13.866612+00:00", "level": "INFO", "name": "src.services.check_all_datas", "msg": "pipeline.progress | symbol=BTCUSDT | event=inspection.pipeline.stage | payload={\"label\": \"vitrines\", \"stage\": \"vitrines\", \"status\": \"start\"}", "extra": {"taskName": "Task-2"}}
{"ts": "2025-10-26T14:31:13.866883+00:00", "level": "INFO", "name": "src.services.tracing", "msg": "{\"ts\":\"2025-10-26T14:31:13Z\",\"level\":\"INFO\",\"event\":\"pipeline.stage\",\"stage\":\"vitrines\",\"symbol\":\"BTCUSDT\",\"cid\":\"c_aee7\",\"rid\":\"r_2294\",\"label\":\"vitrines\",\"status\":\"complete\",\"duration_ms\":0.328,\"bar_counts\":{\"A\":11,\"B\":3},\"agg_counts\":{\"diagnostics\":{\"A\":{\"missing_modules\":[],\"reason_flags\":[],\"validation_errors\":[]},\"B\":{\"missing_modules\":[\"liquidity.sweeps\"],\"reason_flags\":[\"sweeps_missing\"],\"validation_errors\":[],\"fresh_counts\":{\"fvg\":0,\"ob\":6},\"delta_15m\":67.10000000003492,\"cvd_agg\":67.10000000003492,\"sweeps_sample\":0}}},\"completeness\":{\"A\":{\"window_hours\":72,\"counts\":{\"fvg\":5,\"ob\":6},\"open_entries\":11,\"has_last_price\":true,\"missing_modules\":[],\"valid\":true,\"validation_errors\":[]},\"B\":{\"sessions\":{\"asia\":true,\"london\":true,\"ny\":true},\"missing_modules\":[\"liquidity.sweeps\"],\"has_delta_15m\":true,\"has_cvd\":true,\"has_sweeps\":false,\"fresh_intraday\":{\"fvg\":0,\"ob\":6},\"valid\":true,\"validation_errors\":[]}}}", "extra": {"taskName": "Task-2"}}
{"ts": "2025-10-26T14:31:13.867041+00:00", "level": "INFO", "name": "src.services.check_all_datas", "msg": "pipeline.progress | symbol=BTCUSDT | event=inspection.pipeline.stage | payload={\"agg_counts\": {\"diagnostics\": {\"A\": {\"missing_modules\": [], \"reason_flags\": [], \"validation_errors\": []}, \"B\": {\"cvd_agg\": 67.10000000003492, \"delta_15m\": 67.10000000003492, \"fresh_counts\": {\"fvg\": 0, \"ob\": 6}, \"missing_modules\": [\"liquidity.sweeps\"], \"reason_flags\": [\"sweeps_missing\"], \"sweeps_sample\": 0, \"validation_errors\": []}}}, \"bar_counts\": {\"A\": 11, \"B\": 3}, \"completeness\": {\"A\": {\"counts\": {\"fvg\": 5, \"ob\": 6}, \"has_last_price\": true, \"missing_modules\": [], \"open_entries\": 11, \"valid\": true, \"validation_errors\": [], \"window_hours\": 72}, \"B\": {\"fresh_intraday\": {\"fvg\": 0, \"ob\": 6}, \"has_cvd\": true, \"has_delta_15m\": true, \"has_sweeps\": false, \"missing_modules\": [\"liquidity.sweeps\"], \"sessions\": {\"asia\": true, \"london\": true, \"ny\": true}, \"valid\": true, \"validation_errors\": []}}, \"duration_ms\": 0.328, \"label\": \"vitrines\", \"stage\": \"vitrines\", \"status\": \"complete\"}", "extra": {"taskName": "Task-2"}}
{"ts": "2025-10-26T14:31:13.867147+00:00", "level": "INFO", "name": "src.services.tracing", "msg": "{\"ts\":\"2025-10-26T14:31:13Z\",\"level\":\"INFO\",\"event\":\"availability.checked\",\"stage\":\"pipeline\",\"symbol\":\"BTCUSDT\",\"cid\":\"c_aee7\",\"rid\":\"r_2294\",\"scope\":\"payload\",\"blocks\":[\"timeframes\"]}", "extra": {"taskName": "Task-2"}}
{"ts": "2025-10-26T14:31:13.867743+00:00", "level": "INFO", "name": "src.services.check_all_datas", "msg": "Missing fields detected", "extra": {"taskName": "Task-2", "missing_fields": ["orderflow.footprint", "vwap_tpo.sessions.london.ib_high", "vwap_tpo.sessions.london.ib_low", "vwap_tpo.sessions.london.poc", "vwap_tpo.sessions.london.vah", "vwap_tpo.sessions.london.val", "vwap_tpo.sessions.ny.ib_high", "vwap_tpo.sessions.ny.ib_low", "vwap_tpo.sessions.ny.poc", "vwap_tpo.sessions.ny.vah", "vwap_tpo.sessions.ny.val", "zones.fvl", "zones.pb", "zones.recent"]}}
{"ts": "2025-10-26T14:31:13.879829+00:00", "level": "INFO", "name": "src.services.tracing", "msg": "{\"ts\":\"2025-10-26T14:31:13Z\",\"level\":\"INFO\",\"event\":\"output.prepare_payload\",\"stage\":\"pipeline\",\"symbol\":\"BTCUSDT\",\"cid\":\"c_aee7\",\"rid\":\"r_2294\",\"scope\":\"output\",\"status\":\"ready\",\"missing_fields\":14}", "extra": {"taskName": "Task-2"}}
{"ts": "2025-10-26T14:31:13.892748+00:00", "level": "INFO", "name": "src.services.tracing", "msg": "{\"ts\":\"2025-10-26T14:31:13Z\",\"level\":\"INFO\",\"event\":\"output.publish\",\"stage\":\"pipeline\",\"symbol\":\"BTCUSDT\",\"cid\":\"c_aee7\",\"rid\":\"r_2294\",\"scope\":\"output\",\"status\":\"ready\",\"size_bytes\":1190827}", "extra": {"taskName": "Task-2"}}
{"ts": "2025-10-26T14:31:13.892857+00:00", "level": "INFO", "name": "src.services.tracing", "msg": "{\"ts\":\"2025-10-26T14:31:13Z\",\"level\":\"INFO\",\"event\":\"pipeline.done\",\"stage\":\"pipeline\",\"symbol\":\"BTCUSDT\",\"cid\":\"c_aee7\",\"rid\":\"r_2294\",\"scope\":\"pipeline\",\"status\":\"ready\",\"fetch_ms\":292.87,\"db_ms\":5.89,\"compute_ms\":545.34,\"serialize_ms\":12.26,\"size_bytes\":1190827}", "extra": {"taskName": "Task-2"}}
{"ts": "2025-10-26T14:31:13.954089+00:00", "level": "INFO", "name": "src.services.check_all_datas", "msg": "pipeline.run.complete | symbol=BTCUSDT | status=ready", "extra": {"taskName": "Task-2"}}
{"ts": "2025-10-26T14:31:13.954304+00:00", "level": "INFO", "name": "src.api.app", "msg": "app.bootstrap.complete", "extra": {"taskName": "Task-2", "symbols": ["BTCUSDT"], "days": 3, "seconds": 243.49}}
{"ts": "2025-10-26T14:36:21.413595+00:00", "level": "INFO", "name": "src.services.tracing", "msg": "{\"ts\":\"2025-10-26T14:36:21Z\",\"level\":\"INFO\",\"event\":\"pipeline.start\",\"stage\":\"summary\",\"symbol\":\"BTCUSDT\",\"cid\":\"c_1e68\",\"rid\":\"r_7418\",\"window_hours\":72,\"mode\":\"summary\"}", "extra": {"taskName": "starlette.middleware.base.BaseHTTPMiddleware.__call__.<locals>.call_next.<locals>.coro"}}
{"ts": "2025-10-26T14:36:21.424559+00:00", "level": "INFO", "name": "src.services.inspection_cache_service", "msg": "inspection.cache.ensure.start", "extra": {"taskName": "starlette.middleware.base.BaseHTTPMiddleware.__call__.<locals>.call_next.<locals>.coro", "symbol": "BTCUSDT", "days": 3, "target_days": ["2025-10-25", "2025-10-24", "2025-10-23"], "network_backfill": false}}
{"ts": "2025-10-26T14:36:21.441369+00:00", "level": "INFO", "name": "src.services.inspection_cache_service", "msg": "inspection.cache.ensure.hit", "extra": {"taskName": "starlette.middleware.base.BaseHTTPMiddleware.__call__.<locals>.call_next.<locals>.coro", "symbol": "BTCUSDT", "day": "2025-10-23", "minutes_found": 0, "minutes_expected": 1440}}
{"ts": "2025-10-26T14:36:21.449019+00:00", "level": "INFO", "name": "src.services.inspection_cache_service", "msg": "inspection.cache.ensure.hit", "extra": {"taskName": "starlette.middleware.base.BaseHTTPMiddleware.__call__.<locals>.call_next.<locals>.coro", "symbol": "BTCUSDT", "day": "2025-10-24", "minutes_found": 0, "minutes_expected": 1440}}
{"ts": "2025-10-26T14:36:21.456722+00:00", "level": "INFO", "name": "src.services.inspection_cache_service", "msg": "inspection.cache.ensure.hit", "extra": {"taskName": "starlette.middleware.base.BaseHTTPMiddleware.__call__.<locals>.call_next.<locals>.coro", "symbol": "BTCUSDT", "day": "2025-10-25", "minutes_found": 0, "minutes_expected": 1440}}
{"ts": "2025-10-26T14:36:21.456847+00:00", "level": "INFO", "name": "src.services.inspection_cache_service", "msg": "inspection.cache.ensure.complete", "extra": {"taskName": "starlette.middleware.base.BaseHTTPMiddleware.__call__.<locals>.call_next.<locals>.coro", "symbol": "BTCUSDT", "status": "warm", "days": 3}}
{"ts": "2025-10-26T14:36:21.456970+00:00", "level": "INFO", "name": "src.services.inspection_cache_service", "msg": "inspection.cache.seed.built", "extra": {"taskName": "starlette.middleware.base.BaseHTTPMiddleware.__call__.<locals>.call_next.<locals>.coro", "timeframes": ["15m", "1d", "1h", "1m", "3m", "4h", "5m"], "minutes_found": 0, "minutes_expected": 4320, "coverage_pct": 0.0}}
{"ts": "2025-10-26T14:36:21.457098+00:00", "level": "INFO", "name": "src.services.check_all_datas", "msg": "pipeline.run.start | symbol=BTCUSDT | window_hours=72 | hours=None | strict_window=True | network_backfill=False | timeout=180.0", "extra": {"taskName": "starlette.middleware.base.BaseHTTPMiddleware.__call__.<locals>.call_next.<locals>.coro"}}
{"ts": "2025-10-26T14:36:21.457403+00:00", "level": "INFO", "name": "src.services.ohlc_sanitizer", "msg": "Sanitised candles", "extra": {"taskName": "starlette.middleware.base.BaseHTTPMiddleware.__call__.<locals>.call_next.<locals>.coro", "stage": "seed.1m", "input_count": 0, "output_count": 0, "invalid_ts": 0, "invalid_ohlc": 0, "earliest_ms": null, "latest_ms": null}}
{"ts": "2025-10-26T14:36:21.457518+00:00", "level": "INFO", "name": "src.services.tracing", "msg": "{\"ts\":\"2025-10-26T14:36:21Z\",\"level\":\"INFO\",\"event\":\"ui.click_received\",\"stage\":\"pipeline\",\"symbol\":\"BTCUSDT\",\"cid\":\"c_1e68\",\"rid\":\"r_7418\",\"scope\":\"ui\",\"strict_window\":true,\"network_backfill\":false,\"minute_backfill_enabled\":false}", "extra": {"taskName": "starlette.middleware.base.BaseHTTPMiddleware.__call__.<locals>.call_next.<locals>.coro"}}
{"ts": "2025-10-26T14:36:21.457592+00:00", "level": "INFO", "name": "src.services.tracing", "msg": "{\"ts\":\"2025-10-26T14:36:21Z\",\"level\":\"INFO\",\"event\":\"pipeline.start\",\"stage\":\"pipeline\",\"symbol\":\"BTCUSDT\",\"cid\":\"c_1e68\",\"rid\":\"r_7418\",\"scope\":\"pipeline\",\"strict_window\":true,\"network_backfill\":false,\"minute_backfill_enabled\":false}", "extra": {"taskName": "starlette.middleware.base.BaseHTTPMiddleware.__call__.<locals>.call_next.<locals>.coro"}}
{"ts": "2025-10-26T14:36:21.457664+00:00", "level": "INFO", "name": "src.services.tracing", "msg": "{\"ts\":\"2025-10-26T14:36:21Z\",\"level\":\"INFO\",\"event\":\"pipeline.contract_ok\",\"stage\":\"pipeline\",\"symbol\":\"BTCUSDT\",\"cid\":\"c_1e68\",\"rid\":\"r_7418\",\"scope\":\"pipeline\",\"base_window_hours\":72,\"strict_three_day\":true,\"window_end_ms\":1761436800000}", "extra": {"taskName": "starlette.middleware.base.BaseHTTPMiddleware.__call__.<locals>.call_next.<locals>.coro"}}
{"ts": "2025-10-26T14:36:21.457794+00:00", "level": "INFO", "name": "src.services.tracing", "msg": "{\"ts\":\"2025-10-26T14:36:21Z\",\"level\":\"INFO\",\"event\":\"fetch.batch_start\",\"stage\":\"pipeline\",\"symbol\":\"BTCUSDT\",\"cid\":\"c_1e68\",\"rid\":\"r_7418\",\"scope\":\"summary.1m\",\"window\":{\"from\":1761177600000,\"to\":1761436800000},\"details\":\"collect_recent_summary\"}", "extra": {"taskName": "starlette.middleware.base.BaseHTTPMiddleware.__call__.<locals>.call_next.<locals>.coro"}}
{"ts": "2025-10-26T14:36:21.457880+00:00", "level": "INFO", "name": "src.services.tracing", "msg": "{\"ts\":\"2025-10-26T14:36:21Z\",\"level\":\"INFO\",\"event\":\"collector.start\",\"stage\":\"summary_collect\",\"symbol\":\"BTCUSDT\",\"component\":\"summary_collector\",\"cid\":\"c_1e68\",\"rid\":\"r_7418\",\"start_ms\":1761177600000,\"end_ms\":1761436800000,\"days\":3}", "extra": {"taskName": "starlette.middleware.base.BaseHTTPMiddleware.__call__.<locals>.call_next.<locals>.coro"}}
{"ts": "2025-10-26T14:36:21.462641+00:00", "level": "INFO", "name": "src.services.tracing", "msg": "{\"ts\":\"2025-10-26T14:36:21Z\",\"level\":\"INFO\",\"event\":\"gaps.detected\",\"stage\":\"summary_collect\",\"symbol\":\"BTCUSDT\",\"component\":\"summary_collector\",\"cid\":\"c_1e68\",\"rid\":\"r_7418\",\"interval\":\"1m\",\"total\":0,\"merged\":0,\"first_expected\":1761177600000,\"last_closed\":1761436800000}", "extra": {"taskName": "starlette.middleware.base.BaseHTTPMiddleware.__call__.<locals>.call_next.<locals>.coro"}}
{"ts": "2025-10-26T14:36:21.462788+00:00", "level": "INFO", "name": "src.services.tracing", "msg": "{\"ts\":\"2025-10-26T14:36:21Z\",\"level\":\"INFO\",\"event\":\"gaps.merged\",\"stage\":\"summary_collect\",\"symbol\":\"BTCUSDT\",\"component\":\"summary_collector\",\"cid\":\"c_1e68\",\"rid\":\"r_7418\",\"interval\":\"1m\",\"total\":0,\"merged\":0}", "extra": {"taskName": "starlette.middleware.base.BaseHTTPMiddleware.__call__.<locals>.call_next.<locals>.coro"}}
{"ts": "2025-10-26T14:36:21.462907+00:00", "level": "INFO", "name": "src.services.tracing", "msg": "{\"ts\":\"2025-10-26T14:36:21Z\",\"level\":\"INFO\",\"event\":\"interval.complete\",\"stage\":\"summary_collect\",\"symbol\":\"BTCUSDT\",\"component\":\"summary_collector\",\"cid\":\"c_1e68\",\"rid\":\"r_7418\",\"interval\":\"1m\",\"written\":0,\"requests\":0}", "extra": {"taskName": "starlette.middleware.base.BaseHTTPMiddleware.__call__.<locals>.call_next.<locals>.coro"}}
{"ts": "2025-10-26T14:36:21.469377+00:00", "level": "INFO", "name": "src.services.tracing", "msg": "{\"ts\":\"2025-10-26T14:36:21Z\",\"level\":\"INFO\",\"event\":\"collector.finished\",\"stage\":\"summary_collect\",\"symbol\":\"BTCUSDT\",\"component\":\"summary_collector\",\"cid\":\"c_1e68\",\"rid\":\"r_7418\",\"requests\":0,\"written\":0,\"dropped\":0}", "extra": {"taskName": "starlette.middleware.base.BaseHTTPMiddleware.__call__.<locals>.call_next.<locals>.coro"}}
{"ts": "2025-10-26T14:36:21.469505+00:00", "level": "INFO", "name": "src.services.tracing", "msg": "{\"ts\":\"2025-10-26T14:36:21Z\",\"level\":\"INFO\",\"event\":\"fetch.batch_done\",\"stage\":\"pipeline\",\"symbol\":\"BTCUSDT\",\"cid\":\"c_1e68\",\"rid\":\"r_7418\",\"scope\":\"summary.1m\",\"window\":{\"from\":1761177600000,\"to\":1761436800000},\"metrics\":{\"requests\":0,\"ms\":11.7,\"candles_written\":0},\"details\":\"collect_recent_summary\"}", "extra": {"taskName": "starlette.middleware.base.BaseHTTPMiddleware.__call__.<locals>.call_next.<locals>.coro"}}
{"ts": "2025-10-26T14:36:21.469582+00:00", "level": "INFO", "name": "src.services.tracing", "msg": "{\"ts\":\"2025-10-26T14:36:21Z\",\"level\":\"INFO\",\"event\":\"fetch.batch_start\",\"stage\":\"pipeline\",\"symbol\":\"BTCUSDT\",\"cid\":\"c_1e68\",\"rid\":\"r_7418\",\"scope\":\"repository.1m\",\"window\":{\"from\":1761177600000,\"to\":1761436800000},\"details\":\"repository.fetch_candles\"}", "extra": {"taskName": "starlette.middleware.base.BaseHTTPMiddleware.__call__.<locals>.call_next.<locals>.coro"}}
{"ts": "2025-10-26T14:36:21.475611+00:00", "level": "INFO", "name": "src.services.tracing", "msg": "{\"ts\":\"2025-10-26T14:36:21Z\",\"level\":\"INFO\",\"event\":\"fetch.batch_done\",\"stage\":\"pipeline\",\"symbol\":\"BTCUSDT\",\"cid\":\"c_1e68\",\"rid\":\"r_7418\",\"scope\":\"repository.1m\",\"window\":{\"from\":1761177600000,\"to\":1761436800000},\"metrics\":{\"candles\":4321,\"ms\":6.01},\"details\":\"repository.fetch_candles\"}", "extra": {"taskName": "starlette.middleware.base.BaseHTTPMiddleware.__call__.<locals>.call_next.<locals>.coro"}}
{"ts": "2025-10-26T14:36:21.488306+00:00", "level": "INFO", "name": "src.services.ohlc_sanitizer", "msg": "Sanitised candles", "extra": {"taskName": "starlette.middleware.base.BaseHTTPMiddleware.__call__.<locals>.call_next.<locals>.coro", "stage": "rest.1m", "input_count": 4321, "output_count": 4321, "invalid_ts": 0, "invalid_ohlc": 0, "earliest_ms": 1761177600000, "latest_ms": 1761436800000}}
{"ts": "2025-10-26T14:36:21.494334+00:00", "level": "INFO", "name": "src.services.tracing", "msg": "{\"ts\":\"2025-10-26T14:36:21Z\",\"level\":\"INFO\",\"event\":\"pipeline.stage\",\"stage\":\"rollups\",\"symbol\":\"BTCUSDT\",\"cid\":\"c_1e68\",\"rid\":\"r_7418\",\"label\":\"rollups\",\"status\":\"start\",\"timeframes\":[\"1m\",\"3m\",\"5m\",\"15m\",\"1h\",\"4h\",\"1d\"]}", "extra": {"taskName": "starlette.middleware.base.BaseHTTPMiddleware.__call__.<locals>.call_next.<locals>.coro"}}
{"ts": "2025-10-26T14:36:21.494450+00:00", "level": "INFO", "name": "src.services.check_all_datas", "msg": "pipeline.progress | symbol=BTCUSDT | event=inspection.pipeline.stage | payload={\"label\": \"rollups\", \"stage\": \"rollups\", \"status\": \"start\", \"timeframes\": [\"1m\", \"3m\", \"5m\", \"15m\", \"1h\", \"4h\", \"1d\"]}", "extra": {"taskName": "starlette.middleware.base.BaseHTTPMiddleware.__call__.<locals>.call_next.<locals>.coro"}}
{"ts": "2025-10-26T14:36:21.499156+00:00", "level": "INFO", "name": "src.services.tracing", "msg": "{\"ts\":\"2025-10-26T14:36:21Z\",\"level\":\"INFO\",\"event\":\"availability.checked\",\"stage\":\"ohlcv.multi\",\"symbol\":\"BTCUSDT\",\"cid\":\"c_1e68\",\"rid\":\"r_7418\",\"scope\":\"ohlcv.1m\",\"window\":{\"from\":1761177660000,\"to\":1761436800000},\"metrics\":{\"expected\":4320,\"present\":4320,\"missing\":0,\"coverage_pct\":100.0}}", "extra": {"taskName": "starlette.middleware.base.BaseHTTPMiddleware.__call__.<locals>.call_next.<locals>.coro"}}
{"ts": "2025-10-26T14:36:21.521540+00:00", "level": "INFO", "name": "src.services.tracing", "msg": "{\"ts\":\"2025-10-26T14:36:21Z\",\"level\":\"INFO\",\"event\":\"pipeline.stage\",\"stage\":\"rollups\",\"symbol\":\"BTCUSDT\",\"cid\":\"c_1e68\",\"rid\":\"r_7418\",\"label\":\"rollups\",\"status\":\"complete\",\"duration_ms\":27.164,\"bar_counts\":{\"1m\":4320,\"3m\":1441,\"5m\":865,\"15m\":289,\"1h\":73,\"4h\":19,\"1d\":4,\"seed_minutes\":4321},\"agg_counts\":{\"lookback_days\":3},\"completeness\":{\"has_seed\":true,\"source\":\"remote\"}}", "extra": {"taskName": "starlette.middleware.base.BaseHTTPMiddleware.__call__.<locals>.call_next.<locals>.coro"}}
{"ts": "2025-10-26T14:36:21.521713+00:00", "level": "INFO", "name": "src.services.check_all_datas", "msg": "pipeline.progress | symbol=BTCUSDT | event=inspection.pipeline.stage | payload={\"agg_counts\": {\"lookback_days\": 3}, \"bar_counts\": {\"15m\": 289, \"1d\": 4, \"1h\": 73, \"1m\": 4320, \"3m\": 1441, \"4h\": 19, \"5m\": 865, \"seed_minutes\": 4321}, \"completeness\": {\"has_seed\": true, \"source\": \"remote\"}, \"duration_ms\": 27.164, \"label\": \"rollups\", \"stage\": \"rollups\", \"status\": \"complete\"}", "extra": {"taskName": "starlette.middleware.base.BaseHTTPMiddleware.__call__.<locals>.call_next.<locals>.coro"}}
{"ts": "2025-10-26T14:36:21.521861+00:00", "level": "INFO", "name": "src.services.tracing", "msg": "{\"ts\":\"2025-10-26T14:36:21Z\",\"level\":\"INFO\",\"event\":\"pipeline.stage\",\"stage\":\"vwap_tpo\",\"symbol\":\"BTCUSDT\",\"cid\":\"c_1e68\",\"rid\":\"r_7418\",\"label\":\"vwap/tpo\",\"status\":\"start\",\"sessions\":[\"asia\",\"london\",\"ny\"]}", "extra": {"taskName": "starlette.middleware.base.BaseHTTPMiddleware.__call__.<locals>.call_next.<locals>.coro"}}
{"ts": "2025-10-26T14:36:21.521960+00:00", "level": "INFO", "name": "src.services.check_all_datas", "msg": "pipeline.progress | symbol=BTCUSDT | event=inspection.pipeline.stage | payload={\"label\": \"vwap/tpo\", \"sessions\": [\"asia\", \"london\", \"ny\"], \"stage\": \"vwap_tpo\", \"status\": \"start\"}", "extra": {"taskName": "starlette.middleware.base.BaseHTTPMiddleware.__call__.<locals>.call_next.<locals>.coro"}}
{"ts": "2025-10-26T14:36:21.544839+00:00", "level": "INFO", "name": "src.services.tracing", "msg": "{\"ts\":\"2025-10-26T14:36:21Z\",\"level\":\"INFO\",\"event\":\"pipeline.stage\",\"stage\":\"gaps\",\"symbol\":\"BTCUSDT\",\"cid\":\"c_1e68\",\"rid\":\"r_7418\",\"label\":\"gaps\",\"status\":\"start\",\"window\":{\"start_ms\":1761177600000,\"end_ms\":1761436740000},\"enforce\":true,\"strict\":true}", "extra": {"taskName": "starlette.middleware.base.BaseHTTPMiddleware.__call__.<locals>.call_next.<locals>.coro"}}
{"ts": "2025-10-26T14:36:21.544968+00:00", "level": "INFO", "name": "src.services.check_all_datas", "msg": "pipeline.progress | symbol=BTCUSDT | event=inspection.pipeline.stage | payload={\"enforce\": true, \"label\": \"gaps\", \"stage\": \"gaps\", \"status\": \"start\", \"strict\": true, \"window\": {\"end_ms\": 1761436740000, \"start_ms\": 1761177600000}}", "extra": {"taskName": "starlette.middleware.base.BaseHTTPMiddleware.__call__.<locals>.call_next.<locals>.coro"}}
{"ts": "2025-10-26T14:36:21.545518+00:00", "level": "INFO", "name": "src.services.tracing", "msg": "{\"ts\":\"2025-10-26T14:36:21Z\",\"level\":\"INFO\",\"event\":\"pipeline.stage\",\"stage\":\"gaps\",\"symbol\":\"BTCUSDT\",\"cid\":\"c_1e68\",\"rid\":\"r_7418\",\"label\":\"gaps\",\"status\":\"complete\",\"duration_ms\":0.694,\"bar_counts\":{\"expected\":4320,\"missing_before\":0,\"missing_after\":0,\"downloaded\":0},\"agg_counts\":{\"gap_count\":0,\"relaxed\":false},\"completeness\":{\"coverage_before\":1.0,\"coverage_after\":1.0,\"enforced\":true,\"relaxed\":false}}", "extra": {"taskName": "starlette.middleware.base.BaseHTTPMiddleware.__call__.<locals>.call_next.<locals>.coro"}}
{"ts": "2025-10-26T14:36:21.545599+00:00", "level": "INFO", "name": "src.services.check_all_datas", "msg": "pipeline.progress | symbol=BTCUSDT | event=inspection.pipeline.stage | payload={\"agg_counts\": {\"gap_count\": 0, \"relaxed\": false}, \"bar_counts\": {\"downloaded\": 0, \"expected\": 4320, \"missing_after\": 0, \"missing_before\": 0}, \"completeness\": {\"coverage_after\": 1.0, \"coverage_before\": 1.0, \"enforced\": true, \"relaxed\": false}, \"duration_ms\": 0.694, \"label\": \"gaps\", \"stage\": \"gaps\", \"status\": \"complete\"}", "extra": {"taskName": "starlette.middleware.base.BaseHTTPMiddleware.__call__.<locals>.call_next.<locals>.coro"}}
{"ts": "2025-10-26T14:36:21.601282+00:00", "level": "INFO", "name": "src.services.check_all_datas", "msg": "Liquidity module flag", "extra": {"taskName": "starlette.middleware.base.BaseHTTPMiddleware.__call__.<locals>.call_next.<locals>.coro", "symbol": "BTCUSDT", "enabled": false, "strict_three_day": true, "network_backfill": false}}
{"ts": "2025-10-26T14:36:21.601473+00:00", "level": "INFO", "name": "src.services.check_all_datas", "msg": "Liquidity module disabled for strict offline run", "extra": {"taskName": "starlette.middleware.base.BaseHTTPMiddleware.__call__.<locals>.call_next.<locals>.coro", "symbol": "BTCUSDT"}}
{"ts": "2025-10-26T14:36:21.604218+00:00", "level": "INFO", "name": "src.services.check_all_datas", "msg": "Resolved last price for inspection snapshot", "extra": {"taskName": "starlette.middleware.base.BaseHTTPMiddleware.__call__.<locals>.call_next.<locals>.coro", "source": "ohlcv", "tf": "1m", "ts": 1761436800000, "age_sec": 0, "insufficient_reason": null}}
{"ts": "2025-10-26T14:36:21.604420+00:00", "level": "INFO", "name": "src.services.check_all_datas", "msg": "Snapshot age evaluated", "extra": {"taskName": "starlette.middleware.base.BaseHTTPMiddleware.__call__.<locals>.call_next.<locals>.coro", "snapshot_age_sec": 0}}
{"ts": "2025-10-26T14:36:21.604522+00:00", "level": "INFO", "name": "src.services.tracing", "msg": "{\"ts\":\"2025-10-26T14:36:21Z\",\"level\":\"INFO\",\"event\":\"pipeline.stage\",\"stage\":\"zones\",\"symbol\":\"BTCUSDT\",\"cid\":\"c_1e68\",\"rid\":\"r_7418\",\"label\":\"zones\",\"status\":\"start\",\"availability\":{\"15m\":{\"required\":120,\"adjusted_required\":120,\"available\":288,\"total\":288,\"ok\":true},\"1h\":{\"required\":50,\"adjusted_required\":50,\"available\":72,\"total\":72,\"ok\":true},\"4h\":{\"required\":18,\"adjusted_required\":18,\"available\":18,\"total\":18,\"ok\":true}},\"warmup\":{\"15m\":{\"required\":60,\"adjusted_required\":0,\"actual\":0,\"partial\":false},\"1h\":{\"required\":30,\"adjusted_required\":0,\"actual\":0,\"partial\":false},\"4h\":{\"required\":18,\"adjusted_required\":0,\"actual\":0,\"partial\":false},\"1d\":{\"required\":0,\"adjusted_required\":0,\"actual\":0,\"partial\":false}}}", "extra": {"taskName": "starlette.middleware.base.BaseHTTPMiddleware.__call__.<locals>.call_next.<locals>.coro"}}
{"ts": "2025-10-26T14:36:21.604645+00:00", "level": "INFO", "name": "src.services.check_all_datas", "msg": "pipeline.progress | symbol=BTCUSDT | event=inspection.pipeline.stage | payload={\"availability\": {\"15m\": {\"adjusted_required\": 120, \"available\": 288, \"ok\": true, \"required\": 120, \"total\": 288}, \"1h\": {\"adjusted_required\": 50, \"available\": 72, \"ok\": true, \"required\": 50, \"total\": 72}, \"4h\": {\"adjusted_required\": 18, \"available\": 18, \"ok\": true, \"required\": 18, \"total\": 18}}, \"label\": \"zones\", \"stage\": \"zones\", \"status\": \"start\", \"warmup\": {\"15m\": {\"actual\": 0, \"adjusted_required\": 0, \"partial\": false, \"required\": 60}, \"1d\": {\"actual\": 0, \"adjusted_required\": 0, \"partial\": false, \"required\": 0}, \"1h\": {\"actual\": 0, \"adjusted_required\": 0, \"partial\": false, \"required\": 30}, \"4h\": {\"actual\": 0, \"adjusted_required\": 0, \"partial\": false, \"required\": 18}}}", "extra": {"taskName": "starlette.middleware.base.BaseHTTPMiddleware.__call__.<locals>.call_next.<locals>.coro"}}
{"ts": "2025-10-26T14:36:21.614244+00:00", "level": "INFO", "name": "src.services.tracing", "msg": "{\"ts\":\"2025-10-26T14:36:21Z\",\"level\":\"INFO\",\"event\":\"compute.zones\",\"stage\":\"pipeline\",\"symbol\":\"BTCUSDT\",\"cid\":\"c_1e68\",\"rid\":\"r_7418\",\"scope\":\"zones\",\"duration_ms\":9.46,\"bars\":4320}", "extra": {"taskName": "starlette.middleware.base.BaseHTTPMiddleware.__call__.<locals>.call_next.<locals>.coro"}}
{"ts": "2025-10-26T14:36:21.615044+00:00", "level": "INFO", "name": "src.services.tracing", "msg": "{\"ts\":\"2025-10-26T14:36:21Z\",\"level\":\"INFO\",\"event\":\"pipeline.stage\",\"stage\":\"zones\",\"symbol\":\"BTCUSDT\",\"cid\":\"c_1e68\",\"rid\":\"r_7418\",\"label\":\"zones\",\"status\":\"complete\",\"duration_ms\":10.509,\"bar_counts\":{\"fvg\":5,\"fvl\":0,\"ob\":32,\"mb\":10,\"bb\":10,\"rb\":1,\"pb\":0,\"sr\":3,\"profile_levels\":12},\"agg_counts\":{\"focus_counts\":{\"fvg\":5,\"ob\":6}},\"completeness\":{\"availability\":{\"15m\":{\"required\":120,\"adjusted_required\":120,\"available\":288,\"total\":288,\"ok\":true},\"1h\":{\"required\":50,\"adjusted_required\":50,\"available\":72,\"total\":72,\"ok\":true},\"4h\":{\"required\":18,\"adjusted_required\":18,\"available\":18,\"total\":18,\"ok\":true}},\"warmup\":{\"15m\":{\"required\":60,\"adjusted_required\":0,\"actual\":0,\"partial\":false},\"1h\":{\"required\":30,\"adjusted_required\":0,\"actual\":0,\"partial\":false},\"4h\":{\"required\":18,\"adjusted_required\":0,\"actual\":0,\"partial\":false},\"1d\":{\"required\":0,\"adjusted_required\":0,\"actual\":0,\"partial\":false}}}}", "extra": {"taskName": "starlette.middleware.base.BaseHTTPMiddleware.__call__.<locals>.call_next.<locals>.coro"}}
{"ts": "2025-10-26T14:36:21.615180+00:00", "level": "INFO", "name": "src.services.check_all_datas", "msg": "pipeline.progress | symbol=BTCUSDT | event=inspection.pipeline.stage | payload={\"agg_counts\": {\"focus_counts\": {\"fvg\": 5, \"ob\": 6}}, \"bar_counts\": {\"bb\": 10, \"fvg\": 5, \"fvl\": 0, \"mb\": 10, \"ob\": 32, \"pb\": 0, \"profile_levels\": 12, \"rb\": 1, \"sr\": 3}, \"completeness\": {\"availability\": {\"15m\": {\"adjusted_required\": 120, \"available\": 288, \"ok\": true, \"required\": 120, \"total\": 288}, \"1h\": {\"adjusted_required\": 50, \"available\": 72, \"ok\": true, \"required\": 50, \"total\": 72}, \"4h\": {\"adjusted_required\": 18, \"available\": 18, \"ok\": true, \"required\": 18, \"total\": 18}}, \"warmup\": {\"15m\": {\"actual\": 0, \"adjusted_required\": 0, \"partial\": false, \"required\": 60}, \"1d\": {\"actual\": 0, \"adjusted_required\": 0, \"partial\": false, \"required\": 0}, \"1h\": {\"actual\": 0, \"adjusted_required\": 0, \"partial\": false, \"required\": 30}, \"4h\": {\"actual\": 0, \"adjusted_required\": 0, \"partial\": false, \"required\": 18}}}, \"duration_ms\": 10.509, \"label\": \"zones\", \"stage\": \"zones\", \"status\": \"complete\"}", "extra": {"taskName": "starlette.middleware.base.BaseHTTPMiddleware.__call__.<locals>.call_next.<locals>.coro"}}
{"ts": "2025-10-26T14:36:21.615674+00:00", "level": "INFO", "name": "src.services.tracing", "msg": "{\"ts\":\"2025-10-26T14:36:21Z\",\"level\":\"INFO\",\"event\":\"pipeline.stage\",\"stage\":\"delta\",\"symbol\":\"BTCUSDT\",\"cid\":\"c_1e68\",\"rid\":\"r_7418\",\"label\":\"delta\",\"status\":\"start\",\"window\":{\"start_ms\":1761393600000,\"end_ms\":1761436740000}}", "extra": {"taskName": "starlette.middleware.base.BaseHTTPMiddleware.__call__.<locals>.call_next.<locals>.coro"}}
{"ts": "2025-10-26T14:36:21.615764+00:00", "level": "INFO", "name": "src.services.check_all_datas", "msg": "pipeline.progress | symbol=BTCUSDT | event=inspection.pipeline.stage | payload={\"label\": \"delta\", \"stage\": \"delta\", \"status\": \"start\", \"window\": {\"end_ms\": 1761436740000, \"start_ms\": 1761393600000}}", "extra": {"taskName": "starlette.middleware.base.BaseHTTPMiddleware.__call__.<locals>.call_next.<locals>.coro"}}
{"ts": "2025-10-26T14:36:21.621393+00:00", "level": "INFO", "name": "src.services.check_all_datas", "msg": "Orderflow proxy built", "extra": {"taskName": "starlette.middleware.base.BaseHTTPMiddleware.__call__.<locals>.call_next.<locals>.coro", "symbol": "BTCUSDT", "bars_1m": 720}}
{"ts": "2025-10-26T14:36:21.621543+00:00", "level": "INFO", "name": "src.services.tracing", "msg": "{\"ts\":\"2025-10-26T14:36:21Z\",\"level\":\"INFO\",\"event\":\"pipeline.stage\",\"stage\":\"delta\",\"symbol\":\"BTCUSDT\",\"cid\":\"c_1e68\",\"rid\":\"r_7418\",\"label\":\"delta\",\"status\":\"complete\",\"duration_ms\":5.855,\"bar_counts\":{\"1m\":720,\"3m\":240,\"5m\":144,\"15m\":48,\"1h\":12},\"agg_counts\":{\"1m\":720,\"3m\":240,\"5m\":144,\"15m\":48,\"1h\":12,\"1m_raw\":720},\"completeness\":{\"expected_minutes\":720,\"with_trades\":0,\"missing_minutes\":0,\"gaps\":[],\"reconstructed_minutes\":0}}", "extra": {"taskName": "starlette.middleware.base.BaseHTTPMiddleware.__call__.<locals>.call_next.<locals>.coro"}}
{"ts": "2025-10-26T14:36:21.621641+00:00", "level": "INFO", "name": "src.services.check_all_datas", "msg": "pipeline.progress | symbol=BTCUSDT | event=inspection.pipeline.stage | payload={\"agg_counts\": {\"15m\": 48, \"1h\": 12, \"1m\": 720, \"1m_raw\": 720, \"3m\": 240, \"5m\": 144}, \"bar_counts\": {\"15m\": 48, \"1h\": 12, \"1m\": 720, \"3m\": 240, \"5m\": 144}, \"completeness\": {\"expected_minutes\": 720, \"gaps\": [], \"missing_minutes\": 0, \"reconstructed_minutes\": 0, \"with_trades\": 0}, \"duration_ms\": 5.855, \"label\": \"delta\", \"stage\": \"delta\", \"status\": \"complete\"}", "extra": {"taskName": "starlette.middleware.base.BaseHTTPMiddleware.__call__.<locals>.call_next.<locals>.coro"}}
{"ts": "2025-10-26T14:36:21.621726+00:00", "level": "INFO", "name": "src.services.tracing", "msg": "{\"ts\":\"2025-10-26T14:36:21Z\",\"level\":\"INFO\",\"event\":\"compute.rollups\",\"stage\":\"pipeline\",\"symbol\":\"BTCUSDT\",\"cid\":\"c_1e68\",\"rid\":\"r_7418\",\"scope\":\"rollups\",\"frames\":7}", "extra": {"taskName": "starlette.middleware.base.BaseHTTPMiddleware.__call__.<locals>.call_next.<locals>.coro"}}
{"ts": "2025-10-26T14:36:21.648966+00:00", "level": "INFO", "name": "src.services.tracing", "msg": "{\"ts\":\"2025-10-26T14:36:21Z\",\"level\":\"INFO\",\"event\":\"compute.vwap_tpo\",\"stage\":\"pipeline\",\"symbol\":\"BTCUSDT\",\"cid\":\"c_1e68\",\"rid\":\"r_7418\",\"scope\":\"vwap_tpo.compact\",\"metrics\":{\"bars\":0,\"ms\":14.413},\"windows\":5}", "extra": {"taskName": "starlette.middleware.base.BaseHTTPMiddleware.__call__.<locals>.call_next.<locals>.coro"}}
{"ts": "2025-10-26T14:36:21.655074+00:00", "level": "INFO", "name": "src.services.tracing", "msg": "{\"ts\":\"2025-10-26T14:36:21Z\",\"level\":\"INFO\",\"event\":\"pipeline.stage\",\"stage\":\"vwap_tpo\",\"symbol\":\"BTCUSDT\",\"cid\":\"c_1e68\",\"rid\":\"r_7418\",\"label\":\"vwap/tpo\",\"status\":\"complete\",\"duration_ms\":133.189,\"bar_counts\":{\"asia\":120,\"london\":0,\"ny\":0},\"agg_counts\":{\"sessions\":3},\"completeness\":{\"asia\":{\"status\":\"partial\",\"coverage_ratio\":0.5},\"london\":{\"status\":\"empty\",\"coverage_ratio\":0.0},\"ny\":{\"status\":\"empty\",\"coverage_ratio\":0.0}}}", "extra": {"taskName": "starlette.middleware.base.BaseHTTPMiddleware.__call__.<locals>.call_next.<locals>.coro"}}
{"ts": "2025-10-26T14:36:21.655185+00:00", "level": "INFO", "name": "src.services.check_all_datas", "msg": "pipeline.progress | symbol=BTCUSDT | event=inspection.pipeline.stage | payload={\"agg_counts\": {\"sessions\": 3}, \"bar_counts\": {\"asia\": 120, \"london\": 0, \"ny\": 0}, \"completeness\": {\"asia\": {\"coverage_ratio\": 0.5, \"status\": \"partial\"}, \"london\": {\"coverage_ratio\": 0.0, \"status\": \"empty\"}, \"ny\": {\"coverage_ratio\": 0.0, \"status\": \"empty\"}}, \"duration_ms\": 133.189, \"label\": \"vwap/tpo\", \"stage\": \"vwap_tpo\", \"status\": \"complete\"}", "extra": {"taskName": "starlette.middleware.base.BaseHTTPMiddleware.__call__.<locals>.call_next.<locals>.coro"}}
{"ts": "2025-10-26T14:36:21.655258+00:00", "level": "INFO", "name": "src.services.tracing", "msg": "{\"ts\":\"2025-10-26T14:36:21Z\",\"level\":\"INFO\",\"event\":\"compute.vwap_tpo\",\"stage\":\"pipeline\",\"symbol\":\"BTCUSDT\",\"cid\":\"c_1e68\",\"rid\":\"r_7418\",\"scope\":\"vwap_tpo\",\"sessions\":3}", "extra": {"taskName": "starlette.middleware.base.BaseHTTPMiddleware.__call__.<locals>.call_next.<locals>.coro"}}
{"ts": "2025-10-26T14:36:21.662061+00:00", "level": "INFO", "name": "src.services.tracing", "msg": "{\"ts\":\"2025-10-26T14:36:21Z\",\"level\":\"INFO\",\"event\":\"compute.poi.topN\",\"stage\":\"pipeline\",\"symbol\":\"BTCUSDT\",\"cid\":\"c_1e68\",\"rid\":\"r_7418\",\"scope\":\"zones\",\"counts\":{\"fvg\":5,\"fvl\":0,\"ob\":32,\"mb\":10,\"bb\":10,\"rb\":1,\"pb\":0,\"sr\":3,\"profile_levels\":12}}", "extra": {"taskName": "starlette.middleware.base.BaseHTTPMiddleware.__call__.<locals>.call_next.<locals>.coro"}}
{"ts": "2025-10-26T14:36:21.662215+00:00", "level": "INFO", "name": "src.services.tracing", "msg": "{\"ts\":\"2025-10-26T14:36:21Z\",\"level\":\"INFO\",\"event\":\"pipeline.stage\",\"stage\":\"vitrines\",\"symbol\":\"BTCUSDT\",\"cid\":\"c_1e68\",\"rid\":\"r_7418\",\"label\":\"vitrines\",\"status\":\"start\"}", "extra": {"taskName": "starlette.middleware.base.BaseHTTPMiddleware.__call__.<locals>.call_next.<locals>.coro"}}
{"ts": "2025-10-26T14:36:21.662284+00:00", "level": "INFO", "name": "src.services.check_all_datas", "msg": "pipeline.progress | symbol=BTCUSDT | event=inspection.pipeline.stage | payload={\"label\": \"vitrines\", \"stage\": \"vitrines\", \"status\": \"start\"}", "extra": {"taskName": "starlette.middleware.base.BaseHTTPMiddleware.__call__.<locals>.call_next.<locals>.coro"}}
{"ts": "2025-10-26T14:36:21.662520+00:00", "level": "INFO", "name": "src.services.tracing", "msg": "{\"ts\":\"2025-10-26T14:36:21Z\",\"level\":\"INFO\",\"event\":\"pipeline.stage\",\"stage\":\"vitrines\",\"symbol\":\"BTCUSDT\",\"cid\":\"c_1e68\",\"rid\":\"r_7418\",\"label\":\"vitrines\",\"status\":\"complete\",\"duration_ms\":0.285,\"bar_counts\":{\"A\":11,\"B\":3},\"agg_counts\":{\"diagnostics\":{\"A\":{\"missing_modules\":[],\"reason_flags\":[],\"validation_errors\":[]},\"B\":{\"missing_modules\":[\"liquidity.sweeps\"],\"reason_flags\":[\"sweeps_missing\"],\"validation_errors\":[],\"fresh_counts\":{\"fvg\":0,\"ob\":6},\"delta_15m\":67.10000000003492,\"cvd_agg\":67.10000000003492,\"sweeps_sample\":0}}},\"completeness\":{\"A\":{\"window_hours\":72,\"counts\":{\"fvg\":5,\"ob\":6},\"open_entries\":11,\"has_last_price\":true,\"missing_modules\":[],\"valid\":true,\"validation_errors\":[]},\"B\":{\"sessions\":{\"asia\":true,\"london\":true,\"ny\":true},\"missing_modules\":[\"liquidity.sweeps\"],\"has_delta_15m\":true,\"has_cvd\":true,\"has_sweeps\":false,\"fresh_intraday\":{\"fvg\":0,\"ob\":6},\"valid\":true,\"validation_errors\":[]}}}", "extra": {"taskName": "starlette.middleware.base.BaseHTTPMiddleware.__call__.<locals>.call_next.<locals>.coro"}}
{"ts": "2025-10-26T14:36:21.662629+00:00", "level": "INFO", "name": "src.services.check_all_datas", "msg": "pipeline.progress | symbol=BTCUSDT | event=inspection.pipeline.stage | payload={\"agg_counts\": {\"diagnostics\": {\"A\": {\"missing_modules\": [], \"reason_flags\": [], \"validation_errors\": []}, \"B\": {\"cvd_agg\": 67.10000000003492, \"delta_15m\": 67.10000000003492, \"fresh_counts\": {\"fvg\": 0, \"ob\": 6}, \"missing_modules\": [\"liquidity.sweeps\"], \"reason_flags\": [\"sweeps_missing\"], \"sweeps_sample\": 0, \"validation_errors\": []}}}, \"bar_counts\": {\"A\": 11, \"B\": 3}, \"completeness\": {\"A\": {\"counts\": {\"fvg\": 5, \"ob\": 6}, \"has_last_price\": true, \"missing_modules\": [], \"open_entries\": 11, \"valid\": true, \"validation_errors\": [], \"window_hours\": 72}, \"B\": {\"fresh_intraday\": {\"fvg\": 0, \"ob\": 6}, \"has_cvd\": true, \"has_delta_15m\": true, \"has_sweeps\": false, \"missing_modules\": [\"liquidity.sweeps\"], \"sessions\": {\"asia\": true, \"london\": true, \"ny\": true}, \"valid\": true, \"validation_errors\": []}}, \"duration_ms\": 0.285, \"label\": \"vitrines\", \"stage\": \"vitrines\", \"status\": \"complete\"}", "extra": {"taskName": "starlette.middleware.base.BaseHTTPMiddleware.__call__.<locals>.call_next.<locals>.coro"}}
{"ts": "2025-10-26T14:36:21.662731+00:00", "level": "INFO", "name": "src.services.tracing", "msg": "{\"ts\":\"2025-10-26T14:36:21Z\",\"level\":\"INFO\",\"event\":\"availability.checked\",\"stage\":\"pipeline\",\"symbol\":\"BTCUSDT\",\"cid\":\"c_1e68\",\"rid\":\"r_7418\",\"scope\":\"payload\",\"blocks\":[\"timeframes\"]}", "extra": {"taskName": "starlette.middleware.base.BaseHTTPMiddleware.__call__.<locals>.call_next.<locals>.coro"}}
{"ts": "2025-10-26T14:36:21.663153+00:00", "level": "INFO", "name": "src.services.check_all_datas", "msg": "Missing fields detected", "extra": {"taskName": "starlette.middleware.base.BaseHTTPMiddleware.__call__.<locals>.call_next.<locals>.coro", "missing_fields": ["orderflow.footprint", "vwap_tpo.sessions.london.ib_high", "vwap_tpo.sessions.london.ib_low", "vwap_tpo.sessions.london.poc", "vwap_tpo.sessions.london.vah", "vwap_tpo.sessions.london.val", "vwap_tpo.sessions.ny.ib_high", "vwap_tpo.sessions.ny.ib_low", "vwap_tpo.sessions.ny.poc", "vwap_tpo.sessions.ny.vah", "vwap_tpo.sessions.ny.val", "zones.fvl", "zones.pb", "zones.recent"]}}
{"ts": "2025-10-26T14:36:21.676696+00:00", "level": "INFO", "name": "src.services.tracing", "msg": "{\"ts\":\"2025-10-26T14:36:21Z\",\"level\":\"INFO\",\"event\":\"output.prepare_payload\",\"stage\":\"pipeline\",\"symbol\":\"BTCUSDT\",\"cid\":\"c_1e68\",\"rid\":\"r_7418\",\"scope\":\"output\",\"status\":\"ready\",\"missing_fields\":14}", "extra": {"taskName": "starlette.middleware.base.BaseHTTPMiddleware.__call__.<locals>.call_next.<locals>.coro"}}
{"ts": "2025-10-26T14:36:21.691504+00:00", "level": "INFO", "name": "src.services.tracing", "msg": "{\"ts\":\"2025-10-26T14:36:21Z\",\"level\":\"INFO\",\"event\":\"output.publish\",\"stage\":\"pipeline\",\"symbol\":\"BTCUSDT\",\"cid\":\"c_1e68\",\"rid\":\"r_7418\",\"scope\":\"output\",\"status\":\"ready\",\"size_bytes\":1190827}", "extra": {"taskName": "starlette.middleware.base.BaseHTTPMiddleware.__call__.<locals>.call_next.<locals>.coro"}}
{"ts": "2025-10-26T14:36:21.691628+00:00", "level": "INFO", "name": "src.services.tracing", "msg": "{\"ts\":\"2025-10-26T14:36:21Z\",\"level\":\"INFO\",\"event\":\"pipeline.done\",\"stage\":\"pipeline\",\"symbol\":\"BTCUSDT\",\"cid\":\"c_1e68\",\"rid\":\"r_7418\",\"scope\":\"pipeline\",\"status\":\"ready\",\"fetch_ms\":11.7,\"db_ms\":6.01,\"compute_ms\":201.74,\"serialize_ms\":14.08,\"size_bytes\":1190827}", "extra": {"taskName": "starlette.middleware.base.BaseHTTPMiddleware.__call__.<locals>.call_next.<locals>.coro"}}
{"ts": "2025-10-26T14:36:21.755803+00:00", "level": "INFO", "name": "src.services.check_all_datas", "msg": "pipeline.run.complete | symbol=BTCUSDT | status=ready", "extra": {"taskName": "starlette.middleware.base.BaseHTTPMiddleware.__call__.<locals>.call_next.<locals>.coro"}}
{"ts": "2025-10-26T15:03:17.107643+00:00", "level": "INFO", "name": "src.api.app", "msg": "app.bootstrap.begin", "extra": {"taskName": "Task-2", "symbols": ["BTCUSDT"], "days": 3, "timeout": 600.0}}
{"ts": "2025-10-26T15:03:17.108369+00:00", "level": "INFO", "name": "src.common.config", "msg": "config.loaded", "extra": {"taskName": "Task-2", "offline": false, "ingest_policy": "LOCAL_THEN_REMOTE", "fixture_dirs": ["tests/fixtures", "fixtures", "cache/vision"], "data_dir": "./data", "duckdb_path": "./meta/index.duckdb", "market": "um"}}
{"ts": "2025-10-26T15:03:17.123558+00:00", "level": "INFO", "name": "src.services.inspection_cache_service", "msg": "inspection.cache.ensure.start", "extra": {"taskName": "Task-2", "symbol": "BTCUSDT", "days": 3, "target_days": ["2025-10-25", "2025-10-24", "2025-10-23"], "network_backfill": true}}
{"ts": "2025-10-26T15:03:17.144818+00:00", "level": "INFO", "name": "src.services.inspection_cache_service", "msg": "inspection.cache.ensure.hit", "extra": {"taskName": "Task-2", "symbol": "BTCUSDT", "day": "2025-10-23", "minutes_found": 0, "minutes_expected": 1440}}
{"ts": "2025-10-26T15:03:17.153708+00:00", "level": "INFO", "name": "src.services.inspection_cache_service", "msg": "inspection.cache.ensure.hit", "extra": {"taskName": "Task-2", "symbol": "BTCUSDT", "day": "2025-10-24", "minutes_found": 0, "minutes_expected": 1440}}
{"ts": "2025-10-26T15:03:17.160790+00:00", "level": "INFO", "name": "src.services.inspection_cache_service", "msg": "inspection.cache.ensure.hit", "extra": {"taskName": "Task-2", "symbol": "BTCUSDT", "day": "2025-10-25", "minutes_found": 0, "minutes_expected": 1440}}
{"ts": "2025-10-26T15:03:17.160910+00:00", "level": "INFO", "name": "src.services.inspection_cache_service", "msg": "inspection.cache.ensure.complete", "extra": {"taskName": "Task-2", "symbol": "BTCUSDT", "status": "warm", "days": 3}}
{"ts": "2025-10-26T15:03:17.161078+00:00", "level": "INFO", "name": "src.services.tracing", "msg": "{\"ts\":\"2025-10-26T15:03:17Z\",\"level\":\"INFO\",\"event\":\"pipeline.start\",\"stage\":\"summary\",\"symbol\":\"BTCUSDT\",\"cid\":\"c_48b4\",\"rid\":\"r_0248\",\"window_hours\":72,\"mode\":\"summary\"}", "extra": {"taskName": "Task-2"}}
{"ts": "2025-10-26T15:03:17.168287+00:00", "level": "INFO", "name": "src.services.inspection_cache_service", "msg": "inspection.cache.ensure.start", "extra": {"taskName": "Task-2", "symbol": "BTCUSDT", "days": 3, "target_days": ["2025-10-25", "2025-10-24", "2025-10-23"], "network_backfill": false}}
{"ts": "2025-10-26T15:03:17.184099+00:00", "level": "INFO", "name": "src.services.inspection_cache_service", "msg": "inspection.cache.ensure.hit", "extra": {"taskName": "Task-2", "symbol": "BTCUSDT", "day": "2025-10-23", "minutes_found": 0, "minutes_expected": 1440}}
{"ts": "2025-10-26T15:03:17.191288+00:00", "level": "INFO", "name": "src.services.inspection_cache_service", "msg": "inspection.cache.ensure.hit", "extra": {"taskName": "Task-2", "symbol": "BTCUSDT", "day": "2025-10-24", "minutes_found": 0, "minutes_expected": 1440}}
{"ts": "2025-10-26T15:03:17.198796+00:00", "level": "INFO", "name": "src.services.inspection_cache_service", "msg": "inspection.cache.ensure.hit", "extra": {"taskName": "Task-2", "symbol": "BTCUSDT", "day": "2025-10-25", "minutes_found": 0, "minutes_expected": 1440}}
{"ts": "2025-10-26T15:03:17.198905+00:00", "level": "INFO", "name": "src.services.inspection_cache_service", "msg": "inspection.cache.ensure.complete", "extra": {"taskName": "Task-2", "symbol": "BTCUSDT", "status": "warm", "days": 3}}
{"ts": "2025-10-26T15:03:17.199034+00:00", "level": "INFO", "name": "src.services.inspection_cache_service", "msg": "inspection.cache.seed.built", "extra": {"taskName": "Task-2", "timeframes": ["15m", "1d", "1h", "1m", "3m", "4h", "5m"], "minutes_found": 0, "minutes_expected": 4320, "coverage_pct": 0.0}}
{"ts": "2025-10-26T15:03:17.199161+00:00", "level": "INFO", "name": "src.services.check_all_datas", "msg": "pipeline.run.start | symbol=BTCUSDT | window_hours=72 | hours=None | strict_window=True | network_backfill=False | timeout=180.0", "extra": {"taskName": "Task-2"}}
{"ts": "2025-10-26T15:03:17.199339+00:00", "level": "INFO", "name": "src.services.ohlc_sanitizer", "msg": "Sanitised candles", "extra": {"taskName": "Task-2", "stage": "seed.1m", "input_count": 0, "output_count": 0, "invalid_ts": 0, "invalid_ohlc": 0, "earliest_ms": null, "latest_ms": null}}
{"ts": "2025-10-26T15:03:17.199505+00:00", "level": "INFO", "name": "src.services.tracing", "msg": "{\"ts\":\"2025-10-26T15:03:17Z\",\"level\":\"INFO\",\"event\":\"ui.click_received\",\"stage\":\"pipeline\",\"symbol\":\"BTCUSDT\",\"cid\":\"c_48b4\",\"rid\":\"r_0248\",\"scope\":\"ui\",\"strict_window\":true,\"network_backfill\":false,\"minute_backfill_enabled\":false}", "extra": {"taskName": "Task-2"}}
{"ts": "2025-10-26T15:03:17.199627+00:00", "level": "INFO", "name": "src.services.tracing", "msg": "{\"ts\":\"2025-10-26T15:03:17Z\",\"level\":\"INFO\",\"event\":\"pipeline.start\",\"stage\":\"pipeline\",\"symbol\":\"BTCUSDT\",\"cid\":\"c_48b4\",\"rid\":\"r_0248\",\"scope\":\"pipeline\",\"strict_window\":true,\"network_backfill\":false,\"minute_backfill_enabled\":false}", "extra": {"taskName": "Task-2"}}
{"ts": "2025-10-26T15:03:17.199702+00:00", "level": "INFO", "name": "src.services.tracing", "msg": "{\"ts\":\"2025-10-26T15:03:17Z\",\"level\":\"INFO\",\"event\":\"pipeline.contract_ok\",\"stage\":\"pipeline\",\"symbol\":\"BTCUSDT\",\"cid\":\"c_48b4\",\"rid\":\"r_0248\",\"scope\":\"pipeline\",\"base_window_hours\":72,\"strict_three_day\":true,\"window_end_ms\":1761436800000}", "extra": {"taskName": "Task-2"}}
{"ts": "2025-10-26T15:03:17.199820+00:00", "level": "INFO", "name": "src.services.tracing", "msg": "{\"ts\":\"2025-10-26T15:03:17Z\",\"level\":\"INFO\",\"event\":\"fetch.batch_start\",\"stage\":\"pipeline\",\"symbol\":\"BTCUSDT\",\"cid\":\"c_48b4\",\"rid\":\"r_0248\",\"scope\":\"summary.1m\",\"window\":{\"from\":1761177600000,\"to\":1761436800000},\"details\":\"collect_recent_summary\"}", "extra": {"taskName": "Task-2"}}
{"ts": "2025-10-26T15:03:17.199921+00:00", "level": "INFO", "name": "src.services.tracing", "msg": "{\"ts\":\"2025-10-26T15:03:17Z\",\"level\":\"INFO\",\"event\":\"collector.start\",\"stage\":\"summary_collect\",\"symbol\":\"BTCUSDT\",\"component\":\"summary_collector\",\"cid\":\"c_48b4\",\"rid\":\"r_0248\",\"start_ms\":1761177600000,\"end_ms\":1761436800000,\"days\":3}", "extra": {"taskName": "Task-2"}}
{"ts": "2025-10-26T15:03:17.210124+00:00", "level": "INFO", "name": "src.services.tracing", "msg": "{\"ts\":\"2025-10-26T15:03:17Z\",\"level\":\"INFO\",\"event\":\"gaps.detected\",\"stage\":\"summary_collect\",\"symbol\":\"BTCUSDT\",\"component\":\"summary_collector\",\"cid\":\"c_48b4\",\"rid\":\"r_0248\",\"interval\":\"1m\",\"total\":0,\"merged\":0,\"first_expected\":1761177600000,\"last_closed\":1761436800000}", "extra": {"taskName": "Task-2"}}
{"ts": "2025-10-26T15:03:17.210241+00:00", "level": "INFO", "name": "src.services.tracing", "msg": "{\"ts\":\"2025-10-26T15:03:17Z\",\"level\":\"INFO\",\"event\":\"gaps.merged\",\"stage\":\"summary_collect\",\"symbol\":\"BTCUSDT\",\"component\":\"summary_collector\",\"cid\":\"c_48b4\",\"rid\":\"r_0248\",\"interval\":\"1m\",\"total\":0,\"merged\":0}", "extra": {"taskName": "Task-2"}}
{"ts": "2025-10-26T15:03:17.210360+00:00", "level": "INFO", "name": "src.services.tracing", "msg": "{\"ts\":\"2025-10-26T15:03:17Z\",\"level\":\"INFO\",\"event\":\"interval.complete\",\"stage\":\"summary_collect\",\"symbol\":\"BTCUSDT\",\"component\":\"summary_collector\",\"cid\":\"c_48b4\",\"rid\":\"r_0248\",\"interval\":\"1m\",\"written\":0,\"requests\":0}", "extra": {"taskName": "Task-2"}}
{"ts": "2025-10-26T15:03:17.219245+00:00", "level": "INFO", "name": "src.services.tracing", "msg": "{\"ts\":\"2025-10-26T15:03:17Z\",\"level\":\"INFO\",\"event\":\"collector.finished\",\"stage\":\"summary_collect\",\"symbol\":\"BTCUSDT\",\"component\":\"summary_collector\",\"cid\":\"c_48b4\",\"rid\":\"r_0248\",\"requests\":0,\"written\":0,\"dropped\":0}", "extra": {"taskName": "Task-2"}}
{"ts": "2025-10-26T15:03:17.219389+00:00", "level": "INFO", "name": "src.services.tracing", "msg": "{\"ts\":\"2025-10-26T15:03:17Z\",\"level\":\"INFO\",\"event\":\"fetch.batch_done\",\"stage\":\"pipeline\",\"symbol\":\"BTCUSDT\",\"cid\":\"c_48b4\",\"rid\":\"r_0248\",\"scope\":\"summary.1m\",\"window\":{\"from\":1761177600000,\"to\":1761436800000},\"metrics\":{\"requests\":0,\"ms\":19.56,\"candles_written\":0},\"details\":\"collect_recent_summary\"}", "extra": {"taskName": "Task-2"}}
{"ts": "2025-10-26T15:03:17.219502+00:00", "level": "INFO", "name": "src.services.tracing", "msg": "{\"ts\":\"2025-10-26T15:03:17Z\",\"level\":\"INFO\",\"event\":\"fetch.batch_start\",\"stage\":\"pipeline\",\"symbol\":\"BTCUSDT\",\"cid\":\"c_48b4\",\"rid\":\"r_0248\",\"scope\":\"repository.1m\",\"window\":{\"from\":1761177600000,\"to\":1761436800000},\"details\":\"repository.fetch_candles\"}", "extra": {"taskName": "Task-2"}}
{"ts": "2025-10-26T15:03:17.226840+00:00", "level": "INFO", "name": "src.services.tracing", "msg": "{\"ts\":\"2025-10-26T15:03:17Z\",\"level\":\"INFO\",\"event\":\"fetch.batch_done\",\"stage\":\"pipeline\",\"symbol\":\"BTCUSDT\",\"cid\":\"c_48b4\",\"rid\":\"r_0248\",\"scope\":\"repository.1m\",\"window\":{\"from\":1761177600000,\"to\":1761436800000},\"metrics\":{\"candles\":4321,\"ms\":7.32},\"details\":\"repository.fetch_candles\"}", "extra": {"taskName": "Task-2"}}
{"ts": "2025-10-26T15:03:17.242149+00:00", "level": "INFO", "name": "src.services.ohlc_sanitizer", "msg": "Sanitised candles", "extra": {"taskName": "Task-2", "stage": "rest.1m", "input_count": 4321, "output_count": 4321, "invalid_ts": 0, "invalid_ohlc": 0, "earliest_ms": 1761177600000, "latest_ms": 1761436800000}}
{"ts": "2025-10-26T15:03:17.249271+00:00", "level": "INFO", "name": "src.services.tracing", "msg": "{\"ts\":\"2025-10-26T15:03:17Z\",\"level\":\"INFO\",\"event\":\"pipeline.stage\",\"stage\":\"rollups\",\"symbol\":\"BTCUSDT\",\"cid\":\"c_48b4\",\"rid\":\"r_0248\",\"label\":\"rollups\",\"status\":\"start\",\"timeframes\":[\"1m\",\"3m\",\"5m\",\"15m\",\"1h\",\"4h\",\"1d\"]}", "extra": {"taskName": "Task-2"}}
{"ts": "2025-10-26T15:03:17.249384+00:00", "level": "INFO", "name": "src.services.check_all_datas", "msg": "pipeline.progress | symbol=BTCUSDT | event=inspection.pipeline.stage | payload={\"label\": \"rollups\", \"stage\": \"rollups\", \"status\": \"start\", \"timeframes\": [\"1m\", \"3m\", \"5m\", \"15m\", \"1h\", \"4h\", \"1d\"]}", "extra": {"taskName": "Task-2"}}
{"ts": "2025-10-26T15:03:17.254364+00:00", "level": "INFO", "name": "src.services.tracing", "msg": "{\"ts\":\"2025-10-26T15:03:17Z\",\"level\":\"INFO\",\"event\":\"availability.checked\",\"stage\":\"ohlcv.multi\",\"symbol\":\"BTCUSDT\",\"cid\":\"c_48b4\",\"rid\":\"r_0248\",\"scope\":\"ohlcv.1m\",\"window\":{\"from\":1761177660000,\"to\":1761436800000},\"metrics\":{\"expected\":4320,\"present\":4320,\"missing\":0,\"coverage_pct\":100.0}}", "extra": {"taskName": "Task-2"}}
{"ts": "2025-10-26T15:03:17.278083+00:00", "level": "INFO", "name": "src.services.tracing", "msg": "{\"ts\":\"2025-10-26T15:03:17Z\",\"level\":\"INFO\",\"event\":\"pipeline.stage\",\"stage\":\"rollups\",\"symbol\":\"BTCUSDT\",\"cid\":\"c_48b4\",\"rid\":\"r_0248\",\"label\":\"rollups\",\"status\":\"complete\",\"duration_ms\":28.8,\"bar_counts\":{\"1m\":4320,\"3m\":1441,\"5m\":865,\"15m\":289,\"1h\":73,\"4h\":19,\"1d\":4,\"seed_minutes\":4321},\"agg_counts\":{\"lookback_days\":3},\"completeness\":{\"has_seed\":true,\"source\":\"remote\"}}", "extra": {"taskName": "Task-2"}}
{"ts": "2025-10-26T15:03:17.278212+00:00", "level": "INFO", "name": "src.services.check_all_datas", "msg": "pipeline.progress | symbol=BTCUSDT | event=inspection.pipeline.stage | payload={\"agg_counts\": {\"lookback_days\": 3}, \"bar_counts\": {\"15m\": 289, \"1d\": 4, \"1h\": 73, \"1m\": 4320, \"3m\": 1441, \"4h\": 19, \"5m\": 865, \"seed_minutes\": 4321}, \"completeness\": {\"has_seed\": true, \"source\": \"remote\"}, \"duration_ms\": 28.8, \"label\": \"rollups\", \"stage\": \"rollups\", \"status\": \"complete\"}", "extra": {"taskName": "Task-2"}}
{"ts": "2025-10-26T15:03:17.278756+00:00", "level": "INFO", "name": "src.services.tracing", "msg": "{\"ts\":\"2025-10-26T15:03:17Z\",\"level\":\"INFO\",\"event\":\"pipeline.stage\",\"stage\":\"vwap_tpo\",\"symbol\":\"BTCUSDT\",\"cid\":\"c_48b4\",\"rid\":\"r_0248\",\"label\":\"vwap/tpo\",\"status\":\"start\",\"sessions\":[\"asia\",\"london\",\"ny\"]}", "extra": {"taskName": "Task-2"}}
{"ts": "2025-10-26T15:03:17.278840+00:00", "level": "INFO", "name": "src.services.check_all_datas", "msg": "pipeline.progress | symbol=BTCUSDT | event=inspection.pipeline.stage | payload={\"label\": \"vwap/tpo\", \"sessions\": [\"asia\", \"london\", \"ny\"], \"stage\": \"vwap_tpo\", \"status\": \"start\"}", "extra": {"taskName": "Task-2"}}
{"ts": "2025-10-26T15:03:17.672456+00:00", "level": "INFO", "name": "src.services.tracing", "msg": "{\"ts\":\"2025-10-26T15:03:17Z\",\"level\":\"INFO\",\"event\":\"pipeline.stage\",\"stage\":\"gaps\",\"symbol\":\"BTCUSDT\",\"cid\":\"c_48b4\",\"rid\":\"r_0248\",\"label\":\"gaps\",\"status\":\"start\",\"window\":{\"start_ms\":1761177600000,\"end_ms\":1761436740000},\"enforce\":true,\"strict\":true}", "extra": {"taskName": "Task-2"}}
{"ts": "2025-10-26T15:03:17.672624+00:00", "level": "INFO", "name": "src.services.check_all_datas", "msg": "pipeline.progress | symbol=BTCUSDT | event=inspection.pipeline.stage | payload={\"enforce\": true, \"label\": \"gaps\", \"stage\": \"gaps\", \"status\": \"start\", \"strict\": true, \"window\": {\"end_ms\": 1761436740000, \"start_ms\": 1761177600000}}", "extra": {"taskName": "Task-2"}}
{"ts": "2025-10-26T15:03:17.673250+00:00", "level": "INFO", "name": "src.services.tracing", "msg": "{\"ts\":\"2025-10-26T15:03:17Z\",\"level\":\"INFO\",\"event\":\"pipeline.stage\",\"stage\":\"gaps\",\"symbol\":\"BTCUSDT\",\"cid\":\"c_48b4\",\"rid\":\"r_0248\",\"label\":\"gaps\",\"status\":\"complete\",\"duration_ms\":0.822,\"bar_counts\":{\"expected\":4320,\"missing_before\":0,\"missing_after\":0,\"downloaded\":0},\"agg_counts\":{\"gap_count\":0,\"relaxed\":false},\"completeness\":{\"coverage_before\":1.0,\"coverage_after\":1.0,\"enforced\":true,\"relaxed\":false}}", "extra": {"taskName": "Task-2"}}
{"ts": "2025-10-26T15:03:17.673325+00:00", "level": "INFO", "name": "src.services.check_all_datas", "msg": "pipeline.progress | symbol=BTCUSDT | event=inspection.pipeline.stage | payload={\"agg_counts\": {\"gap_count\": 0, \"relaxed\": false}, \"bar_counts\": {\"downloaded\": 0, \"expected\": 4320, \"missing_after\": 0, \"missing_before\": 0}, \"completeness\": {\"coverage_after\": 1.0, \"coverage_before\": 1.0, \"enforced\": true, \"relaxed\": false}, \"duration_ms\": 0.822, \"label\": \"gaps\", \"stage\": \"gaps\", \"status\": \"complete\"}", "extra": {"taskName": "Task-2"}}
{"ts": "2025-10-26T15:03:17.728015+00:00", "level": "INFO", "name": "src.services.check_all_datas", "msg": "Liquidity module flag", "extra": {"taskName": "Task-2", "symbol": "BTCUSDT", "enabled": false, "strict_three_day": true, "network_backfill": false}}
{"ts": "2025-10-26T15:03:17.728186+00:00", "level": "INFO", "name": "src.services.check_all_datas", "msg": "Liquidity module disabled for strict offline run", "extra": {"taskName": "Task-2", "symbol": "BTCUSDT"}}
{"ts": "2025-10-26T15:03:17.730692+00:00", "level": "INFO", "name": "src.services.check_all_datas", "msg": "Resolved last price for inspection snapshot", "extra": {"taskName": "Task-2", "source": "ohlcv", "tf": "1m", "ts": 1761436800000, "age_sec": 0, "insufficient_reason": null}}
{"ts": "2025-10-26T15:03:17.730897+00:00", "level": "INFO", "name": "src.services.check_all_datas", "msg": "Snapshot age evaluated", "extra": {"taskName": "Task-2", "snapshot_age_sec": 0}}
{"ts": "2025-10-26T15:03:17.730993+00:00", "level": "INFO", "name": "src.services.tracing", "msg": "{\"ts\":\"2025-10-26T15:03:17Z\",\"level\":\"INFO\",\"event\":\"pipeline.stage\",\"stage\":\"zones\",\"symbol\":\"BTCUSDT\",\"cid\":\"c_48b4\",\"rid\":\"r_0248\",\"label\":\"zones\",\"status\":\"start\",\"availability\":{\"15m\":{\"required\":120,\"adjusted_required\":120,\"available\":288,\"total\":288,\"ok\":true},\"1h\":{\"required\":50,\"adjusted_required\":50,\"available\":72,\"total\":72,\"ok\":true},\"4h\":{\"required\":18,\"adjusted_required\":18,\"available\":18,\"total\":18,\"ok\":true}},\"warmup\":{\"15m\":{\"required\":60,\"adjusted_required\":0,\"actual\":0,\"partial\":false},\"1h\":{\"required\":30,\"adjusted_required\":0,\"actual\":0,\"partial\":false},\"4h\":{\"required\":18,\"adjusted_required\":0,\"actual\":0,\"partial\":false},\"1d\":{\"required\":0,\"adjusted_required\":0,\"actual\":0,\"partial\":false}}}", "extra": {"taskName": "Task-2"}}
{"ts": "2025-10-26T15:03:17.731070+00:00", "level": "INFO", "name": "src.services.check_all_datas", "msg": "pipeline.progress | symbol=BTCUSDT | event=inspection.pipeline.stage | payload={\"availability\": {\"15m\": {\"adjusted_required\": 120, \"available\": 288, \"ok\": true, \"required\": 120, \"total\": 288}, \"1h\": {\"adjusted_required\": 50, \"available\": 72, \"ok\": true, \"required\": 50, \"total\": 72}, \"4h\": {\"adjusted_required\": 18, \"available\": 18, \"ok\": true, \"required\": 18, \"total\": 18}}, \"label\": \"zones\", \"stage\": \"zones\", \"status\": \"start\", \"warmup\": {\"15m\": {\"actual\": 0, \"adjusted_required\": 0, \"partial\": false, \"required\": 60}, \"1d\": {\"actual\": 0, \"adjusted_required\": 0, \"partial\": false, \"required\": 0}, \"1h\": {\"actual\": 0, \"adjusted_required\": 0, \"partial\": false, \"required\": 30}, \"4h\": {\"actual\": 0, \"adjusted_required\": 0, \"partial\": false, \"required\": 18}}}", "extra": {"taskName": "Task-2"}}
{"ts": "2025-10-26T15:03:17.740453+00:00", "level": "INFO", "name": "src.services.tracing", "msg": "{\"ts\":\"2025-10-26T15:03:17Z\",\"level\":\"INFO\",\"event\":\"compute.zones\",\"stage\":\"pipeline\",\"symbol\":\"BTCUSDT\",\"cid\":\"c_48b4\",\"rid\":\"r_0248\",\"scope\":\"zones\",\"duration_ms\":9.28,\"bars\":4320}", "extra": {"taskName": "Task-2"}}
{"ts": "2025-10-26T15:03:17.741148+00:00", "level": "INFO", "name": "src.services.tracing", "msg": "{\"ts\":\"2025-10-26T15:03:17Z\",\"level\":\"INFO\",\"event\":\"pipeline.stage\",\"stage\":\"zones\",\"symbol\":\"BTCUSDT\",\"cid\":\"c_48b4\",\"rid\":\"r_0248\",\"label\":\"zones\",\"status\":\"complete\",\"duration_ms\":10.147,\"bar_counts\":{\"fvg\":5,\"fvl\":0,\"ob\":32,\"mb\":10,\"bb\":10,\"rb\":1,\"pb\":0,\"sr\":3,\"profile_levels\":12},\"agg_counts\":{\"focus_counts\":{\"fvg\":5,\"ob\":6}},\"completeness\":{\"availability\":{\"15m\":{\"required\":120,\"adjusted_required\":120,\"available\":288,\"total\":288,\"ok\":true},\"1h\":{\"required\":50,\"adjusted_required\":50,\"available\":72,\"total\":72,\"ok\":true},\"4h\":{\"required\":18,\"adjusted_required\":18,\"available\":18,\"total\":18,\"ok\":true}},\"warmup\":{\"15m\":{\"required\":60,\"adjusted_required\":0,\"actual\":0,\"partial\":false},\"1h\":{\"required\":30,\"adjusted_required\":0,\"actual\":0,\"partial\":false},\"4h\":{\"required\":18,\"adjusted_required\":0,\"actual\":0,\"partial\":false},\"1d\":{\"required\":0,\"adjusted_required\":0,\"actual\":0,\"partial\":false}}}}", "extra": {"taskName": "Task-2"}}
{"ts": "2025-10-26T15:03:17.741246+00:00", "level": "INFO", "name": "src.services.check_all_datas", "msg": "pipeline.progress | symbol=BTCUSDT | event=inspection.pipeline.stage | payload={\"agg_counts\": {\"focus_counts\": {\"fvg\": 5, \"ob\": 6}}, \"bar_counts\": {\"bb\": 10, \"fvg\": 5, \"fvl\": 0, \"mb\": 10, \"ob\": 32, \"pb\": 0, \"profile_levels\": 12, \"rb\": 1, \"sr\": 3}, \"completeness\": {\"availability\": {\"15m\": {\"adjusted_required\": 120, \"available\": 288, \"ok\": true, \"required\": 120, \"total\": 288}, \"1h\": {\"adjusted_required\": 50, \"available\": 72, \"ok\": true, \"required\": 50, \"total\": 72}, \"4h\": {\"adjusted_required\": 18, \"available\": 18, \"ok\": true, \"required\": 18, \"total\": 18}}, \"warmup\": {\"15m\": {\"actual\": 0, \"adjusted_required\": 0, \"partial\": false, \"required\": 60}, \"1d\": {\"actual\": 0, \"adjusted_required\": 0, \"partial\": false, \"required\": 0}, \"1h\": {\"actual\": 0, \"adjusted_required\": 0, \"partial\": false, \"required\": 30}, \"4h\": {\"actual\": 0, \"adjusted_required\": 0, \"partial\": false, \"required\": 18}}}, \"duration_ms\": 10.147, \"label\": \"zones\", \"stage\": \"zones\", \"status\": \"complete\"}", "extra": {"taskName": "Task-2"}}
{"ts": "2025-10-26T15:03:17.741631+00:00", "level": "INFO", "name": "src.services.tracing", "msg": "{\"ts\":\"2025-10-26T15:03:17Z\",\"level\":\"INFO\",\"event\":\"pipeline.stage\",\"stage\":\"delta\",\"symbol\":\"BTCUSDT\",\"cid\":\"c_48b4\",\"rid\":\"r_0248\",\"label\":\"delta\",\"status\":\"start\",\"window\":{\"start_ms\":1761393600000,\"end_ms\":1761436740000}}", "extra": {"taskName": "Task-2"}}
{"ts": "2025-10-26T15:03:17.741698+00:00", "level": "INFO", "name": "src.services.check_all_datas", "msg": "pipeline.progress | symbol=BTCUSDT | event=inspection.pipeline.stage | payload={\"label\": \"delta\", \"stage\": \"delta\", \"status\": \"start\", \"window\": {\"end_ms\": 1761436740000, \"start_ms\": 1761393600000}}", "extra": {"taskName": "Task-2"}}
{"ts": "2025-10-26T15:03:20.893343+00:00", "level": "INFO", "name": "src.services.tracing", "msg": "{\"ts\":\"2025-10-26T15:03:20Z\",\"level\":\"INFO\",\"event\":\"compute.orderflow\",\"stage\":\"pipeline\",\"symbol\":\"BTCUSDT\",\"cid\":\"c_48b4\",\"rid\":\"r_0248\",\"scope\":\"orderflow\",\"duration_ms\":3151.44,\"minutes\":4320}", "extra": {"taskName": "Task-2"}}
{"ts": "2025-10-26T15:03:20.893614+00:00", "level": "INFO", "name": "src.services.tracing", "msg": "{\"ts\":\"2025-10-26T15:03:20Z\",\"level\":\"INFO\",\"event\":\"pipeline.stage\",\"stage\":\"delta\",\"symbol\":\"BTCUSDT\",\"cid\":\"c_48b4\",\"rid\":\"r_0248\",\"label\":\"delta\",\"status\":\"complete\",\"duration_ms\":3151.948,\"bar_counts\":{\"1m\":720,\"3m\":240,\"5m\":144,\"15m\":48,\"1h\":12},\"agg_counts\":{\"1m_raw\":720,\"1m\":720,\"3m\":240,\"5m\":144,\"15m\":48,\"1h\":12},\"completeness\":{\"expected_minutes\":720,\"with_trades\":719,\"missing_minutes\":1,\"gaps\":[{\"from\":1761436740000,\"to\":1761436740000}],\"reconstructed_minutes\":0}}", "extra": {"taskName": "Task-2"}}
{"ts": "2025-10-26T15:03:20.893715+00:00", "level": "INFO", "name": "src.services.check_all_datas", "msg": "pipeline.progress | symbol=BTCUSDT | event=inspection.pipeline.stage | payload={\"agg_counts\": {\"15m\": 48, \"1h\": 12, \"1m\": 720, \"1m_raw\": 720, \"3m\": 240, \"5m\": 144}, \"bar_counts\": {\"15m\": 48, \"1h\": 12, \"1m\": 720, \"3m\": 240, \"5m\": 144}, \"completeness\": {\"expected_minutes\": 720, \"gaps\": [{\"from\": 1761436740000, \"to\": 1761436740000}], \"missing_minutes\": 1, \"reconstructed_minutes\": 0, \"with_trades\": 719}, \"duration_ms\": 3151.948, \"label\": \"delta\", \"stage\": \"delta\", \"status\": \"complete\"}", "extra": {"taskName": "Task-2"}}
{"ts": "2025-10-26T15:03:20.893793+00:00", "level": "INFO", "name": "src.services.tracing", "msg": "{\"ts\":\"2025-10-26T15:03:20Z\",\"level\":\"INFO\",\"event\":\"compute.rollups\",\"stage\":\"pipeline\",\"symbol\":\"BTCUSDT\",\"cid\":\"c_48b4\",\"rid\":\"r_0248\",\"scope\":\"rollups\",\"frames\":7}", "extra": {"taskName": "Task-2"}}
{"ts": "2025-10-26T15:03:20.937362+00:00", "level": "WARNING", "name": "src.services.tracing", "msg": "{\"ts\":\"2025-10-26T15:03:20Z\",\"level\":\"WARN\",\"event\":\"pipeline.heartbeat\",\"stage\":\"vwap_tpo\",\"symbol\":\"BTCUSDT\",\"cid\":\"c_48b4\",\"rid\":\"r_0248\",\"duration_ms\":3658.551}", "extra": {"taskName": "Task-4"}}
{"ts": "2025-10-26T15:03:20.937518+00:00", "level": "INFO", "name": "src.services.check_all_datas", "msg": "pipeline.progress | symbol=BTCUSDT | event=inspection.pipeline.heartbeat | payload={\"duration_ms\": 3658.551, \"label\": \"vwap/tpo\", \"stage\": \"vwap_tpo\", \"status\": \"heartbeat\"}", "extra": {"taskName": "Task-4"}}
{"ts": "2025-10-26T15:03:20.958951+00:00", "level": "INFO", "name": "src.services.tracing", "msg": "{\"ts\":\"2025-10-26T15:03:20Z\",\"level\":\"INFO\",\"event\":\"compute.vwap_tpo\",\"stage\":\"pipeline\",\"symbol\":\"BTCUSDT\",\"cid\":\"c_48b4\",\"rid\":\"r_0248\",\"scope\":\"vwap_tpo.compact\",\"metrics\":{\"bars\":3000,\"ms\":21.239},\"windows\":5}", "extra": {"taskName": "Task-2"}}
{"ts": "2025-10-26T15:03:20.965099+00:00", "level": "INFO", "name": "src.services.tracing", "msg": "{\"ts\":\"2025-10-26T15:03:20Z\",\"level\":\"INFO\",\"event\":\"pipeline.stage\",\"stage\":\"vwap_tpo\",\"symbol\":\"BTCUSDT\",\"cid\":\"c_48b4\",\"rid\":\"r_0248\",\"label\":\"vwap/tpo\",\"status\":\"complete\",\"duration_ms\":3686.305,\"bar_counts\":{\"asia\":120,\"london\":0,\"ny\":0},\"agg_counts\":{\"sessions\":3},\"completeness\":{\"asia\":{\"status\":\"partial\",\"coverage_ratio\":0.5},\"london\":{\"status\":\"empty\",\"coverage_ratio\":0.0},\"ny\":{\"status\":\"empty\",\"coverage_ratio\":0.0}}}", "extra": {"taskName": "Task-2"}}
{"ts": "2025-10-26T15:03:20.965254+00:00", "level": "INFO", "name": "src.services.check_all_datas", "msg": "pipeline.progress | symbol=BTCUSDT | event=inspection.pipeline.stage | payload={\"agg_counts\": {\"sessions\": 3}, \"bar_counts\": {\"asia\": 120, \"london\": 0, \"ny\": 0}, \"completeness\": {\"asia\": {\"coverage_ratio\": 0.5, \"status\": \"partial\"}, \"london\": {\"coverage_ratio\": 0.0, \"status\": \"empty\"}, \"ny\": {\"coverage_ratio\": 0.0, \"status\": \"empty\"}}, \"duration_ms\": 3686.305, \"label\": \"vwap/tpo\", \"stage\": \"vwap_tpo\", \"status\": \"complete\"}", "extra": {"taskName": "Task-2"}}
{"ts": "2025-10-26T15:03:20.965336+00:00", "level": "INFO", "name": "src.services.tracing", "msg": "{\"ts\":\"2025-10-26T15:03:20Z\",\"level\":\"INFO\",\"event\":\"compute.vwap_tpo\",\"stage\":\"pipeline\",\"symbol\":\"BTCUSDT\",\"cid\":\"c_48b4\",\"rid\":\"r_0248\",\"scope\":\"vwap_tpo\",\"sessions\":3}", "extra": {"taskName": "Task-2"}}
{"ts": "2025-10-26T15:03:20.972331+00:00", "level": "INFO", "name": "src.services.tracing", "msg": "{\"ts\":\"2025-10-26T15:03:20Z\",\"level\":\"INFO\",\"event\":\"compute.poi.topN\",\"stage\":\"pipeline\",\"symbol\":\"BTCUSDT\",\"cid\":\"c_48b4\",\"rid\":\"r_0248\",\"scope\":\"zones\",\"counts\":{\"fvg\":5,\"fvl\":0,\"ob\":32,\"mb\":10,\"bb\":10,\"rb\":1,\"pb\":0,\"sr\":3,\"profile_levels\":12}}", "extra": {"taskName": "Task-2"}}
{"ts": "2025-10-26T15:03:20.972489+00:00", "level": "INFO", "name": "src.services.tracing", "msg": "{\"ts\":\"2025-10-26T15:03:20Z\",\"level\":\"INFO\",\"event\":\"pipeline.stage\",\"stage\":\"vitrines\",\"symbol\":\"BTCUSDT\",\"cid\":\"c_48b4\",\"rid\":\"r_0248\",\"label\":\"vitrines\",\"status\":\"start\"}", "extra": {"taskName": "Task-2"}}
{"ts": "2025-10-26T15:03:20.972553+00:00", "level": "INFO", "name": "src.services.check_all_datas", "msg": "pipeline.progress | symbol=BTCUSDT | event=inspection.pipeline.stage | payload={\"label\": \"vitrines\", \"stage\": \"vitrines\", \"status\": \"start\"}", "extra": {"taskName": "Task-2"}}
{"ts": "2025-10-26T15:03:20.972863+00:00", "level": "INFO", "name": "src.services.tracing", "msg": "{\"ts\":\"2025-10-26T15:03:20Z\",\"level\":\"INFO\",\"event\":\"pipeline.stage\",\"stage\":\"vitrines\",\"symbol\":\"BTCUSDT\",\"cid\":\"c_48b4\",\"rid\":\"r_0248\",\"label\":\"vitrines\",\"status\":\"complete\",\"duration_ms\":0.352,\"bar_counts\":{\"A\":11,\"B\":3},\"agg_counts\":{\"diagnostics\":{\"A\":{\"missing_modules\":[],\"reason_flags\":[],\"validation_errors\":[]},\"B\":{\"missing_modules\":[\"liquidity.sweeps\"],\"reason_flags\":[\"sweeps_missing\"],\"validation_errors\":[],\"fresh_counts\":{\"fvg\":0,\"ob\":6},\"delta_15m\":-339.95200000000006,\"cvd_agg\":-339.95199999999977,\"sweeps_sample\":0}}},\"completeness\":{\"A\":{\"window_hours\":72,\"counts\":{\"fvg\":5,\"ob\":6},\"open_entries\":11,\"has_last_price\":true,\"missing_modules\":[],\"valid\":true,\"validation_errors\":[]},\"B\":{\"sessions\":{\"asia\":true,\"london\":true,\"ny\":true},\"missing_modules\":[\"liquidity.sweeps\"],\"has_delta_15m\":true,\"has_cvd\":true,\"has_sweeps\":false,\"fresh_intraday\":{\"fvg\":0,\"ob\":6},\"valid\":true,\"validation_errors\":[]}}}", "extra": {"taskName": "Task-2"}}
{"ts": "2025-10-26T15:03:20.972996+00:00", "level": "INFO", "name": "src.services.check_all_datas", "msg": "pipeline.progress | symbol=BTCUSDT | event=inspection.pipeline.stage | payload={\"agg_counts\": {\"diagnostics\": {\"A\": {\"missing_modules\": [], \"reason_flags\": [], \"validation_errors\": []}, \"B\": {\"cvd_agg\": -339.95199999999977, \"delta_15m\": -339.95200000000006, \"fresh_counts\": {\"fvg\": 0, \"ob\": 6}, \"missing_modules\": [\"liquidity.sweeps\"], \"reason_flags\": [\"sweeps_missing\"], \"sweeps_sample\": 0, \"validation_errors\": []}}}, \"bar_counts\": {\"A\": 11, \"B\": 3}, \"completeness\": {\"A\": {\"counts\": {\"fvg\": 5, \"ob\": 6}, \"has_last_price\": true, \"missing_modules\": [], \"open_entries\": 11, \"valid\": true, \"validation_errors\": [], \"window_hours\": 72}, \"B\": {\"fresh_intraday\": {\"fvg\": 0, \"ob\": 6}, \"has_cvd\": true, \"has_delta_15m\": true, \"has_sweeps\": false, \"missing_modules\": [\"liquidity.sweeps\"], \"sessions\": {\"asia\": true, \"london\": true, \"ny\": true}, \"valid\": true, \"validation_errors\": []}}, \"duration_ms\": 0.352, \"label\": \"vitrines\", \"stage\": \"vitrines\", \"status\": \"complete\"}", "extra": {"taskName": "Task-2"}}
{"ts": "2025-10-26T15:03:20.973106+00:00", "level": "INFO", "name": "src.services.tracing", "msg": "{\"ts\":\"2025-10-26T15:03:20Z\",\"level\":\"INFO\",\"event\":\"availability.checked\",\"stage\":\"pipeline\",\"symbol\":\"BTCUSDT\",\"cid\":\"c_48b4\",\"rid\":\"r_0248\",\"scope\":\"payload\",\"blocks\":[\"timeframes\"]}", "extra": {"taskName": "Task-2"}}
{"ts": "2025-10-26T15:03:20.973732+00:00", "level": "INFO", "name": "src.services.check_all_datas", "msg": "Missing fields detected", "extra": {"taskName": "Task-2", "missing_fields": ["orderflow.footprint", "vwap_tpo.sessions.london.ib_high", "vwap_tpo.sessions.london.ib_low", "vwap_tpo.sessions.london.poc", "vwap_tpo.sessions.london.vah", "vwap_tpo.sessions.london.val", "vwap_tpo.sessions.ny.ib_high", "vwap_tpo.sessions.ny.ib_low", "vwap_tpo.sessions.ny.poc", "vwap_tpo.sessions.ny.vah", "vwap_tpo.sessions.ny.val", "zones.fvl", "zones.pb", "zones.recent"]}}
{"ts": "2025-10-26T15:03:20.987583+00:00", "level": "INFO", "name": "src.services.tracing", "msg": "{\"ts\":\"2025-10-26T15:03:20Z\",\"level\":\"INFO\",\"event\":\"output.prepare_payload\",\"stage\":\"pipeline\",\"symbol\":\"BTCUSDT\",\"cid\":\"c_48b4\",\"rid\":\"r_0248\",\"scope\":\"output\",\"status\":\"ready\",\"missing_fields\":14}", "extra": {"taskName": "Task-2"}}
{"ts": "2025-10-26T15:03:21.003647+00:00", "level": "INFO", "name": "src.services.tracing", "msg": "{\"ts\":\"2025-10-26T15:03:21Z\",\"level\":\"INFO\",\"event\":\"output.publish\",\"stage\":\"pipeline\",\"symbol\":\"BTCUSDT\",\"cid\":\"c_48b4\",\"rid\":\"r_0248\",\"scope\":\"output\",\"status\":\"ready\",\"size_bytes\":1190242}", "extra": {"taskName": "Task-2"}}
{"ts": "2025-10-26T15:03:21.003813+00:00", "level": "INFO", "name": "src.services.tracing", "msg": "{\"ts\":\"2025-10-26T15:03:21Z\",\"level\":\"INFO\",\"event\":\"pipeline.done\",\"stage\":\"pipeline\",\"symbol\":\"BTCUSDT\",\"cid\":\"c_48b4\",\"rid\":\"r_0248\",\"scope\":\"pipeline\",\"status\":\"ready\",\"fetch_ms\":19.56,\"db_ms\":7.32,\"compute_ms\":3761.54,\"serialize_ms\":15.82,\"size_bytes\":1190242}", "extra": {"taskName": "Task-2"}}
{"ts": "2025-10-26T15:03:21.076516+00:00", "level": "INFO", "name": "src.services.check_all_datas", "msg": "pipeline.run.complete | symbol=BTCUSDT | status=ready", "extra": {"taskName": "Task-2"}}
{"ts": "2025-10-26T15:03:21.076777+00:00", "level": "INFO", "name": "src.api.app", "msg": "app.bootstrap.complete", "extra": {"taskName": "Task-2", "symbols": ["BTCUSDT"], "days": 3, "seconds": 3.97}}
{"ts": "2025-10-26T15:03:52.562039+00:00", "level": "INFO", "name": "src.services.tracing", "msg": "{\"ts\":\"2025-10-26T15:03:52Z\",\"level\":\"INFO\",\"event\":\"pipeline.start\",\"stage\":\"summary\",\"symbol\":\"BTCUSDT\",\"cid\":\"c_83c9\",\"rid\":\"r_5f86\",\"window_hours\":72,\"mode\":\"summary\"}", "extra": {"taskName": "starlette.middleware.base.BaseHTTPMiddleware.__call__.<locals>.call_next.<locals>.coro"}}
{"ts": "2025-10-26T15:03:52.575046+00:00", "level": "INFO", "name": "src.services.inspection_cache_service", "msg": "inspection.cache.ensure.start", "extra": {"taskName": "starlette.middleware.base.BaseHTTPMiddleware.__call__.<locals>.call_next.<locals>.coro", "symbol": "BTCUSDT", "days": 3, "target_days": ["2025-10-25", "2025-10-24", "2025-10-23"], "network_backfill": false}}
{"ts": "2025-10-26T15:03:52.592830+00:00", "level": "INFO", "name": "src.services.inspection_cache_service", "msg": "inspection.cache.ensure.hit", "extra": {"taskName": "starlette.middleware.base.BaseHTTPMiddleware.__call__.<locals>.call_next.<locals>.coro", "symbol": "BTCUSDT", "day": "2025-10-23", "minutes_found": 0, "minutes_expected": 1440}}
{"ts": "2025-10-26T15:03:52.601533+00:00", "level": "INFO", "name": "src.services.inspection_cache_service", "msg": "inspection.cache.ensure.hit", "extra": {"taskName": "starlette.middleware.base.BaseHTTPMiddleware.__call__.<locals>.call_next.<locals>.coro", "symbol": "BTCUSDT", "day": "2025-10-24", "minutes_found": 0, "minutes_expected": 1440}}
{"ts": "2025-10-26T15:03:52.608809+00:00", "level": "INFO", "name": "src.services.inspection_cache_service", "msg": "inspection.cache.ensure.hit", "extra": {"taskName": "starlette.middleware.base.BaseHTTPMiddleware.__call__.<locals>.call_next.<locals>.coro", "symbol": "BTCUSDT", "day": "2025-10-25", "minutes_found": 0, "minutes_expected": 1440}}
{"ts": "2025-10-26T15:03:52.608936+00:00", "level": "INFO", "name": "src.services.inspection_cache_service", "msg": "inspection.cache.ensure.complete", "extra": {"taskName": "starlette.middleware.base.BaseHTTPMiddleware.__call__.<locals>.call_next.<locals>.coro", "symbol": "BTCUSDT", "status": "warm", "days": 3}}
{"ts": "2025-10-26T15:03:52.609335+00:00", "level": "INFO", "name": "src.services.inspection_cache_service", "msg": "inspection.cache.seed.built", "extra": {"taskName": "starlette.middleware.base.BaseHTTPMiddleware.__call__.<locals>.call_next.<locals>.coro", "timeframes": ["15m", "1d", "1h", "1m", "3m", "4h", "5m"], "minutes_found": 0, "minutes_expected": 4320, "coverage_pct": 0.0}}
{"ts": "2025-10-26T15:03:52.609527+00:00", "level": "INFO", "name": "src.services.check_all_datas", "msg": "pipeline.run.start | symbol=BTCUSDT | window_hours=72 | hours=None | strict_window=True | network_backfill=False | timeout=180.0", "extra": {"taskName": "starlette.middleware.base.BaseHTTPMiddleware.__call__.<locals>.call_next.<locals>.coro"}}
{"ts": "2025-10-26T15:03:52.609847+00:00", "level": "INFO", "name": "src.services.ohlc_sanitizer", "msg": "Sanitised candles", "extra": {"taskName": "starlette.middleware.base.BaseHTTPMiddleware.__call__.<locals>.call_next.<locals>.coro", "stage": "seed.1m", "input_count": 0, "output_count": 0, "invalid_ts": 0, "invalid_ohlc": 0, "earliest_ms": null, "latest_ms": null}}
{"ts": "2025-10-26T15:03:52.609957+00:00", "level": "INFO", "name": "src.services.tracing", "msg": "{\"ts\":\"2025-10-26T15:03:52Z\",\"level\":\"INFO\",\"event\":\"ui.click_received\",\"stage\":\"pipeline\",\"symbol\":\"BTCUSDT\",\"cid\":\"c_83c9\",\"rid\":\"r_5f86\",\"scope\":\"ui\",\"strict_window\":true,\"network_backfill\":false,\"minute_backfill_enabled\":false}", "extra": {"taskName": "starlette.middleware.base.BaseHTTPMiddleware.__call__.<locals>.call_next.<locals>.coro"}}
{"ts": "2025-10-26T15:03:52.610070+00:00", "level": "INFO", "name": "src.services.tracing", "msg": "{\"ts\":\"2025-10-26T15:03:52Z\",\"level\":\"INFO\",\"event\":\"pipeline.start\",\"stage\":\"pipeline\",\"symbol\":\"BTCUSDT\",\"cid\":\"c_83c9\",\"rid\":\"r_5f86\",\"scope\":\"pipeline\",\"strict_window\":true,\"network_backfill\":false,\"minute_backfill_enabled\":false}", "extra": {"taskName": "starlette.middleware.base.BaseHTTPMiddleware.__call__.<locals>.call_next.<locals>.coro"}}
{"ts": "2025-10-26T15:03:52.610265+00:00", "level": "INFO", "name": "src.services.tracing", "msg": "{\"ts\":\"2025-10-26T15:03:52Z\",\"level\":\"INFO\",\"event\":\"pipeline.contract_ok\",\"stage\":\"pipeline\",\"symbol\":\"BTCUSDT\",\"cid\":\"c_83c9\",\"rid\":\"r_5f86\",\"scope\":\"pipeline\",\"base_window_hours\":72,\"strict_three_day\":true,\"window_end_ms\":1761436800000}", "extra": {"taskName": "starlette.middleware.base.BaseHTTPMiddleware.__call__.<locals>.call_next.<locals>.coro"}}
{"ts": "2025-10-26T15:03:52.610358+00:00", "level": "INFO", "name": "src.services.tracing", "msg": "{\"ts\":\"2025-10-26T15:03:52Z\",\"level\":\"INFO\",\"event\":\"fetch.batch_start\",\"stage\":\"pipeline\",\"symbol\":\"BTCUSDT\",\"cid\":\"c_83c9\",\"rid\":\"r_5f86\",\"scope\":\"summary.1m\",\"window\":{\"from\":1761177600000,\"to\":1761436800000},\"details\":\"collect_recent_summary\"}", "extra": {"taskName": "starlette.middleware.base.BaseHTTPMiddleware.__call__.<locals>.call_next.<locals>.coro"}}
{"ts": "2025-10-26T15:03:52.610454+00:00", "level": "INFO", "name": "src.services.tracing", "msg": "{\"ts\":\"2025-10-26T15:03:52Z\",\"level\":\"INFO\",\"event\":\"collector.start\",\"stage\":\"summary_collect\",\"symbol\":\"BTCUSDT\",\"component\":\"summary_collector\",\"cid\":\"c_83c9\",\"rid\":\"r_5f86\",\"start_ms\":1761177600000,\"end_ms\":1761436800000,\"days\":3}", "extra": {"taskName": "starlette.middleware.base.BaseHTTPMiddleware.__call__.<locals>.call_next.<locals>.coro"}}
{"ts": "2025-10-26T15:03:52.614927+00:00", "level": "INFO", "name": "src.services.tracing", "msg": "{\"ts\":\"2025-10-26T15:03:52Z\",\"level\":\"INFO\",\"event\":\"gaps.detected\",\"stage\":\"summary_collect\",\"symbol\":\"BTCUSDT\",\"component\":\"summary_collector\",\"cid\":\"c_83c9\",\"rid\":\"r_5f86\",\"interval\":\"1m\",\"total\":0,\"merged\":0,\"first_expected\":1761177600000,\"last_closed\":1761436800000}", "extra": {"taskName": "starlette.middleware.base.BaseHTTPMiddleware.__call__.<locals>.call_next.<locals>.coro"}}
{"ts": "2025-10-26T15:03:52.615016+00:00", "level": "INFO", "name": "src.services.tracing", "msg": "{\"ts\":\"2025-10-26T15:03:52Z\",\"level\":\"INFO\",\"event\":\"gaps.merged\",\"stage\":\"summary_collect\",\"symbol\":\"BTCUSDT\",\"component\":\"summary_collector\",\"cid\":\"c_83c9\",\"rid\":\"r_5f86\",\"interval\":\"1m\",\"total\":0,\"merged\":0}", "extra": {"taskName": "starlette.middleware.base.BaseHTTPMiddleware.__call__.<locals>.call_next.<locals>.coro"}}
{"ts": "2025-10-26T15:03:52.615104+00:00", "level": "INFO", "name": "src.services.tracing", "msg": "{\"ts\":\"2025-10-26T15:03:52Z\",\"level\":\"INFO\",\"event\":\"interval.complete\",\"stage\":\"summary_collect\",\"symbol\":\"BTCUSDT\",\"component\":\"summary_collector\",\"cid\":\"c_83c9\",\"rid\":\"r_5f86\",\"interval\":\"1m\",\"written\":0,\"requests\":0}", "extra": {"taskName": "starlette.middleware.base.BaseHTTPMiddleware.__call__.<locals>.call_next.<locals>.coro"}}
{"ts": "2025-10-26T15:03:52.621712+00:00", "level": "INFO", "name": "src.services.tracing", "msg": "{\"ts\":\"2025-10-26T15:03:52Z\",\"level\":\"INFO\",\"event\":\"collector.finished\",\"stage\":\"summary_collect\",\"symbol\":\"BTCUSDT\",\"component\":\"summary_collector\",\"cid\":\"c_83c9\",\"rid\":\"r_5f86\",\"requests\":0,\"written\":0,\"dropped\":0}", "extra": {"taskName": "starlette.middleware.base.BaseHTTPMiddleware.__call__.<locals>.call_next.<locals>.coro"}}
{"ts": "2025-10-26T15:03:52.621866+00:00", "level": "INFO", "name": "src.services.tracing", "msg": "{\"ts\":\"2025-10-26T15:03:52Z\",\"level\":\"INFO\",\"event\":\"fetch.batch_done\",\"stage\":\"pipeline\",\"symbol\":\"BTCUSDT\",\"cid\":\"c_83c9\",\"rid\":\"r_5f86\",\"scope\":\"summary.1m\",\"window\":{\"from\":1761177600000,\"to\":1761436800000},\"metrics\":{\"requests\":0,\"ms\":11.5,\"candles_written\":0},\"details\":\"collect_recent_summary\"}", "extra": {"taskName": "starlette.middleware.base.BaseHTTPMiddleware.__call__.<locals>.call_next.<locals>.coro"}}
{"ts": "2025-10-26T15:03:52.621967+00:00", "level": "INFO", "name": "src.services.tracing", "msg": "{\"ts\":\"2025-10-26T15:03:52Z\",\"level\":\"INFO\",\"event\":\"fetch.batch_start\",\"stage\":\"pipeline\",\"symbol\":\"BTCUSDT\",\"cid\":\"c_83c9\",\"rid\":\"r_5f86\",\"scope\":\"repository.1m\",\"window\":{\"from\":1761177600000,\"to\":1761436800000},\"details\":\"repository.fetch_candles\"}", "extra": {"taskName": "starlette.middleware.base.BaseHTTPMiddleware.__call__.<locals>.call_next.<locals>.coro"}}
{"ts": "2025-10-26T15:03:52.628184+00:00", "level": "INFO", "name": "src.services.tracing", "msg": "{\"ts\":\"2025-10-26T15:03:52Z\",\"level\":\"INFO\",\"event\":\"fetch.batch_done\",\"stage\":\"pipeline\",\"symbol\":\"BTCUSDT\",\"cid\":\"c_83c9\",\"rid\":\"r_5f86\",\"scope\":\"repository.1m\",\"window\":{\"from\":1761177600000,\"to\":1761436800000},\"metrics\":{\"candles\":4321,\"ms\":6.2},\"details\":\"repository.fetch_candles\"}", "extra": {"taskName": "starlette.middleware.base.BaseHTTPMiddleware.__call__.<locals>.call_next.<locals>.coro"}}
{"ts": "2025-10-26T15:03:52.641561+00:00", "level": "INFO", "name": "src.services.ohlc_sanitizer", "msg": "Sanitised candles", "extra": {"taskName": "starlette.middleware.base.BaseHTTPMiddleware.__call__.<locals>.call_next.<locals>.coro", "stage": "rest.1m", "input_count": 4321, "output_count": 4321, "invalid_ts": 0, "invalid_ohlc": 0, "earliest_ms": 1761177600000, "latest_ms": 1761436800000}}
{"ts": "2025-10-26T15:03:52.647424+00:00", "level": "INFO", "name": "src.services.tracing", "msg": "{\"ts\":\"2025-10-26T15:03:52Z\",\"level\":\"INFO\",\"event\":\"pipeline.stage\",\"stage\":\"rollups\",\"symbol\":\"BTCUSDT\",\"cid\":\"c_83c9\",\"rid\":\"r_5f86\",\"label\":\"rollups\",\"status\":\"start\",\"timeframes\":[\"1m\",\"3m\",\"5m\",\"15m\",\"1h\",\"4h\",\"1d\"]}", "extra": {"taskName": "starlette.middleware.base.BaseHTTPMiddleware.__call__.<locals>.call_next.<locals>.coro"}}
{"ts": "2025-10-26T15:03:52.647546+00:00", "level": "INFO", "name": "src.services.check_all_datas", "msg": "pipeline.progress | symbol=BTCUSDT | event=inspection.pipeline.stage | payload={\"label\": \"rollups\", \"stage\": \"rollups\", \"status\": \"start\", \"timeframes\": [\"1m\", \"3m\", \"5m\", \"15m\", \"1h\", \"4h\", \"1d\"]}", "extra": {"taskName": "starlette.middleware.base.BaseHTTPMiddleware.__call__.<locals>.call_next.<locals>.coro"}}
{"ts": "2025-10-26T15:03:52.652360+00:00", "level": "INFO", "name": "src.services.tracing", "msg": "{\"ts\":\"2025-10-26T15:03:52Z\",\"level\":\"INFO\",\"event\":\"availability.checked\",\"stage\":\"ohlcv.multi\",\"symbol\":\"BTCUSDT\",\"cid\":\"c_83c9\",\"rid\":\"r_5f86\",\"scope\":\"ohlcv.1m\",\"window\":{\"from\":1761177660000,\"to\":1761436800000},\"metrics\":{\"expected\":4320,\"present\":4320,\"missing\":0,\"coverage_pct\":100.0}}", "extra": {"taskName": "starlette.middleware.base.BaseHTTPMiddleware.__call__.<locals>.call_next.<locals>.coro"}}
{"ts": "2025-10-26T15:03:52.672673+00:00", "level": "INFO", "name": "src.services.tracing", "msg": "{\"ts\":\"2025-10-26T15:03:52Z\",\"level\":\"INFO\",\"event\":\"pipeline.stage\",\"stage\":\"rollups\",\"symbol\":\"BTCUSDT\",\"cid\":\"c_83c9\",\"rid\":\"r_5f86\",\"label\":\"rollups\",\"status\":\"complete\",\"duration_ms\":25.241,\"bar_counts\":{\"1m\":4320,\"3m\":1441,\"5m\":865,\"15m\":289,\"1h\":73,\"4h\":19,\"1d\":4,\"seed_minutes\":4321},\"agg_counts\":{\"lookback_days\":3},\"completeness\":{\"has_seed\":true,\"source\":\"remote\"}}", "extra": {"taskName": "starlette.middleware.base.BaseHTTPMiddleware.__call__.<locals>.call_next.<locals>.coro"}}
{"ts": "2025-10-26T15:03:52.672793+00:00", "level": "INFO", "name": "src.services.check_all_datas", "msg": "pipeline.progress | symbol=BTCUSDT | event=inspection.pipeline.stage | payload={\"agg_counts\": {\"lookback_days\": 3}, \"bar_counts\": {\"15m\": 289, \"1d\": 4, \"1h\": 73, \"1m\": 4320, \"3m\": 1441, \"4h\": 19, \"5m\": 865, \"seed_minutes\": 4321}, \"completeness\": {\"has_seed\": true, \"source\": \"remote\"}, \"duration_ms\": 25.241, \"label\": \"rollups\", \"stage\": \"rollups\", \"status\": \"complete\"}", "extra": {"taskName": "starlette.middleware.base.BaseHTTPMiddleware.__call__.<locals>.call_next.<locals>.coro"}}
{"ts": "2025-10-26T15:03:52.672951+00:00", "level": "INFO", "name": "src.services.tracing", "msg": "{\"ts\":\"2025-10-26T15:03:52Z\",\"level\":\"INFO\",\"event\":\"pipeline.stage\",\"stage\":\"vwap_tpo\",\"symbol\":\"BTCUSDT\",\"cid\":\"c_83c9\",\"rid\":\"r_5f86\",\"label\":\"vwap/tpo\",\"status\":\"start\",\"sessions\":[\"asia\",\"london\",\"ny\"]}", "extra": {"taskName": "starlette.middleware.base.BaseHTTPMiddleware.__call__.<locals>.call_next.<locals>.coro"}}
{"ts": "2025-10-26T15:03:52.673025+00:00", "level": "INFO", "name": "src.services.check_all_datas", "msg": "pipeline.progress | symbol=BTCUSDT | event=inspection.pipeline.stage | payload={\"label\": \"vwap/tpo\", \"sessions\": [\"asia\", \"london\", \"ny\"], \"stage\": \"vwap_tpo\", \"status\": \"start\"}", "extra": {"taskName": "starlette.middleware.base.BaseHTTPMiddleware.__call__.<locals>.call_next.<locals>.coro"}}
{"ts": "2025-10-26T15:03:52.695287+00:00", "level": "INFO", "name": "src.services.tracing", "msg": "{\"ts\":\"2025-10-26T15:03:52Z\",\"level\":\"INFO\",\"event\":\"pipeline.stage\",\"stage\":\"gaps\",\"symbol\":\"BTCUSDT\",\"cid\":\"c_83c9\",\"rid\":\"r_5f86\",\"label\":\"gaps\",\"status\":\"start\",\"window\":{\"start_ms\":1761177600000,\"end_ms\":1761436740000},\"enforce\":true,\"strict\":true}", "extra": {"taskName": "starlette.middleware.base.BaseHTTPMiddleware.__call__.<locals>.call_next.<locals>.coro"}}
{"ts": "2025-10-26T15:03:52.695399+00:00", "level": "INFO", "name": "src.services.check_all_datas", "msg": "pipeline.progress | symbol=BTCUSDT | event=inspection.pipeline.stage | payload={\"enforce\": true, \"label\": \"gaps\", \"stage\": \"gaps\", \"status\": \"start\", \"strict\": true, \"window\": {\"end_ms\": 1761436740000, \"start_ms\": 1761177600000}}", "extra": {"taskName": "starlette.middleware.base.BaseHTTPMiddleware.__call__.<locals>.call_next.<locals>.coro"}}
{"ts": "2025-10-26T15:03:52.695905+00:00", "level": "INFO", "name": "src.services.tracing", "msg": "{\"ts\":\"2025-10-26T15:03:52Z\",\"level\":\"INFO\",\"event\":\"pipeline.stage\",\"stage\":\"gaps\",\"symbol\":\"BTCUSDT\",\"cid\":\"c_83c9\",\"rid\":\"r_5f86\",\"label\":\"gaps\",\"status\":\"complete\",\"duration_ms\":0.621,\"bar_counts\":{\"expected\":4320,\"missing_before\":0,\"missing_after\":0,\"downloaded\":0},\"agg_counts\":{\"gap_count\":0,\"relaxed\":false},\"completeness\":{\"coverage_before\":1.0,\"coverage_after\":1.0,\"enforced\":true,\"relaxed\":false}}", "extra": {"taskName": "starlette.middleware.base.BaseHTTPMiddleware.__call__.<locals>.call_next.<locals>.coro"}}
{"ts": "2025-10-26T15:03:52.695992+00:00", "level": "INFO", "name": "src.services.check_all_datas", "msg": "pipeline.progress | symbol=BTCUSDT | event=inspection.pipeline.stage | payload={\"agg_counts\": {\"gap_count\": 0, \"relaxed\": false}, \"bar_counts\": {\"downloaded\": 0, \"expected\": 4320, \"missing_after\": 0, \"missing_before\": 0}, \"completeness\": {\"coverage_after\": 1.0, \"coverage_before\": 1.0, \"enforced\": true, \"relaxed\": false}, \"duration_ms\": 0.621, \"label\": \"gaps\", \"stage\": \"gaps\", \"status\": \"complete\"}", "extra": {"taskName": "starlette.middleware.base.BaseHTTPMiddleware.__call__.<locals>.call_next.<locals>.coro"}}
{"ts": "2025-10-26T15:03:52.750890+00:00", "level": "INFO", "name": "src.services.check_all_datas", "msg": "Liquidity module flag", "extra": {"taskName": "starlette.middleware.base.BaseHTTPMiddleware.__call__.<locals>.call_next.<locals>.coro", "symbol": "BTCUSDT", "enabled": false, "strict_three_day": true, "network_backfill": false}}
{"ts": "2025-10-26T15:03:52.751067+00:00", "level": "INFO", "name": "src.services.check_all_datas", "msg": "Liquidity module disabled for strict offline run", "extra": {"taskName": "starlette.middleware.base.BaseHTTPMiddleware.__call__.<locals>.call_next.<locals>.coro", "symbol": "BTCUSDT"}}
{"ts": "2025-10-26T15:03:52.753634+00:00", "level": "INFO", "name": "src.services.check_all_datas", "msg": "Resolved last price for inspection snapshot", "extra": {"taskName": "starlette.middleware.base.BaseHTTPMiddleware.__call__.<locals>.call_next.<locals>.coro", "source": "ohlcv", "tf": "1m", "ts": 1761436800000, "age_sec": 0, "insufficient_reason": null}}
{"ts": "2025-10-26T15:03:52.753834+00:00", "level": "INFO", "name": "src.services.check_all_datas", "msg": "Snapshot age evaluated", "extra": {"taskName": "starlette.middleware.base.BaseHTTPMiddleware.__call__.<locals>.call_next.<locals>.coro", "snapshot_age_sec": 0}}
{"ts": "2025-10-26T15:03:52.753933+00:00", "level": "INFO", "name": "src.services.tracing", "msg": "{\"ts\":\"2025-10-26T15:03:52Z\",\"level\":\"INFO\",\"event\":\"pipeline.stage\",\"stage\":\"zones\",\"symbol\":\"BTCUSDT\",\"cid\":\"c_83c9\",\"rid\":\"r_5f86\",\"label\":\"zones\",\"status\":\"start\",\"availability\":{\"15m\":{\"required\":120,\"adjusted_required\":120,\"available\":288,\"total\":288,\"ok\":true},\"1h\":{\"required\":50,\"adjusted_required\":50,\"available\":72,\"total\":72,\"ok\":true},\"4h\":{\"required\":18,\"adjusted_required\":18,\"available\":18,\"total\":18,\"ok\":true}},\"warmup\":{\"15m\":{\"required\":60,\"adjusted_required\":0,\"actual\":0,\"partial\":false},\"1h\":{\"required\":30,\"adjusted_required\":0,\"actual\":0,\"partial\":false},\"4h\":{\"required\":18,\"adjusted_required\":0,\"actual\":0,\"partial\":false},\"1d\":{\"required\":0,\"adjusted_required\":0,\"actual\":0,\"partial\":false}}}", "extra": {"taskName": "starlette.middleware.base.BaseHTTPMiddleware.__call__.<locals>.call_next.<locals>.coro"}}
{"ts": "2025-10-26T15:03:52.754011+00:00", "level": "INFO", "name": "src.services.check_all_datas", "msg": "pipeline.progress | symbol=BTCUSDT | event=inspection.pipeline.stage | payload={\"availability\": {\"15m\": {\"adjusted_required\": 120, \"available\": 288, \"ok\": true, \"required\": 120, \"total\": 288}, \"1h\": {\"adjusted_required\": 50, \"available\": 72, \"ok\": true, \"required\": 50, \"total\": 72}, \"4h\": {\"adjusted_required\": 18, \"available\": 18, \"ok\": true, \"required\": 18, \"total\": 18}}, \"label\": \"zones\", \"stage\": \"zones\", \"status\": \"start\", \"warmup\": {\"15m\": {\"actual\": 0, \"adjusted_required\": 0, \"partial\": false, \"required\": 60}, \"1d\": {\"actual\": 0, \"adjusted_required\": 0, \"partial\": false, \"required\": 0}, \"1h\": {\"actual\": 0, \"adjusted_required\": 0, \"partial\": false, \"required\": 30}, \"4h\": {\"actual\": 0, \"adjusted_required\": 0, \"partial\": false, \"required\": 18}}}", "extra": {"taskName": "starlette.middleware.base.BaseHTTPMiddleware.__call__.<locals>.call_next.<locals>.coro"}}
{"ts": "2025-10-26T15:03:52.763175+00:00", "level": "INFO", "name": "src.services.tracing", "msg": "{\"ts\":\"2025-10-26T15:03:52Z\",\"level\":\"INFO\",\"event\":\"compute.zones\",\"stage\":\"pipeline\",\"symbol\":\"BTCUSDT\",\"cid\":\"c_83c9\",\"rid\":\"r_5f86\",\"scope\":\"zones\",\"duration_ms\":9.06,\"bars\":4320}", "extra": {"taskName": "starlette.middleware.base.BaseHTTPMiddleware.__call__.<locals>.call_next.<locals>.coro"}}
{"ts": "2025-10-26T15:03:52.763837+00:00", "level": "INFO", "name": "src.services.tracing", "msg": "{\"ts\":\"2025-10-26T15:03:52Z\",\"level\":\"INFO\",\"event\":\"pipeline.stage\",\"stage\":\"zones\",\"symbol\":\"BTCUSDT\",\"cid\":\"c_83c9\",\"rid\":\"r_5f86\",\"label\":\"zones\",\"status\":\"complete\",\"duration_ms\":9.888,\"bar_counts\":{\"fvg\":5,\"fvl\":0,\"ob\":32,\"mb\":10,\"bb\":10,\"rb\":1,\"pb\":0,\"sr\":3,\"profile_levels\":12},\"agg_counts\":{\"focus_counts\":{\"fvg\":5,\"ob\":6}},\"completeness\":{\"availability\":{\"15m\":{\"required\":120,\"adjusted_required\":120,\"available\":288,\"total\":288,\"ok\":true},\"1h\":{\"required\":50,\"adjusted_required\":50,\"available\":72,\"total\":72,\"ok\":true},\"4h\":{\"required\":18,\"adjusted_required\":18,\"available\":18,\"total\":18,\"ok\":true}},\"warmup\":{\"15m\":{\"required\":60,\"adjusted_required\":0,\"actual\":0,\"partial\":false},\"1h\":{\"required\":30,\"adjusted_required\":0,\"actual\":0,\"partial\":false},\"4h\":{\"required\":18,\"adjusted_required\":0,\"actual\":0,\"partial\":false},\"1d\":{\"required\":0,\"adjusted_required\":0,\"actual\":0,\"partial\":false}}}}", "extra": {"taskName": "starlette.middleware.base.BaseHTTPMiddleware.__call__.<locals>.call_next.<locals>.coro"}}
{"ts": "2025-10-26T15:03:52.763985+00:00", "level": "INFO", "name": "src.services.check_all_datas", "msg": "pipeline.progress | symbol=BTCUSDT | event=inspection.pipeline.stage | payload={\"agg_counts\": {\"focus_counts\": {\"fvg\": 5, \"ob\": 6}}, \"bar_counts\": {\"bb\": 10, \"fvg\": 5, \"fvl\": 0, \"mb\": 10, \"ob\": 32, \"pb\": 0, \"profile_levels\": 12, \"rb\": 1, \"sr\": 3}, \"completeness\": {\"availability\": {\"15m\": {\"adjusted_required\": 120, \"available\": 288, \"ok\": true, \"required\": 120, \"total\": 288}, \"1h\": {\"adjusted_required\": 50, \"available\": 72, \"ok\": true, \"required\": 50, \"total\": 72}, \"4h\": {\"adjusted_required\": 18, \"available\": 18, \"ok\": true, \"required\": 18, \"total\": 18}}, \"warmup\": {\"15m\": {\"actual\": 0, \"adjusted_required\": 0, \"partial\": false, \"required\": 60}, \"1d\": {\"actual\": 0, \"adjusted_required\": 0, \"partial\": false, \"required\": 0}, \"1h\": {\"actual\": 0, \"adjusted_required\": 0, \"partial\": false, \"required\": 30}, \"4h\": {\"actual\": 0, \"adjusted_required\": 0, \"partial\": false, \"required\": 18}}}, \"duration_ms\": 9.888, \"label\": \"zones\", \"stage\": \"zones\", \"status\": \"complete\"}", "extra": {"taskName": "starlette.middleware.base.BaseHTTPMiddleware.__call__.<locals>.call_next.<locals>.coro"}}
{"ts": "2025-10-26T15:03:52.764435+00:00", "level": "INFO", "name": "src.services.tracing", "msg": "{\"ts\":\"2025-10-26T15:03:52Z\",\"level\":\"INFO\",\"event\":\"pipeline.stage\",\"stage\":\"delta\",\"symbol\":\"BTCUSDT\",\"cid\":\"c_83c9\",\"rid\":\"r_5f86\",\"label\":\"delta\",\"status\":\"start\",\"window\":{\"start_ms\":1761393600000,\"end_ms\":1761436740000}}", "extra": {"taskName": "starlette.middleware.base.BaseHTTPMiddleware.__call__.<locals>.call_next.<locals>.coro"}}
{"ts": "2025-10-26T15:03:52.764518+00:00", "level": "INFO", "name": "src.services.check_all_datas", "msg": "pipeline.progress | symbol=BTCUSDT | event=inspection.pipeline.stage | payload={\"label\": \"delta\", \"stage\": \"delta\", \"status\": \"start\", \"window\": {\"end_ms\": 1761436740000, \"start_ms\": 1761393600000}}", "extra": {"taskName": "starlette.middleware.base.BaseHTTPMiddleware.__call__.<locals>.call_next.<locals>.coro"}}
{"ts": "2025-10-26T15:03:55.150014+00:00", "level": "INFO", "name": "src.services.tracing", "msg": "{\"ts\":\"2025-10-26T15:03:55Z\",\"level\":\"INFO\",\"event\":\"compute.orderflow\",\"stage\":\"pipeline\",\"symbol\":\"BTCUSDT\",\"cid\":\"c_83c9\",\"rid\":\"r_5f86\",\"scope\":\"orderflow\",\"duration_ms\":2385.34,\"minutes\":4320}", "extra": {"taskName": "starlette.middleware.base.BaseHTTPMiddleware.__call__.<locals>.call_next.<locals>.coro"}}
{"ts": "2025-10-26T15:03:55.150230+00:00", "level": "INFO", "name": "src.services.tracing", "msg": "{\"ts\":\"2025-10-26T15:03:55Z\",\"level\":\"INFO\",\"event\":\"pipeline.stage\",\"stage\":\"delta\",\"symbol\":\"BTCUSDT\",\"cid\":\"c_83c9\",\"rid\":\"r_5f86\",\"label\":\"delta\",\"status\":\"complete\",\"duration_ms\":2385.77,\"bar_counts\":{\"1m\":720,\"3m\":240,\"5m\":144,\"15m\":48,\"1h\":12},\"agg_counts\":{\"1m_raw\":720,\"1m\":720,\"3m\":240,\"5m\":144,\"15m\":48,\"1h\":12},\"completeness\":{\"expected_minutes\":720,\"with_trades\":719,\"missing_minutes\":1,\"gaps\":[{\"from\":1761436740000,\"to\":1761436740000}],\"reconstructed_minutes\":0}}", "extra": {"taskName": "starlette.middleware.base.BaseHTTPMiddleware.__call__.<locals>.call_next.<locals>.coro"}}
{"ts": "2025-10-26T15:03:55.150323+00:00", "level": "INFO", "name": "src.services.check_all_datas", "msg": "pipeline.progress | symbol=BTCUSDT | event=inspection.pipeline.stage | payload={\"agg_counts\": {\"15m\": 48, \"1h\": 12, \"1m\": 720, \"1m_raw\": 720, \"3m\": 240, \"5m\": 144}, \"bar_counts\": {\"15m\": 48, \"1h\": 12, \"1m\": 720, \"3m\": 240, \"5m\": 144}, \"completeness\": {\"expected_minutes\": 720, \"gaps\": [{\"from\": 1761436740000, \"to\": 1761436740000}], \"missing_minutes\": 1, \"reconstructed_minutes\": 0, \"with_trades\": 719}, \"duration_ms\": 2385.77, \"label\": \"delta\", \"stage\": \"delta\", \"status\": \"complete\"}", "extra": {"taskName": "starlette.middleware.base.BaseHTTPMiddleware.__call__.<locals>.call_next.<locals>.coro"}}
{"ts": "2025-10-26T15:03:55.150426+00:00", "level": "INFO", "name": "src.services.tracing", "msg": "{\"ts\":\"2025-10-26T15:03:55Z\",\"level\":\"INFO\",\"event\":\"compute.rollups\",\"stage\":\"pipeline\",\"symbol\":\"BTCUSDT\",\"cid\":\"c_83c9\",\"rid\":\"r_5f86\",\"scope\":\"rollups\",\"frames\":7}", "extra": {"taskName": "starlette.middleware.base.BaseHTTPMiddleware.__call__.<locals>.call_next.<locals>.coro"}}
{"ts": "2025-10-26T15:03:55.206572+00:00", "level": "INFO", "name": "src.services.tracing", "msg": "{\"ts\":\"2025-10-26T15:03:55Z\",\"level\":\"INFO\",\"event\":\"compute.vwap_tpo\",\"stage\":\"pipeline\",\"symbol\":\"BTCUSDT\",\"cid\":\"c_83c9\",\"rid\":\"r_5f86\",\"scope\":\"vwap_tpo.compact\",\"metrics\":{\"bars\":0,\"ms\":18.855},\"windows\":5}", "extra": {"taskName": "starlette.middleware.base.BaseHTTPMiddleware.__call__.<locals>.call_next.<locals>.coro"}}
{"ts": "2025-10-26T15:03:55.214462+00:00", "level": "INFO", "name": "src.services.tracing", "msg": "{\"ts\":\"2025-10-26T15:03:55Z\",\"level\":\"INFO\",\"event\":\"pipeline.stage\",\"stage\":\"vwap_tpo\",\"symbol\":\"BTCUSDT\",\"cid\":\"c_83c9\",\"rid\":\"r_5f86\",\"label\":\"vwap/tpo\",\"status\":\"complete\",\"duration_ms\":2541.475,\"bar_counts\":{\"asia\":120,\"london\":0,\"ny\":0},\"agg_counts\":{\"sessions\":3},\"completeness\":{\"asia\":{\"status\":\"partial\",\"coverage_ratio\":0.5},\"london\":{\"status\":\"empty\",\"coverage_ratio\":0.0},\"ny\":{\"status\":\"empty\",\"coverage_ratio\":0.0}}}", "extra": {"taskName": "starlette.middleware.base.BaseHTTPMiddleware.__call__.<locals>.call_next.<locals>.coro"}}
{"ts": "2025-10-26T15:03:55.214607+00:00", "level": "INFO", "name": "src.services.check_all_datas", "msg": "pipeline.progress | symbol=BTCUSDT | event=inspection.pipeline.stage | payload={\"agg_counts\": {\"sessions\": 3}, \"bar_counts\": {\"asia\": 120, \"london\": 0, \"ny\": 0}, \"completeness\": {\"asia\": {\"coverage_ratio\": 0.5, \"status\": \"partial\"}, \"london\": {\"coverage_ratio\": 0.0, \"status\": \"empty\"}, \"ny\": {\"coverage_ratio\": 0.0, \"status\": \"empty\"}}, \"duration_ms\": 2541.475, \"label\": \"vwap/tpo\", \"stage\": \"vwap_tpo\", \"status\": \"complete\"}", "extra": {"taskName": "starlette.middleware.base.BaseHTTPMiddleware.__call__.<locals>.call_next.<locals>.coro"}}
{"ts": "2025-10-26T15:03:55.214737+00:00", "level": "INFO", "name": "src.services.tracing", "msg": "{\"ts\":\"2025-10-26T15:03:55Z\",\"level\":\"INFO\",\"event\":\"compute.vwap_tpo\",\"stage\":\"pipeline\",\"symbol\":\"BTCUSDT\",\"cid\":\"c_83c9\",\"rid\":\"r_5f86\",\"scope\":\"vwap_tpo\",\"sessions\":3}", "extra": {"taskName": "starlette.middleware.base.BaseHTTPMiddleware.__call__.<locals>.call_next.<locals>.coro"}}
{"ts": "2025-10-26T15:03:55.224576+00:00", "level": "INFO", "name": "src.services.tracing", "msg": "{\"ts\":\"2025-10-26T15:03:55Z\",\"level\":\"INFO\",\"event\":\"compute.poi.topN\",\"stage\":\"pipeline\",\"symbol\":\"BTCUSDT\",\"cid\":\"c_83c9\",\"rid\":\"r_5f86\",\"scope\":\"zones\",\"counts\":{\"fvg\":5,\"fvl\":0,\"ob\":32,\"mb\":10,\"bb\":10,\"rb\":1,\"pb\":0,\"sr\":3,\"profile_levels\":12}}", "extra": {"taskName": "starlette.middleware.base.BaseHTTPMiddleware.__call__.<locals>.call_next.<locals>.coro"}}
{"ts": "2025-10-26T15:03:55.224808+00:00", "level": "INFO", "name": "src.services.tracing", "msg": "{\"ts\":\"2025-10-26T15:03:55Z\",\"level\":\"INFO\",\"event\":\"pipeline.stage\",\"stage\":\"vitrines\",\"symbol\":\"BTCUSDT\",\"cid\":\"c_83c9\",\"rid\":\"r_5f86\",\"label\":\"vitrines\",\"status\":\"start\"}", "extra": {"taskName": "starlette.middleware.base.BaseHTTPMiddleware.__call__.<locals>.call_next.<locals>.coro"}}
{"ts": "2025-10-26T15:03:55.224923+00:00", "level": "INFO", "name": "src.services.check_all_datas", "msg": "pipeline.progress | symbol=BTCUSDT | event=inspection.pipeline.stage | payload={\"label\": \"vitrines\", \"stage\": \"vitrines\", \"status\": \"start\"}", "extra": {"taskName": "starlette.middleware.base.BaseHTTPMiddleware.__call__.<locals>.call_next.<locals>.coro"}}
{"ts": "2025-10-26T15:03:55.225216+00:00", "level": "INFO", "name": "src.services.tracing", "msg": "{\"ts\":\"2025-10-26T15:03:55Z\",\"level\":\"INFO\",\"event\":\"pipeline.stage\",\"stage\":\"vitrines\",\"symbol\":\"BTCUSDT\",\"cid\":\"c_83c9\",\"rid\":\"r_5f86\",\"label\":\"vitrines\",\"status\":\"complete\",\"duration_ms\":0.391,\"bar_counts\":{\"A\":11,\"B\":3},\"agg_counts\":{\"diagnostics\":{\"A\":{\"missing_modules\":[],\"reason_flags\":[],\"validation_errors\":[]},\"B\":{\"missing_modules\":[\"liquidity.sweeps\"],\"reason_flags\":[\"sweeps_missing\"],\"validation_errors\":[],\"fresh_counts\":{\"fvg\":0,\"ob\":6},\"delta_15m\":-339.95200000000006,\"cvd_agg\":-339.95199999999977,\"sweeps_sample\":0}}},\"completeness\":{\"A\":{\"window_hours\":72,\"counts\":{\"fvg\":5,\"ob\":6},\"open_entries\":11,\"has_last_price\":true,\"missing_modules\":[],\"valid\":true,\"validation_errors\":[]},\"B\":{\"sessions\":{\"asia\":true,\"london\":true,\"ny\":true},\"missing_modules\":[\"liquidity.sweeps\"],\"has_delta_15m\":true,\"has_cvd\":true,\"has_sweeps\":false,\"fresh_intraday\":{\"fvg\":0,\"ob\":6},\"valid\":true,\"validation_errors\":[]}}}", "extra": {"taskName": "starlette.middleware.base.BaseHTTPMiddleware.__call__.<locals>.call_next.<locals>.coro"}}
{"ts": "2025-10-26T15:03:55.225327+00:00", "level": "INFO", "name": "src.services.check_all_datas", "msg": "pipeline.progress | symbol=BTCUSDT | event=inspection.pipeline.stage | payload={\"agg_counts\": {\"diagnostics\": {\"A\": {\"missing_modules\": [], \"reason_flags\": [], \"validation_errors\": []}, \"B\": {\"cvd_agg\": -339.95199999999977, \"delta_15m\": -339.95200000000006, \"fresh_counts\": {\"fvg\": 0, \"ob\": 6}, \"missing_modules\": [\"liquidity.sweeps\"], \"reason_flags\": [\"sweeps_missing\"], \"sweeps_sample\": 0, \"validation_errors\": []}}}, \"bar_counts\": {\"A\": 11, \"B\": 3}, \"completeness\": {\"A\": {\"counts\": {\"fvg\": 5, \"ob\": 6}, \"has_last_price\": true, \"missing_modules\": [], \"open_entries\": 11, \"valid\": true, \"validation_errors\": [], \"window_hours\": 72}, \"B\": {\"fresh_intraday\": {\"fvg\": 0, \"ob\": 6}, \"has_cvd\": true, \"has_delta_15m\": true, \"has_sweeps\": false, \"missing_modules\": [\"liquidity.sweeps\"], \"sessions\": {\"asia\": true, \"london\": true, \"ny\": true}, \"valid\": true, \"validation_errors\": []}}, \"duration_ms\": 0.391, \"label\": \"vitrines\", \"stage\": \"vitrines\", \"status\": \"complete\"}", "extra": {"taskName": "starlette.middleware.base.BaseHTTPMiddleware.__call__.<locals>.call_next.<locals>.coro"}}
{"ts": "2025-10-26T15:03:55.225423+00:00", "level": "INFO", "name": "src.services.tracing", "msg": "{\"ts\":\"2025-10-26T15:03:55Z\",\"level\":\"INFO\",\"event\":\"availability.checked\",\"stage\":\"pipeline\",\"symbol\":\"BTCUSDT\",\"cid\":\"c_83c9\",\"rid\":\"r_5f86\",\"scope\":\"payload\",\"blocks\":[\"timeframes\"]}", "extra": {"taskName": "starlette.middleware.base.BaseHTTPMiddleware.__call__.<locals>.call_next.<locals>.coro"}}
{"ts": "2025-10-26T15:03:55.225932+00:00", "level": "INFO", "name": "src.services.check_all_datas", "msg": "Missing fields detected", "extra": {"taskName": "starlette.middleware.base.BaseHTTPMiddleware.__call__.<locals>.call_next.<locals>.coro", "missing_fields": ["orderflow.footprint", "vwap_tpo.sessions.london.ib_high", "vwap_tpo.sessions.london.ib_low", "vwap_tpo.sessions.london.poc", "vwap_tpo.sessions.london.vah", "vwap_tpo.sessions.london.val", "vwap_tpo.sessions.ny.ib_high", "vwap_tpo.sessions.ny.ib_low", "vwap_tpo.sessions.ny.poc", "vwap_tpo.sessions.ny.vah", "vwap_tpo.sessions.ny.val", "zones.fvl", "zones.pb", "zones.recent"]}}
{"ts": "2025-10-26T15:03:55.241358+00:00", "level": "INFO", "name": "src.services.tracing", "msg": "{\"ts\":\"2025-10-26T15:03:55Z\",\"level\":\"INFO\",\"event\":\"output.prepare_payload\",\"stage\":\"pipeline\",\"symbol\":\"BTCUSDT\",\"cid\":\"c_83c9\",\"rid\":\"r_5f86\",\"scope\":\"output\",\"status\":\"ready\",\"missing_fields\":14}", "extra": {"taskName": "starlette.middleware.base.BaseHTTPMiddleware.__call__.<locals>.call_next.<locals>.coro"}}
{"ts": "2025-10-26T15:03:55.257519+00:00", "level": "INFO", "name": "src.services.tracing", "msg": "{\"ts\":\"2025-10-26T15:03:55Z\",\"level\":\"INFO\",\"event\":\"output.publish\",\"stage\":\"pipeline\",\"symbol\":\"BTCUSDT\",\"cid\":\"c_83c9\",\"rid\":\"r_5f86\",\"scope\":\"output\",\"status\":\"ready\",\"size_bytes\":1190242}", "extra": {"taskName": "starlette.middleware.base.BaseHTTPMiddleware.__call__.<locals>.call_next.<locals>.coro"}}
{"ts": "2025-10-26T15:03:55.257670+00:00", "level": "INFO", "name": "src.services.tracing", "msg": "{\"ts\":\"2025-10-26T15:03:55Z\",\"level\":\"INFO\",\"event\":\"pipeline.done\",\"stage\":\"pipeline\",\"symbol\":\"BTCUSDT\",\"cid\":\"c_83c9\",\"rid\":\"r_5f86\",\"scope\":\"pipeline\",\"status\":\"ready\",\"fetch_ms\":11.5,\"db_ms\":6.2,\"compute_ms\":2614.02,\"serialize_ms\":15.35,\"size_bytes\":1190242}", "extra": {"taskName": "starlette.middleware.base.BaseHTTPMiddleware.__call__.<locals>.call_next.<locals>.coro"}}
{"ts": "2025-10-26T15:03:55.329559+00:00", "level": "INFO", "name": "src.services.check_all_datas", "msg": "pipeline.run.complete | symbol=BTCUSDT | status=ready", "extra": {"taskName": "starlette.middleware.base.BaseHTTPMiddleware.__call__.<locals>.call_next.<locals>.coro"}}
{"ts": "2025-10-26T15:11:37.420976+00:00", "level": "INFO", "name": "src.api.app", "msg": "app.bootstrap.begin", "extra": {"taskName": "Task-2", "symbols": ["BTCUSDT"], "days": 3, "timeout": 600.0}}
{"ts": "2025-10-26T15:11:37.421669+00:00", "level": "INFO", "name": "src.common.config", "msg": "config.loaded", "extra": {"taskName": "Task-2", "offline": false, "ingest_policy": "LOCAL_THEN_REMOTE", "fixture_dirs": ["tests/fixtures", "fixtures", "cache/vision"], "data_dir": "./data", "duckdb_path": "./meta/index.duckdb", "market": "um"}}
{"ts": "2025-10-26T15:11:37.432902+00:00", "level": "INFO", "name": "src.services.inspection_cache_service", "msg": "inspection.cache.ensure.start", "extra": {"taskName": "Task-2", "symbol": "BTCUSDT", "days": 3, "target_days": ["2025-10-25", "2025-10-24", "2025-10-23"], "network_backfill": true}}
{"ts": "2025-10-26T15:11:37.452336+00:00", "level": "INFO", "name": "src.services.inspection_cache_service", "msg": "inspection.cache.ensure.hit", "extra": {"taskName": "Task-2", "symbol": "BTCUSDT", "day": "2025-10-23", "minutes_found": 0, "minutes_expected": 1440}}
{"ts": "2025-10-26T15:11:37.460391+00:00", "level": "INFO", "name": "src.services.inspection_cache_service", "msg": "inspection.cache.ensure.hit", "extra": {"taskName": "Task-2", "symbol": "BTCUSDT", "day": "2025-10-24", "minutes_found": 0, "minutes_expected": 1440}}
{"ts": "2025-10-26T15:11:37.468744+00:00", "level": "INFO", "name": "src.services.inspection_cache_service", "msg": "inspection.cache.ensure.hit", "extra": {"taskName": "Task-2", "symbol": "BTCUSDT", "day": "2025-10-25", "minutes_found": 0, "minutes_expected": 1440}}
{"ts": "2025-10-26T15:11:37.468853+00:00", "level": "INFO", "name": "src.services.inspection_cache_service", "msg": "inspection.cache.ensure.complete", "extra": {"taskName": "Task-2", "symbol": "BTCUSDT", "status": "warm", "days": 3}}
{"ts": "2025-10-26T15:11:37.469038+00:00", "level": "INFO", "name": "src.services.tracing", "msg": "{\"ts\":\"2025-10-26T15:11:37Z\",\"level\":\"INFO\",\"event\":\"pipeline.start\",\"stage\":\"summary\",\"symbol\":\"BTCUSDT\",\"cid\":\"c_aaa6\",\"rid\":\"r_80fe\",\"window_hours\":72,\"mode\":\"summary\"}", "extra": {"taskName": "Task-2"}}
{"ts": "2025-10-26T15:11:37.476123+00:00", "level": "INFO", "name": "src.services.inspection_cache_service", "msg": "inspection.cache.ensure.start", "extra": {"taskName": "Task-2", "symbol": "BTCUSDT", "days": 3, "target_days": ["2025-10-25", "2025-10-24", "2025-10-23"], "network_backfill": false}}
{"ts": "2025-10-26T15:11:37.492687+00:00", "level": "INFO", "name": "src.services.inspection_cache_service", "msg": "inspection.cache.ensure.hit", "extra": {"taskName": "Task-2", "symbol": "BTCUSDT", "day": "2025-10-23", "minutes_found": 0, "minutes_expected": 1440}}
{"ts": "2025-10-26T15:11:37.499917+00:00", "level": "INFO", "name": "src.services.inspection_cache_service", "msg": "inspection.cache.ensure.hit", "extra": {"taskName": "Task-2", "symbol": "BTCUSDT", "day": "2025-10-24", "minutes_found": 0, "minutes_expected": 1440}}
{"ts": "2025-10-26T15:11:37.507563+00:00", "level": "INFO", "name": "src.services.inspection_cache_service", "msg": "inspection.cache.ensure.hit", "extra": {"taskName": "Task-2", "symbol": "BTCUSDT", "day": "2025-10-25", "minutes_found": 0, "minutes_expected": 1440}}
{"ts": "2025-10-26T15:11:37.507660+00:00", "level": "INFO", "name": "src.services.inspection_cache_service", "msg": "inspection.cache.ensure.complete", "extra": {"taskName": "Task-2", "symbol": "BTCUSDT", "status": "warm", "days": 3}}
{"ts": "2025-10-26T15:11:37.507772+00:00", "level": "INFO", "name": "src.services.inspection_cache_service", "msg": "inspection.cache.seed.built", "extra": {"taskName": "Task-2", "timeframes": ["15m", "1d", "1h", "1m", "3m", "4h", "5m"], "minutes_found": 0, "minutes_expected": 4320, "coverage_pct": 0.0}}
{"ts": "2025-10-26T15:11:37.507900+00:00", "level": "INFO", "name": "src.services.check_all_datas", "msg": "pipeline.run.start | symbol=BTCUSDT | window_hours=72 | hours=None | strict_window=True | network_backfill=False | timeout=180.0", "extra": {"taskName": "Task-2"}}
{"ts": "2025-10-26T15:11:37.508062+00:00", "level": "INFO", "name": "src.services.ohlc_sanitizer", "msg": "Sanitised candles", "extra": {"taskName": "Task-2", "stage": "seed.1m", "input_count": 0, "output_count": 0, "invalid_ts": 0, "invalid_ohlc": 0, "earliest_ms": null, "latest_ms": null}}
{"ts": "2025-10-26T15:11:37.508159+00:00", "level": "INFO", "name": "src.services.tracing", "msg": "{\"ts\":\"2025-10-26T15:11:37Z\",\"level\":\"INFO\",\"event\":\"ui.click_received\",\"stage\":\"pipeline\",\"symbol\":\"BTCUSDT\",\"cid\":\"c_aaa6\",\"rid\":\"r_80fe\",\"scope\":\"ui\",\"strict_window\":true,\"network_backfill\":false,\"minute_backfill_enabled\":false}", "extra": {"taskName": "Task-2"}}
{"ts": "2025-10-26T15:11:37.508249+00:00", "level": "INFO", "name": "src.services.tracing", "msg": "{\"ts\":\"2025-10-26T15:11:37Z\",\"level\":\"INFO\",\"event\":\"pipeline.start\",\"stage\":\"pipeline\",\"symbol\":\"BTCUSDT\",\"cid\":\"c_aaa6\",\"rid\":\"r_80fe\",\"scope\":\"pipeline\",\"strict_window\":true,\"network_backfill\":false,\"minute_backfill_enabled\":false}", "extra": {"taskName": "Task-2"}}
{"ts": "2025-10-26T15:11:37.508326+00:00", "level": "INFO", "name": "src.services.tracing", "msg": "{\"ts\":\"2025-10-26T15:11:37Z\",\"level\":\"INFO\",\"event\":\"pipeline.contract_ok\",\"stage\":\"pipeline\",\"symbol\":\"BTCUSDT\",\"cid\":\"c_aaa6\",\"rid\":\"r_80fe\",\"scope\":\"pipeline\",\"base_window_hours\":72,\"strict_three_day\":true,\"window_end_ms\":1761436800000}", "extra": {"taskName": "Task-2"}}
{"ts": "2025-10-26T15:11:37.508415+00:00", "level": "INFO", "name": "src.services.tracing", "msg": "{\"ts\":\"2025-10-26T15:11:37Z\",\"level\":\"INFO\",\"event\":\"fetch.batch_start\",\"stage\":\"pipeline\",\"symbol\":\"BTCUSDT\",\"cid\":\"c_aaa6\",\"rid\":\"r_80fe\",\"scope\":\"summary.1m\",\"window\":{\"from\":1761177600000,\"to\":1761436800000},\"details\":\"collect_recent_summary\"}", "extra": {"taskName": "Task-2"}}
{"ts": "2025-10-26T15:11:37.508509+00:00", "level": "INFO", "name": "src.services.tracing", "msg": "{\"ts\":\"2025-10-26T15:11:37Z\",\"level\":\"INFO\",\"event\":\"collector.start\",\"stage\":\"summary_collect\",\"symbol\":\"BTCUSDT\",\"component\":\"summary_collector\",\"cid\":\"c_aaa6\",\"rid\":\"r_80fe\",\"start_ms\":1761177600000,\"end_ms\":1761436800000,\"days\":3}", "extra": {"taskName": "Task-2"}}
{"ts": "2025-10-26T15:11:37.519000+00:00", "level": "INFO", "name": "src.services.tracing", "msg": "{\"ts\":\"2025-10-26T15:11:37Z\",\"level\":\"INFO\",\"event\":\"gaps.detected\",\"stage\":\"summary_collect\",\"symbol\":\"BTCUSDT\",\"component\":\"summary_collector\",\"cid\":\"c_aaa6\",\"rid\":\"r_80fe\",\"interval\":\"1m\",\"total\":0,\"merged\":0,\"first_expected\":1761177600000,\"last_closed\":1761436800000}", "extra": {"taskName": "Task-2"}}
{"ts": "2025-10-26T15:11:37.519116+00:00", "level": "INFO", "name": "src.services.tracing", "msg": "{\"ts\":\"2025-10-26T15:11:37Z\",\"level\":\"INFO\",\"event\":\"gaps.merged\",\"stage\":\"summary_collect\",\"symbol\":\"BTCUSDT\",\"component\":\"summary_collector\",\"cid\":\"c_aaa6\",\"rid\":\"r_80fe\",\"interval\":\"1m\",\"total\":0,\"merged\":0}", "extra": {"taskName": "Task-2"}}
{"ts": "2025-10-26T15:11:37.519205+00:00", "level": "INFO", "name": "src.services.tracing", "msg": "{\"ts\":\"2025-10-26T15:11:37Z\",\"level\":\"INFO\",\"event\":\"interval.complete\",\"stage\":\"summary_collect\",\"symbol\":\"BTCUSDT\",\"component\":\"summary_collector\",\"cid\":\"c_aaa6\",\"rid\":\"r_80fe\",\"interval\":\"1m\",\"written\":0,\"requests\":0}", "extra": {"taskName": "Task-2"}}
{"ts": "2025-10-26T15:11:37.528397+00:00", "level": "INFO", "name": "src.services.tracing", "msg": "{\"ts\":\"2025-10-26T15:11:37Z\",\"level\":\"INFO\",\"event\":\"collector.finished\",\"stage\":\"summary_collect\",\"symbol\":\"BTCUSDT\",\"component\":\"summary_collector\",\"cid\":\"c_aaa6\",\"rid\":\"r_80fe\",\"requests\":0,\"written\":0,\"dropped\":0}", "extra": {"taskName": "Task-2"}}
{"ts": "2025-10-26T15:11:37.528544+00:00", "level": "INFO", "name": "src.services.tracing", "msg": "{\"ts\":\"2025-10-26T15:11:37Z\",\"level\":\"INFO\",\"event\":\"fetch.batch_done\",\"stage\":\"pipeline\",\"symbol\":\"BTCUSDT\",\"cid\":\"c_aaa6\",\"rid\":\"r_80fe\",\"scope\":\"summary.1m\",\"window\":{\"from\":1761177600000,\"to\":1761436800000},\"metrics\":{\"requests\":0,\"ms\":20.12,\"candles_written\":0},\"details\":\"collect_recent_summary\"}", "extra": {"taskName": "Task-2"}}
{"ts": "2025-10-26T15:11:37.528618+00:00", "level": "INFO", "name": "src.services.tracing", "msg": "{\"ts\":\"2025-10-26T15:11:37Z\",\"level\":\"INFO\",\"event\":\"fetch.batch_start\",\"stage\":\"pipeline\",\"symbol\":\"BTCUSDT\",\"cid\":\"c_aaa6\",\"rid\":\"r_80fe\",\"scope\":\"repository.1m\",\"window\":{\"from\":1761177600000,\"to\":1761436800000},\"details\":\"repository.fetch_candles\"}", "extra": {"taskName": "Task-2"}}
{"ts": "2025-10-26T15:11:37.535134+00:00", "level": "INFO", "name": "src.services.tracing", "msg": "{\"ts\":\"2025-10-26T15:11:37Z\",\"level\":\"INFO\",\"event\":\"fetch.batch_done\",\"stage\":\"pipeline\",\"symbol\":\"BTCUSDT\",\"cid\":\"c_aaa6\",\"rid\":\"r_80fe\",\"scope\":\"repository.1m\",\"window\":{\"from\":1761177600000,\"to\":1761436800000},\"metrics\":{\"candles\":4321,\"ms\":6.49},\"details\":\"repository.fetch_candles\"}", "extra": {"taskName": "Task-2"}}
{"ts": "2025-10-26T15:11:37.549326+00:00", "level": "INFO", "name": "src.services.ohlc_sanitizer", "msg": "Sanitised candles", "extra": {"taskName": "Task-2", "stage": "rest.1m", "input_count": 4321, "output_count": 4321, "invalid_ts": 0, "invalid_ohlc": 0, "earliest_ms": 1761177600000, "latest_ms": 1761436800000}}
{"ts": "2025-10-26T15:11:37.555295+00:00", "level": "INFO", "name": "src.services.tracing", "msg": "{\"ts\":\"2025-10-26T15:11:37Z\",\"level\":\"INFO\",\"event\":\"pipeline.stage\",\"stage\":\"rollups\",\"symbol\":\"BTCUSDT\",\"cid\":\"c_aaa6\",\"rid\":\"r_80fe\",\"label\":\"rollups\",\"status\":\"start\",\"timeframes\":[\"1m\",\"3m\",\"5m\",\"15m\",\"1h\",\"4h\",\"1d\"]}", "extra": {"taskName": "Task-2"}}
{"ts": "2025-10-26T15:11:37.555404+00:00", "level": "INFO", "name": "src.services.check_all_datas", "msg": "pipeline.progress | symbol=BTCUSDT | event=inspection.pipeline.stage | payload={\"label\": \"rollups\", \"stage\": \"rollups\", \"status\": \"start\", \"timeframes\": [\"1m\", \"3m\", \"5m\", \"15m\", \"1h\", \"4h\", \"1d\"]}", "extra": {"taskName": "Task-2"}}
{"ts": "2025-10-26T15:11:37.560324+00:00", "level": "INFO", "name": "src.services.tracing", "msg": "{\"ts\":\"2025-10-26T15:11:37Z\",\"level\":\"INFO\",\"event\":\"availability.checked\",\"stage\":\"ohlcv.multi\",\"symbol\":\"BTCUSDT\",\"cid\":\"c_aaa6\",\"rid\":\"r_80fe\",\"scope\":\"ohlcv.1m\",\"window\":{\"from\":1761177660000,\"to\":1761436800000},\"metrics\":{\"expected\":4320,\"present\":4320,\"missing\":0,\"coverage_pct\":100.0}}", "extra": {"taskName": "Task-2"}}
{"ts": "2025-10-26T15:11:37.583002+00:00", "level": "INFO", "name": "src.services.tracing", "msg": "{\"ts\":\"2025-10-26T15:11:37Z\",\"level\":\"INFO\",\"event\":\"pipeline.stage\",\"stage\":\"rollups\",\"symbol\":\"BTCUSDT\",\"cid\":\"c_aaa6\",\"rid\":\"r_80fe\",\"label\":\"rollups\",\"status\":\"complete\",\"duration_ms\":27.674,\"bar_counts\":{\"1m\":4320,\"3m\":1441,\"5m\":865,\"15m\":289,\"1h\":73,\"4h\":19,\"1d\":4,\"seed_minutes\":4321},\"agg_counts\":{\"lookback_days\":3},\"completeness\":{\"has_seed\":true,\"source\":\"remote\"}}", "extra": {"taskName": "Task-2"}}
{"ts": "2025-10-26T15:11:37.583148+00:00", "level": "INFO", "name": "src.services.check_all_datas", "msg": "pipeline.progress | symbol=BTCUSDT | event=inspection.pipeline.stage | payload={\"agg_counts\": {\"lookback_days\": 3}, \"bar_counts\": {\"15m\": 289, \"1d\": 4, \"1h\": 73, \"1m\": 4320, \"3m\": 1441, \"4h\": 19, \"5m\": 865, \"seed_minutes\": 4321}, \"completeness\": {\"has_seed\": true, \"source\": \"remote\"}, \"duration_ms\": 27.674, \"label\": \"rollups\", \"stage\": \"rollups\", \"status\": \"complete\"}", "extra": {"taskName": "Task-2"}}
{"ts": "2025-10-26T15:11:37.583834+00:00", "level": "INFO", "name": "src.services.tracing", "msg": "{\"ts\":\"2025-10-26T15:11:37Z\",\"level\":\"INFO\",\"event\":\"pipeline.stage\",\"stage\":\"vwap_tpo\",\"symbol\":\"BTCUSDT\",\"cid\":\"c_aaa6\",\"rid\":\"r_80fe\",\"label\":\"vwap/tpo\",\"status\":\"start\",\"sessions\":[\"asia\",\"london\",\"ny\"]}", "extra": {"taskName": "Task-2"}}
{"ts": "2025-10-26T15:11:37.583919+00:00", "level": "INFO", "name": "src.services.check_all_datas", "msg": "pipeline.progress | symbol=BTCUSDT | event=inspection.pipeline.stage | payload={\"label\": \"vwap/tpo\", \"sessions\": [\"asia\", \"london\", \"ny\"], \"stage\": \"vwap_tpo\", \"status\": \"start\"}", "extra": {"taskName": "Task-2"}}
{"ts": "2025-10-26T15:11:37.966624+00:00", "level": "INFO", "name": "src.services.tracing", "msg": "{\"ts\":\"2025-10-26T15:11:37Z\",\"level\":\"INFO\",\"event\":\"pipeline.stage\",\"stage\":\"gaps\",\"symbol\":\"BTCUSDT\",\"cid\":\"c_aaa6\",\"rid\":\"r_80fe\",\"label\":\"gaps\",\"status\":\"start\",\"window\":{\"start_ms\":1761177600000,\"end_ms\":1761436740000},\"enforce\":true,\"strict\":true}", "extra": {"taskName": "Task-2"}}
{"ts": "2025-10-26T15:11:37.966775+00:00", "level": "INFO", "name": "src.services.check_all_datas", "msg": "pipeline.progress | symbol=BTCUSDT | event=inspection.pipeline.stage | payload={\"enforce\": true, \"label\": \"gaps\", \"stage\": \"gaps\", \"status\": \"start\", \"strict\": true, \"window\": {\"end_ms\": 1761436740000, \"start_ms\": 1761177600000}}", "extra": {"taskName": "Task-2"}}
{"ts": "2025-10-26T15:11:37.967339+00:00", "level": "INFO", "name": "src.services.tracing", "msg": "{\"ts\":\"2025-10-26T15:11:37Z\",\"level\":\"INFO\",\"event\":\"pipeline.stage\",\"stage\":\"gaps\",\"symbol\":\"BTCUSDT\",\"cid\":\"c_aaa6\",\"rid\":\"r_80fe\",\"label\":\"gaps\",\"status\":\"complete\",\"duration_ms\":0.737,\"bar_counts\":{\"expected\":4320,\"missing_before\":0,\"missing_after\":0,\"downloaded\":0},\"agg_counts\":{\"gap_count\":0,\"relaxed\":false},\"completeness\":{\"coverage_before\":1.0,\"coverage_after\":1.0,\"enforced\":true,\"relaxed\":false}}", "extra": {"taskName": "Task-2"}}
{"ts": "2025-10-26T15:11:37.967454+00:00", "level": "INFO", "name": "src.services.check_all_datas", "msg": "pipeline.progress | symbol=BTCUSDT | event=inspection.pipeline.stage | payload={\"agg_counts\": {\"gap_count\": 0, \"relaxed\": false}, \"bar_counts\": {\"downloaded\": 0, \"expected\": 4320, \"missing_after\": 0, \"missing_before\": 0}, \"completeness\": {\"coverage_after\": 1.0, \"coverage_before\": 1.0, \"enforced\": true, \"relaxed\": false}, \"duration_ms\": 0.737, \"label\": \"gaps\", \"stage\": \"gaps\", \"status\": \"complete\"}", "extra": {"taskName": "Task-2"}}
{"ts": "2025-10-26T15:11:38.019920+00:00", "level": "INFO", "name": "src.services.check_all_datas", "msg": "Liquidity module flag", "extra": {"taskName": "Task-2", "symbol": "BTCUSDT", "enabled": false, "strict_three_day": true, "network_backfill": false}}
{"ts": "2025-10-26T15:11:38.020098+00:00", "level": "INFO", "name": "src.services.check_all_datas", "msg": "Liquidity module disabled for strict offline run", "extra": {"taskName": "Task-2", "symbol": "BTCUSDT"}}
{"ts": "2025-10-26T15:11:38.022539+00:00", "level": "INFO", "name": "src.services.check_all_datas", "msg": "Resolved last price for inspection snapshot", "extra": {"taskName": "Task-2", "source": "ohlcv", "tf": "1m", "ts": 1761436800000, "age_sec": 0, "insufficient_reason": null}}
{"ts": "2025-10-26T15:11:38.022722+00:00", "level": "INFO", "name": "src.services.check_all_datas", "msg": "Snapshot age evaluated", "extra": {"taskName": "Task-2", "snapshot_age_sec": 0}}
{"ts": "2025-10-26T15:11:38.022814+00:00", "level": "INFO", "name": "src.services.tracing", "msg": "{\"ts\":\"2025-10-26T15:11:38Z\",\"level\":\"INFO\",\"event\":\"pipeline.stage\",\"stage\":\"zones\",\"symbol\":\"BTCUSDT\",\"cid\":\"c_aaa6\",\"rid\":\"r_80fe\",\"label\":\"zones\",\"status\":\"start\",\"availability\":{\"15m\":{\"required\":120,\"adjusted_required\":120,\"available\":288,\"total\":288,\"ok\":true},\"1h\":{\"required\":50,\"adjusted_required\":50,\"available\":72,\"total\":72,\"ok\":true},\"4h\":{\"required\":18,\"adjusted_required\":18,\"available\":18,\"total\":18,\"ok\":true}},\"warmup\":{\"15m\":{\"required\":60,\"adjusted_required\":0,\"actual\":0,\"partial\":false},\"1h\":{\"required\":30,\"adjusted_required\":0,\"actual\":0,\"partial\":false},\"4h\":{\"required\":18,\"adjusted_required\":0,\"actual\":0,\"partial\":false},\"1d\":{\"required\":0,\"adjusted_required\":0,\"actual\":0,\"partial\":false}}}", "extra": {"taskName": "Task-2"}}
{"ts": "2025-10-26T15:11:38.022896+00:00", "level": "INFO", "name": "src.services.check_all_datas", "msg": "pipeline.progress | symbol=BTCUSDT | event=inspection.pipeline.stage | payload={\"availability\": {\"15m\": {\"adjusted_required\": 120, \"available\": 288, \"ok\": true, \"required\": 120, \"total\": 288}, \"1h\": {\"adjusted_required\": 50, \"available\": 72, \"ok\": true, \"required\": 50, \"total\": 72}, \"4h\": {\"adjusted_required\": 18, \"available\": 18, \"ok\": true, \"required\": 18, \"total\": 18}}, \"label\": \"zones\", \"stage\": \"zones\", \"status\": \"start\", \"warmup\": {\"15m\": {\"actual\": 0, \"adjusted_required\": 0, \"partial\": false, \"required\": 60}, \"1d\": {\"actual\": 0, \"adjusted_required\": 0, \"partial\": false, \"required\": 0}, \"1h\": {\"actual\": 0, \"adjusted_required\": 0, \"partial\": false, \"required\": 30}, \"4h\": {\"actual\": 0, \"adjusted_required\": 0, \"partial\": false, \"required\": 18}}}", "extra": {"taskName": "Task-2"}}
{"ts": "2025-10-26T15:11:38.032046+00:00", "level": "INFO", "name": "src.services.tracing", "msg": "{\"ts\":\"2025-10-26T15:11:38Z\",\"level\":\"INFO\",\"event\":\"compute.zones\",\"stage\":\"pipeline\",\"symbol\":\"BTCUSDT\",\"cid\":\"c_aaa6\",\"rid\":\"r_80fe\",\"scope\":\"zones\",\"duration_ms\":9.05,\"bars\":4320}", "extra": {"taskName": "Task-2"}}
{"ts": "2025-10-26T15:11:38.032637+00:00", "level": "INFO", "name": "src.services.tracing", "msg": "{\"ts\":\"2025-10-26T15:11:38Z\",\"level\":\"INFO\",\"event\":\"pipeline.stage\",\"stage\":\"zones\",\"symbol\":\"BTCUSDT\",\"cid\":\"c_aaa6\",\"rid\":\"r_80fe\",\"label\":\"zones\",\"status\":\"complete\",\"duration_ms\":9.82,\"bar_counts\":{\"fvg\":5,\"fvl\":0,\"ob\":32,\"mb\":10,\"bb\":10,\"rb\":1,\"pb\":0,\"sr\":3,\"profile_levels\":12},\"agg_counts\":{\"focus_counts\":{\"fvg\":5,\"ob\":6}},\"completeness\":{\"availability\":{\"15m\":{\"required\":120,\"adjusted_required\":120,\"available\":288,\"total\":288,\"ok\":true},\"1h\":{\"required\":50,\"adjusted_required\":50,\"available\":72,\"total\":72,\"ok\":true},\"4h\":{\"required\":18,\"adjusted_required\":18,\"available\":18,\"total\":18,\"ok\":true}},\"warmup\":{\"15m\":{\"required\":60,\"adjusted_required\":0,\"actual\":0,\"partial\":false},\"1h\":{\"required\":30,\"adjusted_required\":0,\"actual\":0,\"partial\":false},\"4h\":{\"required\":18,\"adjusted_required\":0,\"actual\":0,\"partial\":false},\"1d\":{\"required\":0,\"adjusted_required\":0,\"actual\":0,\"partial\":false}}}}", "extra": {"taskName": "Task-2"}}
{"ts": "2025-10-26T15:11:38.032738+00:00", "level": "INFO", "name": "src.services.check_all_datas", "msg": "pipeline.progress | symbol=BTCUSDT | event=inspection.pipeline.stage | payload={\"agg_counts\": {\"focus_counts\": {\"fvg\": 5, \"ob\": 6}}, \"bar_counts\": {\"bb\": 10, \"fvg\": 5, \"fvl\": 0, \"mb\": 10, \"ob\": 32, \"pb\": 0, \"profile_levels\": 12, \"rb\": 1, \"sr\": 3}, \"completeness\": {\"availability\": {\"15m\": {\"adjusted_required\": 120, \"available\": 288, \"ok\": true, \"required\": 120, \"total\": 288}, \"1h\": {\"adjusted_required\": 50, \"available\": 72, \"ok\": true, \"required\": 50, \"total\": 72}, \"4h\": {\"adjusted_required\": 18, \"available\": 18, \"ok\": true, \"required\": 18, \"total\": 18}}, \"warmup\": {\"15m\": {\"actual\": 0, \"adjusted_required\": 0, \"partial\": false, \"required\": 60}, \"1d\": {\"actual\": 0, \"adjusted_required\": 0, \"partial\": false, \"required\": 0}, \"1h\": {\"actual\": 0, \"adjusted_required\": 0, \"partial\": false, \"required\": 30}, \"4h\": {\"actual\": 0, \"adjusted_required\": 0, \"partial\": false, \"required\": 18}}}, \"duration_ms\": 9.82, \"label\": \"zones\", \"stage\": \"zones\", \"status\": \"complete\"}", "extra": {"taskName": "Task-2"}}
{"ts": "2025-10-26T15:11:38.033089+00:00", "level": "INFO", "name": "src.services.tracing", "msg": "{\"ts\":\"2025-10-26T15:11:38Z\",\"level\":\"INFO\",\"event\":\"pipeline.stage\",\"stage\":\"delta\",\"symbol\":\"BTCUSDT\",\"cid\":\"c_aaa6\",\"rid\":\"r_80fe\",\"label\":\"delta\",\"status\":\"start\",\"window\":{\"start_ms\":1761393600000,\"end_ms\":1761436740000}}", "extra": {"taskName": "Task-2"}}
{"ts": "2025-10-26T15:11:38.033152+00:00", "level": "INFO", "name": "src.services.check_all_datas", "msg": "pipeline.progress | symbol=BTCUSDT | event=inspection.pipeline.stage | payload={\"label\": \"delta\", \"stage\": \"delta\", \"status\": \"start\", \"window\": {\"end_ms\": 1761436740000, \"start_ms\": 1761393600000}}", "extra": {"taskName": "Task-2"}}
{"ts": "2025-10-26T15:11:41.022335+00:00", "level": "INFO", "name": "src.services.tracing", "msg": "{\"ts\":\"2025-10-26T15:11:41Z\",\"level\":\"INFO\",\"event\":\"compute.orderflow\",\"stage\":\"pipeline\",\"symbol\":\"BTCUSDT\",\"cid\":\"c_aaa6\",\"rid\":\"r_80fe\",\"scope\":\"orderflow\",\"duration_ms\":2989.03,\"minutes\":4320}", "extra": {"taskName": "Task-2"}}
{"ts": "2025-10-26T15:11:41.022555+00:00", "level": "INFO", "name": "src.services.tracing", "msg": "{\"ts\":\"2025-10-26T15:11:41Z\",\"level\":\"INFO\",\"event\":\"pipeline.stage\",\"stage\":\"delta\",\"symbol\":\"BTCUSDT\",\"cid\":\"c_aaa6\",\"rid\":\"r_80fe\",\"label\":\"delta\",\"status\":\"complete\",\"duration_ms\":2989.435,\"bar_counts\":{\"1m\":720,\"3m\":240,\"5m\":144,\"15m\":48,\"1h\":12},\"agg_counts\":{\"1m_raw\":720,\"1m\":720,\"3m\":240,\"5m\":144,\"15m\":48,\"1h\":12},\"completeness\":{\"expected_minutes\":720,\"with_trades\":719,\"missing_minutes\":1,\"gaps\":[{\"from\":1761436740000,\"to\":1761436740000}],\"reconstructed_minutes\":0}}", "extra": {"taskName": "Task-2"}}
{"ts": "2025-10-26T15:11:41.022669+00:00", "level": "INFO", "name": "src.services.check_all_datas", "msg": "pipeline.progress | symbol=BTCUSDT | event=inspection.pipeline.stage | payload={\"agg_counts\": {\"15m\": 48, \"1h\": 12, \"1m\": 720, \"1m_raw\": 720, \"3m\": 240, \"5m\": 144}, \"bar_counts\": {\"15m\": 48, \"1h\": 12, \"1m\": 720, \"3m\": 240, \"5m\": 144}, \"completeness\": {\"expected_minutes\": 720, \"gaps\": [{\"from\": 1761436740000, \"to\": 1761436740000}], \"missing_minutes\": 1, \"reconstructed_minutes\": 0, \"with_trades\": 719}, \"duration_ms\": 2989.435, \"label\": \"delta\", \"stage\": \"delta\", \"status\": \"complete\"}", "extra": {"taskName": "Task-2"}}
{"ts": "2025-10-26T15:11:41.022762+00:00", "level": "INFO", "name": "src.services.tracing", "msg": "{\"ts\":\"2025-10-26T15:11:41Z\",\"level\":\"INFO\",\"event\":\"compute.rollups\",\"stage\":\"pipeline\",\"symbol\":\"BTCUSDT\",\"cid\":\"c_aaa6\",\"rid\":\"r_80fe\",\"scope\":\"rollups\",\"frames\":7}", "extra": {"taskName": "Task-2"}}
{"ts": "2025-10-26T15:11:41.063922+00:00", "level": "WARNING", "name": "src.services.tracing", "msg": "{\"ts\":\"2025-10-26T15:11:41Z\",\"level\":\"WARN\",\"event\":\"pipeline.heartbeat\",\"stage\":\"vwap_tpo\",\"symbol\":\"BTCUSDT\",\"cid\":\"c_aaa6\",\"rid\":\"r_80fe\",\"duration_ms\":3480.038}", "extra": {"taskName": "Task-4"}}
{"ts": "2025-10-26T15:11:41.064127+00:00", "level": "INFO", "name": "src.services.check_all_datas", "msg": "pipeline.progress | symbol=BTCUSDT | event=inspection.pipeline.heartbeat | payload={\"duration_ms\": 3480.038, \"label\": \"vwap/tpo\", \"stage\": \"vwap_tpo\", \"status\": \"heartbeat\"}", "extra": {"taskName": "Task-4"}}
{"ts": "2025-10-26T15:11:41.083290+00:00", "level": "INFO", "name": "src.services.tracing", "msg": "{\"ts\":\"2025-10-26T15:11:41Z\",\"level\":\"INFO\",\"event\":\"compute.vwap_tpo\",\"stage\":\"pipeline\",\"symbol\":\"BTCUSDT\",\"cid\":\"c_aaa6\",\"rid\":\"r_80fe\",\"scope\":\"vwap_tpo.compact\",\"metrics\":{\"bars\":3000,\"ms\":18.916},\"windows\":5}", "extra": {"taskName": "Task-2"}}
{"ts": "2025-10-26T15:11:41.089598+00:00", "level": "INFO", "name": "src.services.tracing", "msg": "{\"ts\":\"2025-10-26T15:11:41Z\",\"level\":\"INFO\",\"event\":\"pipeline.stage\",\"stage\":\"vwap_tpo\",\"symbol\":\"BTCUSDT\",\"cid\":\"c_aaa6\",\"rid\":\"r_80fe\",\"label\":\"vwap/tpo\",\"status\":\"complete\",\"duration_ms\":3505.747,\"bar_counts\":{\"asia\":120,\"london\":0,\"ny\":0},\"agg_counts\":{\"sessions\":3},\"completeness\":{\"asia\":{\"status\":\"partial\",\"coverage_ratio\":0.5},\"london\":{\"status\":\"empty\",\"coverage_ratio\":0.0},\"ny\":{\"status\":\"empty\",\"coverage_ratio\":0.0}}}", "extra": {"taskName": "Task-2"}}
{"ts": "2025-10-26T15:11:41.089722+00:00", "level": "INFO", "name": "src.services.check_all_datas", "msg": "pipeline.progress | symbol=BTCUSDT | event=inspection.pipeline.stage | payload={\"agg_counts\": {\"sessions\": 3}, \"bar_counts\": {\"asia\": 120, \"london\": 0, \"ny\": 0}, \"completeness\": {\"asia\": {\"coverage_ratio\": 0.5, \"status\": \"partial\"}, \"london\": {\"coverage_ratio\": 0.0, \"status\": \"empty\"}, \"ny\": {\"coverage_ratio\": 0.0, \"status\": \"empty\"}}, \"duration_ms\": 3505.747, \"label\": \"vwap/tpo\", \"stage\": \"vwap_tpo\", \"status\": \"complete\"}", "extra": {"taskName": "Task-2"}}
{"ts": "2025-10-26T15:11:41.089827+00:00", "level": "INFO", "name": "src.services.tracing", "msg": "{\"ts\":\"2025-10-26T15:11:41Z\",\"level\":\"INFO\",\"event\":\"compute.vwap_tpo\",\"stage\":\"pipeline\",\"symbol\":\"BTCUSDT\",\"cid\":\"c_aaa6\",\"rid\":\"r_80fe\",\"scope\":\"vwap_tpo\",\"sessions\":3}", "extra": {"taskName": "Task-2"}}
{"ts": "2025-10-26T15:11:41.097506+00:00", "level": "INFO", "name": "src.services.tracing", "msg": "{\"ts\":\"2025-10-26T15:11:41Z\",\"level\":\"INFO\",\"event\":\"compute.poi.topN\",\"stage\":\"pipeline\",\"symbol\":\"BTCUSDT\",\"cid\":\"c_aaa6\",\"rid\":\"r_80fe\",\"scope\":\"zones\",\"counts\":{\"fvg\":5,\"fvl\":0,\"ob\":32,\"mb\":10,\"bb\":10,\"rb\":1,\"pb\":0,\"sr\":3,\"profile_levels\":12}}", "extra": {"taskName": "Task-2"}}
{"ts": "2025-10-26T15:11:41.097675+00:00", "level": "INFO", "name": "src.services.tracing", "msg": "{\"ts\":\"2025-10-26T15:11:41Z\",\"level\":\"INFO\",\"event\":\"pipeline.stage\",\"stage\":\"vitrines\",\"symbol\":\"BTCUSDT\",\"cid\":\"c_aaa6\",\"rid\":\"r_80fe\",\"label\":\"vitrines\",\"status\":\"start\"}", "extra": {"taskName": "Task-2"}}
{"ts": "2025-10-26T15:11:41.097756+00:00", "level": "INFO", "name": "src.services.check_all_datas", "msg": "pipeline.progress | symbol=BTCUSDT | event=inspection.pipeline.stage | payload={\"label\": \"vitrines\", \"stage\": \"vitrines\", \"status\": \"start\"}", "extra": {"taskName": "Task-2"}}
{"ts": "2025-10-26T15:11:41.097971+00:00", "level": "INFO", "name": "src.services.tracing", "msg": "{\"ts\":\"2025-10-26T15:11:41Z\",\"level\":\"INFO\",\"event\":\"pipeline.stage\",\"stage\":\"vitrines\",\"symbol\":\"BTCUSDT\",\"cid\":\"c_aaa6\",\"rid\":\"r_80fe\",\"label\":\"vitrines\",\"status\":\"complete\",\"duration_ms\":0.283,\"bar_counts\":{\"A\":11,\"B\":3},\"agg_counts\":{\"diagnostics\":{\"A\":{\"missing_modules\":[],\"reason_flags\":[],\"validation_errors\":[]},\"B\":{\"missing_modules\":[\"liquidity.sweeps\"],\"reason_flags\":[\"sweeps_missing\"],\"validation_errors\":[],\"fresh_counts\":{\"fvg\":0,\"ob\":6},\"delta_15m\":-339.95200000000006,\"cvd_agg\":-339.95199999999977,\"sweeps_sample\":0}}},\"completeness\":{\"A\":{\"window_hours\":72,\"counts\":{\"fvg\":5,\"ob\":6},\"open_entries\":11,\"has_last_price\":true,\"missing_modules\":[],\"valid\":true,\"validation_errors\":[]},\"B\":{\"sessions\":{\"asia\":true,\"london\":true,\"ny\":true},\"missing_modules\":[\"liquidity.sweeps\"],\"has_delta_15m\":true,\"has_cvd\":true,\"has_sweeps\":false,\"fresh_intraday\":{\"fvg\":0,\"ob\":6},\"valid\":true,\"validation_errors\":[]}}}", "extra": {"taskName": "Task-2"}}
{"ts": "2025-10-26T15:11:41.098054+00:00", "level": "INFO", "name": "src.services.check_all_datas", "msg": "pipeline.progress | symbol=BTCUSDT | event=inspection.pipeline.stage | payload={\"agg_counts\": {\"diagnostics\": {\"A\": {\"missing_modules\": [], \"reason_flags\": [], \"validation_errors\": []}, \"B\": {\"cvd_agg\": -339.95199999999977, \"delta_15m\": -339.95200000000006, \"fresh_counts\": {\"fvg\": 0, \"ob\": 6}, \"missing_modules\": [\"liquidity.sweeps\"], \"reason_flags\": [\"sweeps_missing\"], \"sweeps_sample\": 0, \"validation_errors\": []}}}, \"bar_counts\": {\"A\": 11, \"B\": 3}, \"completeness\": {\"A\": {\"counts\": {\"fvg\": 5, \"ob\": 6}, \"has_last_price\": true, \"missing_modules\": [], \"open_entries\": 11, \"valid\": true, \"validation_errors\": [], \"window_hours\": 72}, \"B\": {\"fresh_intraday\": {\"fvg\": 0, \"ob\": 6}, \"has_cvd\": true, \"has_delta_15m\": true, \"has_sweeps\": false, \"missing_modules\": [\"liquidity.sweeps\"], \"sessions\": {\"asia\": true, \"london\": true, \"ny\": true}, \"valid\": true, \"validation_errors\": []}}, \"duration_ms\": 0.283, \"label\": \"vitrines\", \"stage\": \"vitrines\", \"status\": \"complete\"}", "extra": {"taskName": "Task-2"}}
{"ts": "2025-10-26T15:11:41.098126+00:00", "level": "INFO", "name": "src.services.tracing", "msg": "{\"ts\":\"2025-10-26T15:11:41Z\",\"level\":\"INFO\",\"event\":\"availability.checked\",\"stage\":\"pipeline\",\"symbol\":\"BTCUSDT\",\"cid\":\"c_aaa6\",\"rid\":\"r_80fe\",\"scope\":\"payload\",\"blocks\":[\"timeframes\"]}", "extra": {"taskName": "Task-2"}}
{"ts": "2025-10-26T15:11:41.098518+00:00", "level": "INFO", "name": "src.services.check_all_datas", "msg": "Missing fields detected", "extra": {"taskName": "Task-2", "missing_fields": ["orderflow.footprint", "vwap_tpo.sessions.london.ib_high", "vwap_tpo.sessions.london.ib_low", "vwap_tpo.sessions.london.poc", "vwap_tpo.sessions.london.vah", "vwap_tpo.sessions.london.val", "vwap_tpo.sessions.ny.ib_high", "vwap_tpo.sessions.ny.ib_low", "vwap_tpo.sessions.ny.poc", "vwap_tpo.sessions.ny.vah", "vwap_tpo.sessions.ny.val", "zones.fvl", "zones.pb", "zones.recent"]}}
{"ts": "2025-10-26T15:11:41.110742+00:00", "level": "INFO", "name": "src.services.tracing", "msg": "{\"ts\":\"2025-10-26T15:11:41Z\",\"level\":\"INFO\",\"event\":\"output.prepare_payload\",\"stage\":\"pipeline\",\"symbol\":\"BTCUSDT\",\"cid\":\"c_aaa6\",\"rid\":\"r_80fe\",\"scope\":\"output\",\"status\":\"ready\",\"missing_fields\":14}", "extra": {"taskName": "Task-2"}}
{"ts": "2025-10-26T15:11:41.122896+00:00", "level": "INFO", "name": "src.services.tracing", "msg": "{\"ts\":\"2025-10-26T15:11:41Z\",\"level\":\"INFO\",\"event\":\"output.publish\",\"stage\":\"pipeline\",\"symbol\":\"BTCUSDT\",\"cid\":\"c_aaa6\",\"rid\":\"r_80fe\",\"scope\":\"output\",\"status\":\"ready\",\"size_bytes\":1190242}", "extra": {"taskName": "Task-2"}}
{"ts": "2025-10-26T15:11:41.123009+00:00", "level": "INFO", "name": "src.services.tracing", "msg": "{\"ts\":\"2025-10-26T15:11:41Z\",\"level\":\"INFO\",\"event\":\"pipeline.done\",\"stage\":\"pipeline\",\"symbol\":\"BTCUSDT\",\"cid\":\"c_aaa6\",\"rid\":\"r_80fe\",\"scope\":\"pipeline\",\"status\":\"ready\",\"fetch_ms\":20.12,\"db_ms\":6.49,\"compute_ms\":3576.22,\"serialize_ms\":11.97,\"size_bytes\":1190242}", "extra": {"taskName": "Task-2"}}
{"ts": "2025-10-26T15:11:41.186349+00:00", "level": "INFO", "name": "src.services.check_all_datas", "msg": "pipeline.run.complete | symbol=BTCUSDT | status=ready", "extra": {"taskName": "Task-2"}}
{"ts": "2025-10-26T15:11:41.186583+00:00", "level": "INFO", "name": "src.api.app", "msg": "app.bootstrap.complete", "extra": {"taskName": "Task-2", "symbols": ["BTCUSDT"], "days": 3, "seconds": 3.77}}
{"ts": "2025-10-26T15:11:48.738842+00:00", "level": "INFO", "name": "src.api.app", "msg": "app.bootstrap.begin", "extra": {"taskName": "Task-2", "symbols": ["BTCUSDT"], "days": 3, "timeout": 600.0}}
{"ts": "2025-10-26T15:11:48.739024+00:00", "level": "INFO", "name": "src.common.config", "msg": "config.loaded", "extra": {"taskName": "Task-2", "offline": false, "ingest_policy": "LOCAL_THEN_REMOTE", "fixture_dirs": ["tests/fixtures", "fixtures", "cache/vision"], "data_dir": "./data", "duckdb_path": "./meta/index.duckdb", "market": "um"}}
{"ts": "2025-10-26T15:11:48.751305+00:00", "level": "INFO", "name": "src.services.inspection_cache_service", "msg": "inspection.cache.ensure.start", "extra": {"taskName": "Task-2", "symbol": "BTCUSDT", "days": 3, "target_days": ["2025-10-25", "2025-10-24", "2025-10-23"], "network_backfill": true}}
{"ts": "2025-10-26T15:11:48.767806+00:00", "level": "INFO", "name": "src.services.inspection_cache_service", "msg": "inspection.cache.ensure.hit", "extra": {"taskName": "Task-2", "symbol": "BTCUSDT", "day": "2025-10-23", "minutes_found": 0, "minutes_expected": 1440}}
{"ts": "2025-10-26T15:11:48.775096+00:00", "level": "INFO", "name": "src.services.inspection_cache_service", "msg": "inspection.cache.ensure.hit", "extra": {"taskName": "Task-2", "symbol": "BTCUSDT", "day": "2025-10-24", "minutes_found": 0, "minutes_expected": 1440}}
{"ts": "2025-10-26T15:11:48.782610+00:00", "level": "INFO", "name": "src.services.inspection_cache_service", "msg": "inspection.cache.ensure.hit", "extra": {"taskName": "Task-2", "symbol": "BTCUSDT", "day": "2025-10-25", "minutes_found": 0, "minutes_expected": 1440}}
{"ts": "2025-10-26T15:11:48.782707+00:00", "level": "INFO", "name": "src.services.inspection_cache_service", "msg": "inspection.cache.ensure.complete", "extra": {"taskName": "Task-2", "symbol": "BTCUSDT", "status": "warm", "days": 3}}
{"ts": "2025-10-26T15:11:48.782851+00:00", "level": "INFO", "name": "src.services.tracing", "msg": "{\"ts\":\"2025-10-26T15:11:48Z\",\"level\":\"INFO\",\"event\":\"pipeline.start\",\"stage\":\"summary\",\"symbol\":\"BTCUSDT\",\"cid\":\"c_6d70\",\"rid\":\"r_25b5\",\"window_hours\":72,\"mode\":\"summary\"}", "extra": {"taskName": "Task-2"}}
{"ts": "2025-10-26T15:11:48.790378+00:00", "level": "INFO", "name": "src.services.inspection_cache_service", "msg": "inspection.cache.ensure.start", "extra": {"taskName": "Task-2", "symbol": "BTCUSDT", "days": 3, "target_days": ["2025-10-25", "2025-10-24", "2025-10-23"], "network_backfill": false}}
{"ts": "2025-10-26T15:11:48.808082+00:00", "level": "INFO", "name": "src.services.inspection_cache_service", "msg": "inspection.cache.ensure.hit", "extra": {"taskName": "Task-2", "symbol": "BTCUSDT", "day": "2025-10-23", "minutes_found": 0, "minutes_expected": 1440}}
{"ts": "2025-10-26T15:11:48.815600+00:00", "level": "INFO", "name": "src.services.inspection_cache_service", "msg": "inspection.cache.ensure.hit", "extra": {"taskName": "Task-2", "symbol": "BTCUSDT", "day": "2025-10-24", "minutes_found": 0, "minutes_expected": 1440}}
{"ts": "2025-10-26T15:11:48.823864+00:00", "level": "INFO", "name": "src.services.inspection_cache_service", "msg": "inspection.cache.ensure.hit", "extra": {"taskName": "Task-2", "symbol": "BTCUSDT", "day": "2025-10-25", "minutes_found": 0, "minutes_expected": 1440}}
{"ts": "2025-10-26T15:11:48.823976+00:00", "level": "INFO", "name": "src.services.inspection_cache_service", "msg": "inspection.cache.ensure.complete", "extra": {"taskName": "Task-2", "symbol": "BTCUSDT", "status": "warm", "days": 3}}
{"ts": "2025-10-26T15:11:48.824101+00:00", "level": "INFO", "name": "src.services.inspection_cache_service", "msg": "inspection.cache.seed.built", "extra": {"taskName": "Task-2", "timeframes": ["15m", "1d", "1h", "1m", "3m", "4h", "5m"], "minutes_found": 0, "minutes_expected": 4320, "coverage_pct": 0.0}}
{"ts": "2025-10-26T15:11:48.824240+00:00", "level": "INFO", "name": "src.services.check_all_datas", "msg": "pipeline.run.start | symbol=BTCUSDT | window_hours=72 | hours=None | strict_window=True | network_backfill=False | timeout=180.0", "extra": {"taskName": "Task-2"}}
{"ts": "2025-10-26T15:11:48.824428+00:00", "level": "INFO", "name": "src.services.ohlc_sanitizer", "msg": "Sanitised candles", "extra": {"taskName": "Task-2", "stage": "seed.1m", "input_count": 0, "output_count": 0, "invalid_ts": 0, "invalid_ohlc": 0, "earliest_ms": null, "latest_ms": null}}
{"ts": "2025-10-26T15:11:48.824533+00:00", "level": "INFO", "name": "src.services.tracing", "msg": "{\"ts\":\"2025-10-26T15:11:48Z\",\"level\":\"INFO\",\"event\":\"ui.click_received\",\"stage\":\"pipeline\",\"symbol\":\"BTCUSDT\",\"cid\":\"c_6d70\",\"rid\":\"r_25b5\",\"scope\":\"ui\",\"strict_window\":true,\"network_backfill\":false,\"minute_backfill_enabled\":false}", "extra": {"taskName": "Task-2"}}
{"ts": "2025-10-26T15:11:48.824596+00:00", "level": "INFO", "name": "src.services.tracing", "msg": "{\"ts\":\"2025-10-26T15:11:48Z\",\"level\":\"INFO\",\"event\":\"pipeline.start\",\"stage\":\"pipeline\",\"symbol\":\"BTCUSDT\",\"cid\":\"c_6d70\",\"rid\":\"r_25b5\",\"scope\":\"pipeline\",\"strict_window\":true,\"network_backfill\":false,\"minute_backfill_enabled\":false}", "extra": {"taskName": "Task-2"}}
{"ts": "2025-10-26T15:11:48.824660+00:00", "level": "INFO", "name": "src.services.tracing", "msg": "{\"ts\":\"2025-10-26T15:11:48Z\",\"level\":\"INFO\",\"event\":\"pipeline.contract_ok\",\"stage\":\"pipeline\",\"symbol\":\"BTCUSDT\",\"cid\":\"c_6d70\",\"rid\":\"r_25b5\",\"scope\":\"pipeline\",\"base_window_hours\":72,\"strict_three_day\":true,\"window_end_ms\":1761436800000}", "extra": {"taskName": "Task-2"}}
{"ts": "2025-10-26T15:11:48.824732+00:00", "level": "INFO", "name": "src.services.tracing", "msg": "{\"ts\":\"2025-10-26T15:11:48Z\",\"level\":\"INFO\",\"event\":\"fetch.batch_start\",\"stage\":\"pipeline\",\"symbol\":\"BTCUSDT\",\"cid\":\"c_6d70\",\"rid\":\"r_25b5\",\"scope\":\"summary.1m\",\"window\":{\"from\":1761177600000,\"to\":1761436800000},\"details\":\"collect_recent_summary\"}", "extra": {"taskName": "Task-2"}}
{"ts": "2025-10-26T15:11:48.824840+00:00", "level": "INFO", "name": "src.services.tracing", "msg": "{\"ts\":\"2025-10-26T15:11:48Z\",\"level\":\"INFO\",\"event\":\"collector.start\",\"stage\":\"summary_collect\",\"symbol\":\"BTCUSDT\",\"component\":\"summary_collector\",\"cid\":\"c_6d70\",\"rid\":\"r_25b5\",\"start_ms\":1761177600000,\"end_ms\":1761436800000,\"days\":3}", "extra": {"taskName": "Task-2"}}
{"ts": "2025-10-26T15:11:48.829546+00:00", "level": "INFO", "name": "src.services.tracing", "msg": "{\"ts\":\"2025-10-26T15:11:48Z\",\"level\":\"INFO\",\"event\":\"gaps.detected\",\"stage\":\"summary_collect\",\"symbol\":\"BTCUSDT\",\"component\":\"summary_collector\",\"cid\":\"c_6d70\",\"rid\":\"r_25b5\",\"interval\":\"1m\",\"total\":0,\"merged\":0,\"first_expected\":1761177600000,\"last_closed\":1761436800000}", "extra": {"taskName": "Task-2"}}
{"ts": "2025-10-26T15:11:48.829639+00:00", "level": "INFO", "name": "src.services.tracing", "msg": "{\"ts\":\"2025-10-26T15:11:48Z\",\"level\":\"INFO\",\"event\":\"gaps.merged\",\"stage\":\"summary_collect\",\"symbol\":\"BTCUSDT\",\"component\":\"summary_collector\",\"cid\":\"c_6d70\",\"rid\":\"r_25b5\",\"interval\":\"1m\",\"total\":0,\"merged\":0}", "extra": {"taskName": "Task-2"}}
{"ts": "2025-10-26T15:11:48.829751+00:00", "level": "INFO", "name": "src.services.tracing", "msg": "{\"ts\":\"2025-10-26T15:11:48Z\",\"level\":\"INFO\",\"event\":\"interval.complete\",\"stage\":\"summary_collect\",\"symbol\":\"BTCUSDT\",\"component\":\"summary_collector\",\"cid\":\"c_6d70\",\"rid\":\"r_25b5\",\"interval\":\"1m\",\"written\":0,\"requests\":0}", "extra": {"taskName": "Task-2"}}
{"ts": "2025-10-26T15:11:48.837987+00:00", "level": "INFO", "name": "src.services.tracing", "msg": "{\"ts\":\"2025-10-26T15:11:48Z\",\"level\":\"INFO\",\"event\":\"collector.finished\",\"stage\":\"summary_collect\",\"symbol\":\"BTCUSDT\",\"component\":\"summary_collector\",\"cid\":\"c_6d70\",\"rid\":\"r_25b5\",\"requests\":0,\"written\":0,\"dropped\":0}", "extra": {"taskName": "Task-2"}}
{"ts": "2025-10-26T15:11:48.838107+00:00", "level": "INFO", "name": "src.services.tracing", "msg": "{\"ts\":\"2025-10-26T15:11:48Z\",\"level\":\"INFO\",\"event\":\"fetch.batch_done\",\"stage\":\"pipeline\",\"symbol\":\"BTCUSDT\",\"cid\":\"c_6d70\",\"rid\":\"r_25b5\",\"scope\":\"summary.1m\",\"window\":{\"from\":1761177600000,\"to\":1761436800000},\"metrics\":{\"requests\":0,\"ms\":13.37,\"candles_written\":0},\"details\":\"collect_recent_summary\"}", "extra": {"taskName": "Task-2"}}
{"ts": "2025-10-26T15:11:48.838180+00:00", "level": "INFO", "name": "src.services.tracing", "msg": "{\"ts\":\"2025-10-26T15:11:48Z\",\"level\":\"INFO\",\"event\":\"fetch.batch_start\",\"stage\":\"pipeline\",\"symbol\":\"BTCUSDT\",\"cid\":\"c_6d70\",\"rid\":\"r_25b5\",\"scope\":\"repository.1m\",\"window\":{\"from\":1761177600000,\"to\":1761436800000},\"details\":\"repository.fetch_candles\"}", "extra": {"taskName": "Task-2"}}
{"ts": "2025-10-26T15:11:48.844528+00:00", "level": "INFO", "name": "src.services.tracing", "msg": "{\"ts\":\"2025-10-26T15:11:48Z\",\"level\":\"INFO\",\"event\":\"fetch.batch_done\",\"stage\":\"pipeline\",\"symbol\":\"BTCUSDT\",\"cid\":\"c_6d70\",\"rid\":\"r_25b5\",\"scope\":\"repository.1m\",\"window\":{\"from\":1761177600000,\"to\":1761436800000},\"metrics\":{\"candles\":4321,\"ms\":6.33},\"details\":\"repository.fetch_candles\"}", "extra": {"taskName": "Task-2"}}
{"ts": "2025-10-26T15:11:48.858493+00:00", "level": "INFO", "name": "src.services.ohlc_sanitizer", "msg": "Sanitised candles", "extra": {"taskName": "Task-2", "stage": "rest.1m", "input_count": 4321, "output_count": 4321, "invalid_ts": 0, "invalid_ohlc": 0, "earliest_ms": 1761177600000, "latest_ms": 1761436800000}}
{"ts": "2025-10-26T15:11:48.864316+00:00", "level": "INFO", "name": "src.services.tracing", "msg": "{\"ts\":\"2025-10-26T15:11:48Z\",\"level\":\"INFO\",\"event\":\"pipeline.stage\",\"stage\":\"rollups\",\"symbol\":\"BTCUSDT\",\"cid\":\"c_6d70\",\"rid\":\"r_25b5\",\"label\":\"rollups\",\"status\":\"start\",\"timeframes\":[\"1m\",\"3m\",\"5m\",\"15m\",\"1h\",\"4h\",\"1d\"]}", "extra": {"taskName": "Task-2"}}
{"ts": "2025-10-26T15:11:48.864408+00:00", "level": "INFO", "name": "src.services.check_all_datas", "msg": "pipeline.progress | symbol=BTCUSDT | event=inspection.pipeline.stage | payload={\"label\": \"rollups\", \"stage\": \"rollups\", \"status\": \"start\", \"timeframes\": [\"1m\", \"3m\", \"5m\", \"15m\", \"1h\", \"4h\", \"1d\"]}", "extra": {"taskName": "Task-2"}}
{"ts": "2025-10-26T15:11:48.869123+00:00", "level": "INFO", "name": "src.services.tracing", "msg": "{\"ts\":\"2025-10-26T15:11:48Z\",\"level\":\"INFO\",\"event\":\"availability.checked\",\"stage\":\"ohlcv.multi\",\"symbol\":\"BTCUSDT\",\"cid\":\"c_6d70\",\"rid\":\"r_25b5\",\"scope\":\"ohlcv.1m\",\"window\":{\"from\":1761177660000,\"to\":1761436800000},\"metrics\":{\"expected\":4320,\"present\":4320,\"missing\":0,\"coverage_pct\":100.0}}", "extra": {"taskName": "Task-2"}}
{"ts": "2025-10-26T15:11:48.891687+00:00", "level": "INFO", "name": "src.services.tracing", "msg": "{\"ts\":\"2025-10-26T15:11:48Z\",\"level\":\"INFO\",\"event\":\"pipeline.stage\",\"stage\":\"rollups\",\"symbol\":\"BTCUSDT\",\"cid\":\"c_6d70\",\"rid\":\"r_25b5\",\"label\":\"rollups\",\"status\":\"complete\",\"duration_ms\":27.348,\"bar_counts\":{\"1m\":4320,\"3m\":1441,\"5m\":865,\"15m\":289,\"1h\":73,\"4h\":19,\"1d\":4,\"seed_minutes\":4321},\"agg_counts\":{\"lookback_days\":3},\"completeness\":{\"has_seed\":true,\"source\":\"remote\"}}", "extra": {"taskName": "Task-2"}}
{"ts": "2025-10-26T15:11:48.891854+00:00", "level": "INFO", "name": "src.services.check_all_datas", "msg": "pipeline.progress | symbol=BTCUSDT | event=inspection.pipeline.stage | payload={\"agg_counts\": {\"lookback_days\": 3}, \"bar_counts\": {\"15m\": 289, \"1d\": 4, \"1h\": 73, \"1m\": 4320, \"3m\": 1441, \"4h\": 19, \"5m\": 865, \"seed_minutes\": 4321}, \"completeness\": {\"has_seed\": true, \"source\": \"remote\"}, \"duration_ms\": 27.348, \"label\": \"rollups\", \"stage\": \"rollups\", \"status\": \"complete\"}", "extra": {"taskName": "Task-2"}}
{"ts": "2025-10-26T15:11:48.892169+00:00", "level": "INFO", "name": "src.services.tracing", "msg": "{\"ts\":\"2025-10-26T15:11:48Z\",\"level\":\"INFO\",\"event\":\"pipeline.stage\",\"stage\":\"vwap_tpo\",\"symbol\":\"BTCUSDT\",\"cid\":\"c_6d70\",\"rid\":\"r_25b5\",\"label\":\"vwap/tpo\",\"status\":\"start\",\"sessions\":[\"asia\",\"london\",\"ny\"]}", "extra": {"taskName": "Task-2"}}
{"ts": "2025-10-26T15:11:48.892250+00:00", "level": "INFO", "name": "src.services.check_all_datas", "msg": "pipeline.progress | symbol=BTCUSDT | event=inspection.pipeline.stage | payload={\"label\": \"vwap/tpo\", \"sessions\": [\"asia\", \"london\", \"ny\"], \"stage\": \"vwap_tpo\", \"status\": \"start\"}", "extra": {"taskName": "Task-2"}}
{"ts": "2025-10-26T15:11:49.255871+00:00", "level": "INFO", "name": "src.services.tracing", "msg": "{\"ts\":\"2025-10-26T15:11:49Z\",\"level\":\"INFO\",\"event\":\"pipeline.stage\",\"stage\":\"gaps\",\"symbol\":\"BTCUSDT\",\"cid\":\"c_6d70\",\"rid\":\"r_25b5\",\"label\":\"gaps\",\"status\":\"start\",\"window\":{\"start_ms\":1761177600000,\"end_ms\":1761436740000},\"enforce\":true,\"strict\":true}", "extra": {"taskName": "Task-2"}}
{"ts": "2025-10-26T15:11:49.256043+00:00", "level": "INFO", "name": "src.services.check_all_datas", "msg": "pipeline.progress | symbol=BTCUSDT | event=inspection.pipeline.stage | payload={\"enforce\": true, \"label\": \"gaps\", \"stage\": \"gaps\", \"status\": \"start\", \"strict\": true, \"window\": {\"end_ms\": 1761436740000, \"start_ms\": 1761177600000}}", "extra": {"taskName": "Task-2"}}
{"ts": "2025-10-26T15:11:49.256772+00:00", "level": "INFO", "name": "src.services.tracing", "msg": "{\"ts\":\"2025-10-26T15:11:49Z\",\"level\":\"INFO\",\"event\":\"pipeline.stage\",\"stage\":\"gaps\",\"symbol\":\"BTCUSDT\",\"cid\":\"c_6d70\",\"rid\":\"r_25b5\",\"label\":\"gaps\",\"status\":\"complete\",\"duration_ms\":0.923,\"bar_counts\":{\"expected\":4320,\"missing_before\":0,\"missing_after\":0,\"downloaded\":0},\"agg_counts\":{\"gap_count\":0,\"relaxed\":false},\"completeness\":{\"coverage_before\":1.0,\"coverage_after\":1.0,\"enforced\":true,\"relaxed\":false}}", "extra": {"taskName": "Task-2"}}
{"ts": "2025-10-26T15:11:49.256851+00:00", "level": "INFO", "name": "src.services.check_all_datas", "msg": "pipeline.progress | symbol=BTCUSDT | event=inspection.pipeline.stage | payload={\"agg_counts\": {\"gap_count\": 0, \"relaxed\": false}, \"bar_counts\": {\"downloaded\": 0, \"expected\": 4320, \"missing_after\": 0, \"missing_before\": 0}, \"completeness\": {\"coverage_after\": 1.0, \"coverage_before\": 1.0, \"enforced\": true, \"relaxed\": false}, \"duration_ms\": 0.923, \"label\": \"gaps\", \"stage\": \"gaps\", \"status\": \"complete\"}", "extra": {"taskName": "Task-2"}}
{"ts": "2025-10-26T15:11:49.311316+00:00", "level": "INFO", "name": "src.services.check_all_datas", "msg": "Liquidity module flag", "extra": {"taskName": "Task-2", "symbol": "BTCUSDT", "enabled": false, "strict_three_day": true, "network_backfill": false}}
{"ts": "2025-10-26T15:11:49.311526+00:00", "level": "INFO", "name": "src.services.check_all_datas", "msg": "Liquidity module disabled for strict offline run", "extra": {"taskName": "Task-2", "symbol": "BTCUSDT"}}
{"ts": "2025-10-26T15:11:49.313982+00:00", "level": "INFO", "name": "src.services.check_all_datas", "msg": "Resolved last price for inspection snapshot", "extra": {"taskName": "Task-2", "source": "ohlcv", "tf": "1m", "ts": 1761436800000, "age_sec": 0, "insufficient_reason": null}}
{"ts": "2025-10-26T15:11:49.314184+00:00", "level": "INFO", "name": "src.services.check_all_datas", "msg": "Snapshot age evaluated", "extra": {"taskName": "Task-2", "snapshot_age_sec": 0}}
{"ts": "2025-10-26T15:11:49.314293+00:00", "level": "INFO", "name": "src.services.tracing", "msg": "{\"ts\":\"2025-10-26T15:11:49Z\",\"level\":\"INFO\",\"event\":\"pipeline.stage\",\"stage\":\"zones\",\"symbol\":\"BTCUSDT\",\"cid\":\"c_6d70\",\"rid\":\"r_25b5\",\"label\":\"zones\",\"status\":\"start\",\"availability\":{\"15m\":{\"required\":120,\"adjusted_required\":120,\"available\":288,\"total\":288,\"ok\":true},\"1h\":{\"required\":50,\"adjusted_required\":50,\"available\":72,\"total\":72,\"ok\":true},\"4h\":{\"required\":18,\"adjusted_required\":18,\"available\":18,\"total\":18,\"ok\":true}},\"warmup\":{\"15m\":{\"required\":60,\"adjusted_required\":0,\"actual\":0,\"partial\":false},\"1h\":{\"required\":30,\"adjusted_required\":0,\"actual\":0,\"partial\":false},\"4h\":{\"required\":18,\"adjusted_required\":0,\"actual\":0,\"partial\":false},\"1d\":{\"required\":0,\"adjusted_required\":0,\"actual\":0,\"partial\":false}}}", "extra": {"taskName": "Task-2"}}
{"ts": "2025-10-26T15:11:49.314374+00:00", "level": "INFO", "name": "src.services.check_all_datas", "msg": "pipeline.progress | symbol=BTCUSDT | event=inspection.pipeline.stage | payload={\"availability\": {\"15m\": {\"adjusted_required\": 120, \"available\": 288, \"ok\": true, \"required\": 120, \"total\": 288}, \"1h\": {\"adjusted_required\": 50, \"available\": 72, \"ok\": true, \"required\": 50, \"total\": 72}, \"4h\": {\"adjusted_required\": 18, \"available\": 18, \"ok\": true, \"required\": 18, \"total\": 18}}, \"label\": \"zones\", \"stage\": \"zones\", \"status\": \"start\", \"warmup\": {\"15m\": {\"actual\": 0, \"adjusted_required\": 0, \"partial\": false, \"required\": 60}, \"1d\": {\"actual\": 0, \"adjusted_required\": 0, \"partial\": false, \"required\": 0}, \"1h\": {\"actual\": 0, \"adjusted_required\": 0, \"partial\": false, \"required\": 30}, \"4h\": {\"actual\": 0, \"adjusted_required\": 0, \"partial\": false, \"required\": 18}}}", "extra": {"taskName": "Task-2"}}
{"ts": "2025-10-26T15:11:49.323791+00:00", "level": "INFO", "name": "src.services.tracing", "msg": "{\"ts\":\"2025-10-26T15:11:49Z\",\"level\":\"INFO\",\"event\":\"compute.zones\",\"stage\":\"pipeline\",\"symbol\":\"BTCUSDT\",\"cid\":\"c_6d70\",\"rid\":\"r_25b5\",\"scope\":\"zones\",\"duration_ms\":9.29,\"bars\":4320}", "extra": {"taskName": "Task-2"}}
{"ts": "2025-10-26T15:11:49.324405+00:00", "level": "INFO", "name": "src.services.tracing", "msg": "{\"ts\":\"2025-10-26T15:11:49Z\",\"level\":\"INFO\",\"event\":\"pipeline.stage\",\"stage\":\"zones\",\"symbol\":\"BTCUSDT\",\"cid\":\"c_6d70\",\"rid\":\"r_25b5\",\"label\":\"zones\",\"status\":\"complete\",\"duration_ms\":10.111,\"bar_counts\":{\"fvg\":5,\"fvl\":0,\"ob\":32,\"mb\":10,\"bb\":10,\"rb\":1,\"pb\":0,\"sr\":3,\"profile_levels\":12},\"agg_counts\":{\"focus_counts\":{\"fvg\":5,\"ob\":6}},\"completeness\":{\"availability\":{\"15m\":{\"required\":120,\"adjusted_required\":120,\"available\":288,\"total\":288,\"ok\":true},\"1h\":{\"required\":50,\"adjusted_required\":50,\"available\":72,\"total\":72,\"ok\":true},\"4h\":{\"required\":18,\"adjusted_required\":18,\"available\":18,\"total\":18,\"ok\":true}},\"warmup\":{\"15m\":{\"required\":60,\"adjusted_required\":0,\"actual\":0,\"partial\":false},\"1h\":{\"required\":30,\"adjusted_required\":0,\"actual\":0,\"partial\":false},\"4h\":{\"required\":18,\"adjusted_required\":0,\"actual\":0,\"partial\":false},\"1d\":{\"required\":0,\"adjusted_required\":0,\"actual\":0,\"partial\":false}}}}", "extra": {"taskName": "Task-2"}}
{"ts": "2025-10-26T15:11:49.324508+00:00", "level": "INFO", "name": "src.services.check_all_datas", "msg": "pipeline.progress | symbol=BTCUSDT | event=inspection.pipeline.stage | payload={\"agg_counts\": {\"focus_counts\": {\"fvg\": 5, \"ob\": 6}}, \"bar_counts\": {\"bb\": 10, \"fvg\": 5, \"fvl\": 0, \"mb\": 10, \"ob\": 32, \"pb\": 0, \"profile_levels\": 12, \"rb\": 1, \"sr\": 3}, \"completeness\": {\"availability\": {\"15m\": {\"adjusted_required\": 120, \"available\": 288, \"ok\": true, \"required\": 120, \"total\": 288}, \"1h\": {\"adjusted_required\": 50, \"available\": 72, \"ok\": true, \"required\": 50, \"total\": 72}, \"4h\": {\"adjusted_required\": 18, \"available\": 18, \"ok\": true, \"required\": 18, \"total\": 18}}, \"warmup\": {\"15m\": {\"actual\": 0, \"adjusted_required\": 0, \"partial\": false, \"required\": 60}, \"1d\": {\"actual\": 0, \"adjusted_required\": 0, \"partial\": false, \"required\": 0}, \"1h\": {\"actual\": 0, \"adjusted_required\": 0, \"partial\": false, \"required\": 30}, \"4h\": {\"actual\": 0, \"adjusted_required\": 0, \"partial\": false, \"required\": 18}}}, \"duration_ms\": 10.111, \"label\": \"zones\", \"stage\": \"zones\", \"status\": \"complete\"}", "extra": {"taskName": "Task-2"}}
{"ts": "2025-10-26T15:11:49.324869+00:00", "level": "INFO", "name": "src.services.tracing", "msg": "{\"ts\":\"2025-10-26T15:11:49Z\",\"level\":\"INFO\",\"event\":\"pipeline.stage\",\"stage\":\"delta\",\"symbol\":\"BTCUSDT\",\"cid\":\"c_6d70\",\"rid\":\"r_25b5\",\"label\":\"delta\",\"status\":\"start\",\"window\":{\"start_ms\":1761393600000,\"end_ms\":1761436740000}}", "extra": {"taskName": "Task-2"}}
{"ts": "2025-10-26T15:11:49.324931+00:00", "level": "INFO", "name": "src.services.check_all_datas", "msg": "pipeline.progress | symbol=BTCUSDT | event=inspection.pipeline.stage | payload={\"label\": \"delta\", \"stage\": \"delta\", \"status\": \"start\", \"window\": {\"end_ms\": 1761436740000, \"start_ms\": 1761393600000}}", "extra": {"taskName": "Task-2"}}
{"ts": "2025-10-26T15:11:51.788280+00:00", "level": "INFO", "name": "src.services.tracing", "msg": "{\"ts\":\"2025-10-26T15:11:51Z\",\"level\":\"INFO\",\"event\":\"compute.orderflow\",\"stage\":\"pipeline\",\"symbol\":\"BTCUSDT\",\"cid\":\"c_6d70\",\"rid\":\"r_25b5\",\"scope\":\"orderflow\",\"duration_ms\":2463.2,\"minutes\":4320}", "extra": {"taskName": "Task-2"}}
{"ts": "2025-10-26T15:11:51.788542+00:00", "level": "INFO", "name": "src.services.tracing", "msg": "{\"ts\":\"2025-10-26T15:11:51Z\",\"level\":\"INFO\",\"event\":\"pipeline.stage\",\"stage\":\"delta\",\"symbol\":\"BTCUSDT\",\"cid\":\"c_6d70\",\"rid\":\"r_25b5\",\"label\":\"delta\",\"status\":\"complete\",\"duration_ms\":2463.634,\"bar_counts\":{\"1m\":720,\"3m\":240,\"5m\":144,\"15m\":48,\"1h\":12},\"agg_counts\":{\"1m_raw\":720,\"1m\":720,\"3m\":240,\"5m\":144,\"15m\":48,\"1h\":12},\"completeness\":{\"expected_minutes\":720,\"with_trades\":719,\"missing_minutes\":1,\"gaps\":[{\"from\":1761436740000,\"to\":1761436740000}],\"reconstructed_minutes\":0}}", "extra": {"taskName": "Task-2"}}
{"ts": "2025-10-26T15:11:51.788678+00:00", "level": "INFO", "name": "src.services.check_all_datas", "msg": "pipeline.progress | symbol=BTCUSDT | event=inspection.pipeline.stage | payload={\"agg_counts\": {\"15m\": 48, \"1h\": 12, \"1m\": 720, \"1m_raw\": 720, \"3m\": 240, \"5m\": 144}, \"bar_counts\": {\"15m\": 48, \"1h\": 12, \"1m\": 720, \"3m\": 240, \"5m\": 144}, \"completeness\": {\"expected_minutes\": 720, \"gaps\": [{\"from\": 1761436740000, \"to\": 1761436740000}], \"missing_minutes\": 1, \"reconstructed_minutes\": 0, \"with_trades\": 719}, \"duration_ms\": 2463.634, \"label\": \"delta\", \"stage\": \"delta\", \"status\": \"complete\"}", "extra": {"taskName": "Task-2"}}
{"ts": "2025-10-26T15:11:51.788834+00:00", "level": "INFO", "name": "src.services.tracing", "msg": "{\"ts\":\"2025-10-26T15:11:51Z\",\"level\":\"INFO\",\"event\":\"compute.rollups\",\"stage\":\"pipeline\",\"symbol\":\"BTCUSDT\",\"cid\":\"c_6d70\",\"rid\":\"r_25b5\",\"scope\":\"rollups\",\"frames\":7}", "extra": {"taskName": "Task-2"}}
{"ts": "2025-10-26T15:11:51.850611+00:00", "level": "INFO", "name": "src.services.tracing", "msg": "{\"ts\":\"2025-10-26T15:11:51Z\",\"level\":\"INFO\",\"event\":\"compute.vwap_tpo\",\"stage\":\"pipeline\",\"symbol\":\"BTCUSDT\",\"cid\":\"c_6d70\",\"rid\":\"r_25b5\",\"scope\":\"vwap_tpo.compact\",\"metrics\":{\"bars\":3000,\"ms\":18.106},\"windows\":5}", "extra": {"taskName": "Task-2"}}
{"ts": "2025-10-26T15:11:51.858766+00:00", "level": "INFO", "name": "src.services.tracing", "msg": "{\"ts\":\"2025-10-26T15:11:51Z\",\"level\":\"INFO\",\"event\":\"pipeline.stage\",\"stage\":\"vwap_tpo\",\"symbol\":\"BTCUSDT\",\"cid\":\"c_6d70\",\"rid\":\"r_25b5\",\"label\":\"vwap/tpo\",\"status\":\"complete\",\"duration_ms\":2966.549,\"bar_counts\":{\"asia\":120,\"london\":0,\"ny\":0},\"agg_counts\":{\"sessions\":3},\"completeness\":{\"asia\":{\"status\":\"partial\",\"coverage_ratio\":0.5},\"london\":{\"status\":\"empty\",\"coverage_ratio\":0.0},\"ny\":{\"status\":\"empty\",\"coverage_ratio\":0.0}}}", "extra": {"taskName": "Task-2"}}
{"ts": "2025-10-26T15:11:51.858935+00:00", "level": "INFO", "name": "src.services.check_all_datas", "msg": "pipeline.progress | symbol=BTCUSDT | event=inspection.pipeline.stage | payload={\"agg_counts\": {\"sessions\": 3}, \"bar_counts\": {\"asia\": 120, \"london\": 0, \"ny\": 0}, \"completeness\": {\"asia\": {\"coverage_ratio\": 0.5, \"status\": \"partial\"}, \"london\": {\"coverage_ratio\": 0.0, \"status\": \"empty\"}, \"ny\": {\"coverage_ratio\": 0.0, \"status\": \"empty\"}}, \"duration_ms\": 2966.549, \"label\": \"vwap/tpo\", \"stage\": \"vwap_tpo\", \"status\": \"complete\"}", "extra": {"taskName": "Task-2"}}
{"ts": "2025-10-26T15:11:51.859030+00:00", "level": "INFO", "name": "src.services.tracing", "msg": "{\"ts\":\"2025-10-26T15:11:51Z\",\"level\":\"INFO\",\"event\":\"compute.vwap_tpo\",\"stage\":\"pipeline\",\"symbol\":\"BTCUSDT\",\"cid\":\"c_6d70\",\"rid\":\"r_25b5\",\"scope\":\"vwap_tpo\",\"sessions\":3}", "extra": {"taskName": "Task-2"}}
{"ts": "2025-10-26T15:11:51.865939+00:00", "level": "INFO", "name": "src.services.tracing", "msg": "{\"ts\":\"2025-10-26T15:11:51Z\",\"level\":\"INFO\",\"event\":\"compute.poi.topN\",\"stage\":\"pipeline\",\"symbol\":\"BTCUSDT\",\"cid\":\"c_6d70\",\"rid\":\"r_25b5\",\"scope\":\"zones\",\"counts\":{\"fvg\":5,\"fvl\":0,\"ob\":32,\"mb\":10,\"bb\":10,\"rb\":1,\"pb\":0,\"sr\":3,\"profile_levels\":12}}", "extra": {"taskName": "Task-2"}}
{"ts": "2025-10-26T15:11:51.866095+00:00", "level": "INFO", "name": "src.services.tracing", "msg": "{\"ts\":\"2025-10-26T15:11:51Z\",\"level\":\"INFO\",\"event\":\"pipeline.stage\",\"stage\":\"vitrines\",\"symbol\":\"BTCUSDT\",\"cid\":\"c_6d70\",\"rid\":\"r_25b5\",\"label\":\"vitrines\",\"status\":\"start\"}", "extra": {"taskName": "Task-2"}}
{"ts": "2025-10-26T15:11:51.866160+00:00", "level": "INFO", "name": "src.services.check_all_datas", "msg": "pipeline.progress | symbol=BTCUSDT | event=inspection.pipeline.stage | payload={\"label\": \"vitrines\", \"stage\": \"vitrines\", \"status\": \"start\"}", "extra": {"taskName": "Task-2"}}
{"ts": "2025-10-26T15:11:51.866428+00:00", "level": "INFO", "name": "src.services.tracing", "msg": "{\"ts\":\"2025-10-26T15:11:51Z\",\"level\":\"INFO\",\"event\":\"pipeline.stage\",\"stage\":\"vitrines\",\"symbol\":\"BTCUSDT\",\"cid\":\"c_6d70\",\"rid\":\"r_25b5\",\"label\":\"vitrines\",\"status\":\"complete\",\"duration_ms\":0.313,\"bar_counts\":{\"A\":11,\"B\":3},\"agg_counts\":{\"diagnostics\":{\"A\":{\"missing_modules\":[],\"reason_flags\":[],\"validation_errors\":[]},\"B\":{\"missing_modules\":[\"liquidity.sweeps\"],\"reason_flags\":[\"sweeps_missing\"],\"validation_errors\":[],\"fresh_counts\":{\"fvg\":0,\"ob\":6},\"delta_15m\":-339.95200000000006,\"cvd_agg\":-339.95199999999977,\"sweeps_sample\":0}}},\"completeness\":{\"A\":{\"window_hours\":72,\"counts\":{\"fvg\":5,\"ob\":6},\"open_entries\":11,\"has_last_price\":true,\"missing_modules\":[],\"valid\":true,\"validation_errors\":[]},\"B\":{\"sessions\":{\"asia\":true,\"london\":true,\"ny\":true},\"missing_modules\":[\"liquidity.sweeps\"],\"has_delta_15m\":true,\"has_cvd\":true,\"has_sweeps\":false,\"fresh_intraday\":{\"fvg\":0,\"ob\":6},\"valid\":true,\"validation_errors\":[]}}}", "extra": {"taskName": "Task-2"}}
{"ts": "2025-10-26T15:11:51.866532+00:00", "level": "INFO", "name": "src.services.check_all_datas", "msg": "pipeline.progress | symbol=BTCUSDT | event=inspection.pipeline.stage | payload={\"agg_counts\": {\"diagnostics\": {\"A\": {\"missing_modules\": [], \"reason_flags\": [], \"validation_errors\": []}, \"B\": {\"cvd_agg\": -339.95199999999977, \"delta_15m\": -339.95200000000006, \"fresh_counts\": {\"fvg\": 0, \"ob\": 6}, \"missing_modules\": [\"liquidity.sweeps\"], \"reason_flags\": [\"sweeps_missing\"], \"sweeps_sample\": 0, \"validation_errors\": []}}}, \"bar_counts\": {\"A\": 11, \"B\": 3}, \"completeness\": {\"A\": {\"counts\": {\"fvg\": 5, \"ob\": 6}, \"has_last_price\": true, \"missing_modules\": [], \"open_entries\": 11, \"valid\": true, \"validation_errors\": [], \"window_hours\": 72}, \"B\": {\"fresh_intraday\": {\"fvg\": 0, \"ob\": 6}, \"has_cvd\": true, \"has_delta_15m\": true, \"has_sweeps\": false, \"missing_modules\": [\"liquidity.sweeps\"], \"sessions\": {\"asia\": true, \"london\": true, \"ny\": true}, \"valid\": true, \"validation_errors\": []}}, \"duration_ms\": 0.313, \"label\": \"vitrines\", \"stage\": \"vitrines\", \"status\": \"complete\"}", "extra": {"taskName": "Task-2"}}
{"ts": "2025-10-26T15:11:51.866610+00:00", "level": "INFO", "name": "src.services.tracing", "msg": "{\"ts\":\"2025-10-26T15:11:51Z\",\"level\":\"INFO\",\"event\":\"availability.checked\",\"stage\":\"pipeline\",\"symbol\":\"BTCUSDT\",\"cid\":\"c_6d70\",\"rid\":\"r_25b5\",\"scope\":\"payload\",\"blocks\":[\"timeframes\"]}", "extra": {"taskName": "Task-2"}}
{"ts": "2025-10-26T15:11:51.867001+00:00", "level": "INFO", "name": "src.services.check_all_datas", "msg": "Missing fields detected", "extra": {"taskName": "Task-2", "missing_fields": ["orderflow.footprint", "vwap_tpo.sessions.london.ib_high", "vwap_tpo.sessions.london.ib_low", "vwap_tpo.sessions.london.poc", "vwap_tpo.sessions.london.vah", "vwap_tpo.sessions.london.val", "vwap_tpo.sessions.ny.ib_high", "vwap_tpo.sessions.ny.ib_low", "vwap_tpo.sessions.ny.poc", "vwap_tpo.sessions.ny.vah", "vwap_tpo.sessions.ny.val", "zones.fvl", "zones.pb", "zones.recent"]}}
{"ts": "2025-10-26T15:11:51.879922+00:00", "level": "INFO", "name": "src.services.tracing", "msg": "{\"ts\":\"2025-10-26T15:11:51Z\",\"level\":\"INFO\",\"event\":\"output.prepare_payload\",\"stage\":\"pipeline\",\"symbol\":\"BTCUSDT\",\"cid\":\"c_6d70\",\"rid\":\"r_25b5\",\"scope\":\"output\",\"status\":\"ready\",\"missing_fields\":14}", "extra": {"taskName": "Task-2"}}
{"ts": "2025-10-26T15:11:51.893471+00:00", "level": "INFO", "name": "src.services.tracing", "msg": "{\"ts\":\"2025-10-26T15:11:51Z\",\"level\":\"INFO\",\"event\":\"output.publish\",\"stage\":\"pipeline\",\"symbol\":\"BTCUSDT\",\"cid\":\"c_6d70\",\"rid\":\"r_25b5\",\"scope\":\"output\",\"status\":\"ready\",\"size_bytes\":1190242}", "extra": {"taskName": "Task-2"}}
{"ts": "2025-10-26T15:11:51.893610+00:00", "level": "INFO", "name": "src.services.tracing", "msg": "{\"ts\":\"2025-10-26T15:11:51Z\",\"level\":\"INFO\",\"event\":\"pipeline.done\",\"stage\":\"pipeline\",\"symbol\":\"BTCUSDT\",\"cid\":\"c_6d70\",\"rid\":\"r_25b5\",\"scope\":\"pipeline\",\"status\":\"ready\",\"fetch_ms\":13.37,\"db_ms\":6.33,\"compute_ms\":3035.96,\"serialize_ms\":13.33,\"size_bytes\":1190242}", "extra": {"taskName": "Task-2"}}
{"ts": "2025-10-26T15:11:51.965598+00:00", "level": "INFO", "name": "src.services.check_all_datas", "msg": "pipeline.run.complete | symbol=BTCUSDT | status=ready", "extra": {"taskName": "Task-2"}}
{"ts": "2025-10-26T15:11:51.965857+00:00", "level": "INFO", "name": "src.api.app", "msg": "app.bootstrap.complete", "extra": {"taskName": "Task-2", "symbols": ["BTCUSDT"], "days": 3, "seconds": 3.23}}
{"ts": "2025-10-26T15:13:31.125147+00:00", "level": "INFO", "name": "src.api.app", "msg": "app.bootstrap.begin", "extra": {"taskName": "Task-2", "symbols": ["BTCUSDT"], "days": 3, "timeout": 600.0}}
{"ts": "2025-10-26T15:13:31.125318+00:00", "level": "INFO", "name": "src.api.app", "msg": "app.bootstrap.vision_ingest.start", "extra": {"taskName": "Task-2", "symbol": "BTCUSDT", "days": 3, "start_ms": 1761232411125, "end_ms": 1761491611125}}
{"ts": "2025-10-26T15:13:31.125536+00:00", "level": "INFO", "name": "src.services.vision_ingest", "msg": "vision.ingest.start | symbol=BTCUSDT | start_ms=1761232411125 | end_ms=1761491611125 | datasets=['klines'] | intervals=('1m',) | days=['2025-10-23', '2025-10-24', '2025-10-25']", "extra": {"taskName": "Task-2"}}
{"ts": "2025-10-26T15:13:31.160873+00:00", "level": "INFO", "name": "src.services.vision_ingest", "msg": "vision.ingest.task.start | symbol=BTCUSDT | dataset=klines | day=2025-10-23 | interval=1m", "extra": {"taskName": "Task-2"}}
{"ts": "2025-10-26T15:13:31.516209+00:00", "level": "INFO", "name": "httpx", "msg": "HTTP Request: GET https://data.binance.vision/data/futures/um/daily/klines/BTCUSDT/1m/BTCUSDT-1m-2025-10-23.zip \"HTTP/1.1 200 OK\"", "extra": {"taskName": "Task-2"}}
{"ts": "2025-10-26T15:13:31.779953+00:00", "level": "INFO", "name": "src.services.ohlc_sanitizer", "msg": "Sanitised candles", "extra": {"taskName": "Task-2", "stage": "vision.klines.seed", "input_count": 1440, "output_count": 1440, "invalid_ts": 0, "invalid_ohlc": 0, "earliest_ms": 1761177600000, "latest_ms": 1761263940000}}
{"ts": "2025-10-26T15:13:31.795210+00:00", "level": "INFO", "name": "src.services.vision_ingest", "msg": "vision.ingest.task.complete | symbol=BTCUSDT | dataset=klines | day=2025-10-23 | interval=1m | records=1440 | inserted=1440", "extra": {"taskName": "Task-2"}}
{"ts": "2025-10-26T15:13:31.795470+00:00", "level": "INFO", "name": "src.services.vision_ingest", "msg": "vision.ingest.task.start | symbol=BTCUSDT | dataset=klines | day=2025-10-24 | interval=1m", "extra": {"taskName": "Task-2"}}
{"ts": "2025-10-26T15:13:32.513790+00:00", "level": "INFO", "name": "httpx", "msg": "HTTP Request: GET https://data.binance.vision/data/futures/um/daily/klines/BTCUSDT/1m/BTCUSDT-1m-2025-10-24.zip \"HTTP/1.1 200 OK\"", "extra": {"taskName": "Task-2"}}
{"ts": "2025-10-26T15:13:32.781692+00:00", "level": "INFO", "name": "src.services.ohlc_sanitizer", "msg": "Sanitised candles", "extra": {"taskName": "Task-2", "stage": "vision.klines.seed", "input_count": 1440, "output_count": 1440, "invalid_ts": 0, "invalid_ohlc": 0, "earliest_ms": 1761264000000, "latest_ms": 1761350340000}}
{"ts": "2025-10-26T15:13:32.796468+00:00", "level": "INFO", "name": "src.services.vision_ingest", "msg": "vision.ingest.task.complete | symbol=BTCUSDT | dataset=klines | day=2025-10-24 | interval=1m | records=1440 | inserted=1440", "extra": {"taskName": "Task-2"}}
{"ts": "2025-10-26T15:13:32.796664+00:00", "level": "INFO", "name": "src.services.vision_ingest", "msg": "vision.ingest.task.start | symbol=BTCUSDT | dataset=klines | day=2025-10-25 | interval=1m", "extra": {"taskName": "Task-2"}}
{"ts": "2025-10-26T15:13:33.542727+00:00", "level": "INFO", "name": "httpx", "msg": "HTTP Request: GET https://data.binance.vision/data/futures/um/daily/klines/BTCUSDT/1m/BTCUSDT-1m-2025-10-25.zip \"HTTP/1.1 200 OK\"", "extra": {"taskName": "Task-2"}}
{"ts": "2025-10-26T15:13:33.812008+00:00", "level": "INFO", "name": "src.services.ohlc_sanitizer", "msg": "Sanitised candles", "extra": {"taskName": "Task-2", "stage": "vision.klines.seed", "input_count": 1440, "output_count": 1440, "invalid_ts": 0, "invalid_ohlc": 0, "earliest_ms": 1761350400000, "latest_ms": 1761436740000}}
{"ts": "2025-10-26T15:13:33.826766+00:00", "level": "INFO", "name": "src.services.vision_ingest", "msg": "vision.ingest.task.complete | symbol=BTCUSDT | dataset=klines | day=2025-10-25 | interval=1m | records=1440 | inserted=1440", "extra": {"taskName": "Task-2"}}
{"ts": "2025-10-26T15:13:33.827206+00:00", "level": "INFO", "name": "src.services.vision_ingest", "msg": "vision.ingest.complete | symbol=BTCUSDT | status=ok | errors=0 | missing=0", "extra": {"taskName": "Task-2"}}
{"ts": "2025-10-26T15:13:33.827989+00:00", "level": "INFO", "name": "src.api.app", "msg": "app.bootstrap.vision_ingest.complete", "extra": {"taskName": "Task-2", "symbol": "BTCUSDT", "status": "ok", "days": 3, "inserted": 4320}}
{"ts": "2025-10-26T15:13:33.828129+00:00", "level": "INFO", "name": "src.common.config", "msg": "config.loaded", "extra": {"taskName": "Task-2", "offline": false, "ingest_policy": "LOCAL_THEN_REMOTE", "fixture_dirs": ["tests/fixtures", "fixtures", "cache/vision"], "data_dir": "./data", "duckdb_path": "./meta/index.duckdb", "market": "um"}}
{"ts": "2025-10-26T15:13:33.838891+00:00", "level": "INFO", "name": "src.services.inspection_cache_service", "msg": "inspection.cache.ensure.start", "extra": {"taskName": "Task-2", "symbol": "BTCUSDT", "days": 3, "target_days": ["2025-10-25", "2025-10-24", "2025-10-23"], "network_backfill": true}}
{"ts": "2025-10-26T15:13:33.855177+00:00", "level": "INFO", "name": "src.services.inspection_cache_service", "msg": "inspection.cache.ensure.hit", "extra": {"taskName": "Task-2", "symbol": "BTCUSDT", "day": "2025-10-23", "minutes_found": 0, "minutes_expected": 1440}}
{"ts": "2025-10-26T15:13:33.863842+00:00", "level": "INFO", "name": "src.services.inspection_cache_service", "msg": "inspection.cache.ensure.hit", "extra": {"taskName": "Task-2", "symbol": "BTCUSDT", "day": "2025-10-24", "minutes_found": 0, "minutes_expected": 1440}}
{"ts": "2025-10-26T15:13:33.871667+00:00", "level": "INFO", "name": "src.services.inspection_cache_service", "msg": "inspection.cache.ensure.hit", "extra": {"taskName": "Task-2", "symbol": "BTCUSDT", "day": "2025-10-25", "minutes_found": 0, "minutes_expected": 1440}}
{"ts": "2025-10-26T15:13:33.871781+00:00", "level": "INFO", "name": "src.services.inspection_cache_service", "msg": "inspection.cache.ensure.complete", "extra": {"taskName": "Task-2", "symbol": "BTCUSDT", "status": "warm", "days": 3}}
{"ts": "2025-10-26T15:13:33.871941+00:00", "level": "INFO", "name": "src.services.tracing", "msg": "{\"ts\":\"2025-10-26T15:13:33Z\",\"level\":\"INFO\",\"event\":\"pipeline.start\",\"stage\":\"summary\",\"symbol\":\"BTCUSDT\",\"cid\":\"c_9aea\",\"rid\":\"r_2c08\",\"window_hours\":72,\"mode\":\"summary\"}", "extra": {"taskName": "Task-2"}}
{"ts": "2025-10-26T15:13:33.880198+00:00", "level": "INFO", "name": "src.services.inspection_cache_service", "msg": "inspection.cache.ensure.start", "extra": {"taskName": "Task-2", "symbol": "BTCUSDT", "days": 3, "target_days": ["2025-10-25", "2025-10-24", "2025-10-23"], "network_backfill": false}}
{"ts": "2025-10-26T15:13:33.896989+00:00", "level": "INFO", "name": "src.services.inspection_cache_service", "msg": "inspection.cache.ensure.hit", "extra": {"taskName": "Task-2", "symbol": "BTCUSDT", "day": "2025-10-23", "minutes_found": 0, "minutes_expected": 1440}}
{"ts": "2025-10-26T15:13:33.904731+00:00", "level": "INFO", "name": "src.services.inspection_cache_service", "msg": "inspection.cache.ensure.hit", "extra": {"taskName": "Task-2", "symbol": "BTCUSDT", "day": "2025-10-24", "minutes_found": 0, "minutes_expected": 1440}}
{"ts": "2025-10-26T15:13:33.912334+00:00", "level": "INFO", "name": "src.services.inspection_cache_service", "msg": "inspection.cache.ensure.hit", "extra": {"taskName": "Task-2", "symbol": "BTCUSDT", "day": "2025-10-25", "minutes_found": 0, "minutes_expected": 1440}}
{"ts": "2025-10-26T15:13:33.912436+00:00", "level": "INFO", "name": "src.services.inspection_cache_service", "msg": "inspection.cache.ensure.complete", "extra": {"taskName": "Task-2", "symbol": "BTCUSDT", "status": "warm", "days": 3}}
{"ts": "2025-10-26T15:13:33.912555+00:00", "level": "INFO", "name": "src.services.inspection_cache_service", "msg": "inspection.cache.seed.built", "extra": {"taskName": "Task-2", "timeframes": ["15m", "1d", "1h", "1m", "3m", "4h", "5m"], "minutes_found": 0, "minutes_expected": 4320, "coverage_pct": 0.0}}
{"ts": "2025-10-26T15:13:33.912676+00:00", "level": "INFO", "name": "src.services.check_all_datas", "msg": "pipeline.run.start | symbol=BTCUSDT | window_hours=72 | hours=None | strict_window=True | network_backfill=False | timeout=180.0", "extra": {"taskName": "Task-2"}}
{"ts": "2025-10-26T15:13:33.913001+00:00", "level": "INFO", "name": "src.services.ohlc_sanitizer", "msg": "Sanitised candles", "extra": {"taskName": "Task-2", "stage": "seed.1m", "input_count": 0, "output_count": 0, "invalid_ts": 0, "invalid_ohlc": 0, "earliest_ms": null, "latest_ms": null}}
{"ts": "2025-10-26T15:13:33.913106+00:00", "level": "INFO", "name": "src.services.tracing", "msg": "{\"ts\":\"2025-10-26T15:13:33Z\",\"level\":\"INFO\",\"event\":\"ui.click_received\",\"stage\":\"pipeline\",\"symbol\":\"BTCUSDT\",\"cid\":\"c_9aea\",\"rid\":\"r_2c08\",\"scope\":\"ui\",\"strict_window\":true,\"network_backfill\":false,\"minute_backfill_enabled\":false}", "extra": {"taskName": "Task-2"}}
{"ts": "2025-10-26T15:13:33.913172+00:00", "level": "INFO", "name": "src.services.tracing", "msg": "{\"ts\":\"2025-10-26T15:13:33Z\",\"level\":\"INFO\",\"event\":\"pipeline.start\",\"stage\":\"pipeline\",\"symbol\":\"BTCUSDT\",\"cid\":\"c_9aea\",\"rid\":\"r_2c08\",\"scope\":\"pipeline\",\"strict_window\":true,\"network_backfill\":false,\"minute_backfill_enabled\":false}", "extra": {"taskName": "Task-2"}}
{"ts": "2025-10-26T15:13:33.913238+00:00", "level": "INFO", "name": "src.services.tracing", "msg": "{\"ts\":\"2025-10-26T15:13:33Z\",\"level\":\"INFO\",\"event\":\"pipeline.contract_ok\",\"stage\":\"pipeline\",\"symbol\":\"BTCUSDT\",\"cid\":\"c_9aea\",\"rid\":\"r_2c08\",\"scope\":\"pipeline\",\"base_window_hours\":72,\"strict_three_day\":true,\"window_end_ms\":1761436800000}", "extra": {"taskName": "Task-2"}}
{"ts": "2025-10-26T15:13:33.913320+00:00", "level": "INFO", "name": "src.services.tracing", "msg": "{\"ts\":\"2025-10-26T15:13:33Z\",\"level\":\"INFO\",\"event\":\"fetch.batch_start\",\"stage\":\"pipeline\",\"symbol\":\"BTCUSDT\",\"cid\":\"c_9aea\",\"rid\":\"r_2c08\",\"scope\":\"summary.1m\",\"window\":{\"from\":1761177600000,\"to\":1761436800000},\"details\":\"collect_recent_summary\"}", "extra": {"taskName": "Task-2"}}
{"ts": "2025-10-26T15:13:33.913396+00:00", "level": "INFO", "name": "src.services.tracing", "msg": "{\"ts\":\"2025-10-26T15:13:33Z\",\"level\":\"INFO\",\"event\":\"collector.start\",\"stage\":\"summary_collect\",\"symbol\":\"BTCUSDT\",\"component\":\"summary_collector\",\"cid\":\"c_9aea\",\"rid\":\"r_2c08\",\"start_ms\":1761177600000,\"end_ms\":1761436800000,\"days\":3}", "extra": {"taskName": "Task-2"}}
{"ts": "2025-10-26T15:13:33.918046+00:00", "level": "INFO", "name": "src.services.tracing", "msg": "{\"ts\":\"2025-10-26T15:13:33Z\",\"level\":\"INFO\",\"event\":\"gaps.detected\",\"stage\":\"summary_collect\",\"symbol\":\"BTCUSDT\",\"component\":\"summary_collector\",\"cid\":\"c_9aea\",\"rid\":\"r_2c08\",\"interval\":\"1m\",\"total\":0,\"merged\":0,\"first_expected\":1761177600000,\"last_closed\":1761436800000}", "extra": {"taskName": "Task-2"}}
{"ts": "2025-10-26T15:13:33.918149+00:00", "level": "INFO", "name": "src.services.tracing", "msg": "{\"ts\":\"2025-10-26T15:13:33Z\",\"level\":\"INFO\",\"event\":\"gaps.merged\",\"stage\":\"summary_collect\",\"symbol\":\"BTCUSDT\",\"component\":\"summary_collector\",\"cid\":\"c_9aea\",\"rid\":\"r_2c08\",\"interval\":\"1m\",\"total\":0,\"merged\":0}", "extra": {"taskName": "Task-2"}}
{"ts": "2025-10-26T15:13:33.918228+00:00", "level": "INFO", "name": "src.services.tracing", "msg": "{\"ts\":\"2025-10-26T15:13:33Z\",\"level\":\"INFO\",\"event\":\"interval.complete\",\"stage\":\"summary_collect\",\"symbol\":\"BTCUSDT\",\"component\":\"summary_collector\",\"cid\":\"c_9aea\",\"rid\":\"r_2c08\",\"interval\":\"1m\",\"written\":0,\"requests\":0}", "extra": {"taskName": "Task-2"}}
{"ts": "2025-10-26T15:13:33.924072+00:00", "level": "INFO", "name": "src.services.tracing", "msg": "{\"ts\":\"2025-10-26T15:13:33Z\",\"level\":\"INFO\",\"event\":\"collector.finished\",\"stage\":\"summary_collect\",\"symbol\":\"BTCUSDT\",\"component\":\"summary_collector\",\"cid\":\"c_9aea\",\"rid\":\"r_2c08\",\"requests\":0,\"written\":0,\"dropped\":0}", "extra": {"taskName": "Task-2"}}
{"ts": "2025-10-26T15:13:33.924189+00:00", "level": "INFO", "name": "src.services.tracing", "msg": "{\"ts\":\"2025-10-26T15:13:33Z\",\"level\":\"INFO\",\"event\":\"fetch.batch_done\",\"stage\":\"pipeline\",\"symbol\":\"BTCUSDT\",\"cid\":\"c_9aea\",\"rid\":\"r_2c08\",\"scope\":\"summary.1m\",\"window\":{\"from\":1761177600000,\"to\":1761436800000},\"metrics\":{\"requests\":0,\"ms\":10.87,\"candles_written\":0},\"details\":\"collect_recent_summary\"}", "extra": {"taskName": "Task-2"}}
{"ts": "2025-10-26T15:13:33.924275+00:00", "level": "INFO", "name": "src.services.tracing", "msg": "{\"ts\":\"2025-10-26T15:13:33Z\",\"level\":\"INFO\",\"event\":\"fetch.batch_start\",\"stage\":\"pipeline\",\"symbol\":\"BTCUSDT\",\"cid\":\"c_9aea\",\"rid\":\"r_2c08\",\"scope\":\"repository.1m\",\"window\":{\"from\":1761177600000,\"to\":1761436800000},\"details\":\"repository.fetch_candles\"}", "extra": {"taskName": "Task-2"}}
{"ts": "2025-10-26T15:13:33.930610+00:00", "level": "INFO", "name": "src.services.tracing", "msg": "{\"ts\":\"2025-10-26T15:13:33Z\",\"level\":\"INFO\",\"event\":\"fetch.batch_done\",\"stage\":\"pipeline\",\"symbol\":\"BTCUSDT\",\"cid\":\"c_9aea\",\"rid\":\"r_2c08\",\"scope\":\"repository.1m\",\"window\":{\"from\":1761177600000,\"to\":1761436800000},\"metrics\":{\"candles\":4321,\"ms\":6.32},\"details\":\"repository.fetch_candles\"}", "extra": {"taskName": "Task-2"}}
{"ts": "2025-10-26T15:13:33.944237+00:00", "level": "INFO", "name": "src.services.ohlc_sanitizer", "msg": "Sanitised candles", "extra": {"taskName": "Task-2", "stage": "rest.1m", "input_count": 4321, "output_count": 4321, "invalid_ts": 0, "invalid_ohlc": 0, "earliest_ms": 1761177600000, "latest_ms": 1761436800000}}
{"ts": "2025-10-26T15:13:33.951248+00:00", "level": "INFO", "name": "src.services.tracing", "msg": "{\"ts\":\"2025-10-26T15:13:33Z\",\"level\":\"INFO\",\"event\":\"pipeline.stage\",\"stage\":\"rollups\",\"symbol\":\"BTCUSDT\",\"cid\":\"c_9aea\",\"rid\":\"r_2c08\",\"label\":\"rollups\",\"status\":\"start\",\"timeframes\":[\"1m\",\"3m\",\"5m\",\"15m\",\"1h\",\"4h\",\"1d\"]}", "extra": {"taskName": "Task-2"}}
{"ts": "2025-10-26T15:13:33.951374+00:00", "level": "INFO", "name": "src.services.check_all_datas", "msg": "pipeline.progress | symbol=BTCUSDT | event=inspection.pipeline.stage | payload={\"label\": \"rollups\", \"stage\": \"rollups\", \"status\": \"start\", \"timeframes\": [\"1m\", \"3m\", \"5m\", \"15m\", \"1h\", \"4h\", \"1d\"]}", "extra": {"taskName": "Task-2"}}
{"ts": "2025-10-26T15:13:33.956674+00:00", "level": "INFO", "name": "src.services.tracing", "msg": "{\"ts\":\"2025-10-26T15:13:33Z\",\"level\":\"INFO\",\"event\":\"availability.checked\",\"stage\":\"ohlcv.multi\",\"symbol\":\"BTCUSDT\",\"cid\":\"c_9aea\",\"rid\":\"r_2c08\",\"scope\":\"ohlcv.1m\",\"window\":{\"from\":1761177660000,\"to\":1761436800000},\"metrics\":{\"expected\":4320,\"present\":4320,\"missing\":0,\"coverage_pct\":100.0}}", "extra": {"taskName": "Task-2"}}
{"ts": "2025-10-26T15:13:33.980844+00:00", "level": "INFO", "name": "src.services.tracing", "msg": "{\"ts\":\"2025-10-26T15:13:33Z\",\"level\":\"INFO\",\"event\":\"pipeline.stage\",\"stage\":\"rollups\",\"symbol\":\"BTCUSDT\",\"cid\":\"c_9aea\",\"rid\":\"r_2c08\",\"label\":\"rollups\",\"status\":\"complete\",\"duration_ms\":29.577,\"bar_counts\":{\"1m\":4320,\"3m\":1441,\"5m\":865,\"15m\":289,\"1h\":73,\"4h\":19,\"1d\":4,\"seed_minutes\":4321},\"agg_counts\":{\"lookback_days\":3},\"completeness\":{\"has_seed\":true,\"source\":\"remote\"}}", "extra": {"taskName": "Task-2"}}
{"ts": "2025-10-26T15:13:33.980985+00:00", "level": "INFO", "name": "src.services.check_all_datas", "msg": "pipeline.progress | symbol=BTCUSDT | event=inspection.pipeline.stage | payload={\"agg_counts\": {\"lookback_days\": 3}, \"bar_counts\": {\"15m\": 289, \"1d\": 4, \"1h\": 73, \"1m\": 4320, \"3m\": 1441, \"4h\": 19, \"5m\": 865, \"seed_minutes\": 4321}, \"completeness\": {\"has_seed\": true, \"source\": \"remote\"}, \"duration_ms\": 29.577, \"label\": \"rollups\", \"stage\": \"rollups\", \"status\": \"complete\"}", "extra": {"taskName": "Task-2"}}
{"ts": "2025-10-26T15:13:33.981166+00:00", "level": "INFO", "name": "src.services.tracing", "msg": "{\"ts\":\"2025-10-26T15:13:33Z\",\"level\":\"INFO\",\"event\":\"pipeline.stage\",\"stage\":\"vwap_tpo\",\"symbol\":\"BTCUSDT\",\"cid\":\"c_9aea\",\"rid\":\"r_2c08\",\"label\":\"vwap/tpo\",\"status\":\"start\",\"sessions\":[\"asia\",\"london\",\"ny\"]}", "extra": {"taskName": "Task-2"}}
{"ts": "2025-10-26T15:13:33.981246+00:00", "level": "INFO", "name": "src.services.check_all_datas", "msg": "pipeline.progress | symbol=BTCUSDT | event=inspection.pipeline.stage | payload={\"label\": \"vwap/tpo\", \"sessions\": [\"asia\", \"london\", \"ny\"], \"stage\": \"vwap_tpo\", \"status\": \"start\"}", "extra": {"taskName": "Task-2"}}
{"ts": "2025-10-26T15:13:34.349158+00:00", "level": "INFO", "name": "src.services.tracing", "msg": "{\"ts\":\"2025-10-26T15:13:34Z\",\"level\":\"INFO\",\"event\":\"pipeline.stage\",\"stage\":\"gaps\",\"symbol\":\"BTCUSDT\",\"cid\":\"c_9aea\",\"rid\":\"r_2c08\",\"label\":\"gaps\",\"status\":\"start\",\"window\":{\"start_ms\":1761177600000,\"end_ms\":1761436740000},\"enforce\":true,\"strict\":true}", "extra": {"taskName": "Task-2"}}
{"ts": "2025-10-26T15:13:34.349305+00:00", "level": "INFO", "name": "src.services.check_all_datas", "msg": "pipeline.progress | symbol=BTCUSDT | event=inspection.pipeline.stage | payload={\"enforce\": true, \"label\": \"gaps\", \"stage\": \"gaps\", \"status\": \"start\", \"strict\": true, \"window\": {\"end_ms\": 1761436740000, \"start_ms\": 1761177600000}}", "extra": {"taskName": "Task-2"}}
{"ts": "2025-10-26T15:13:34.349772+00:00", "level": "INFO", "name": "src.services.tracing", "msg": "{\"ts\":\"2025-10-26T15:13:34Z\",\"level\":\"INFO\",\"event\":\"pipeline.stage\",\"stage\":\"gaps\",\"symbol\":\"BTCUSDT\",\"cid\":\"c_9aea\",\"rid\":\"r_2c08\",\"label\":\"gaps\",\"status\":\"complete\",\"duration_ms\":0.627,\"bar_counts\":{\"expected\":4320,\"missing_before\":0,\"missing_after\":0,\"downloaded\":0},\"agg_counts\":{\"gap_count\":0,\"relaxed\":false},\"completeness\":{\"coverage_before\":1.0,\"coverage_after\":1.0,\"enforced\":true,\"relaxed\":false}}", "extra": {"taskName": "Task-2"}}
{"ts": "2025-10-26T15:13:34.349855+00:00", "level": "INFO", "name": "src.services.check_all_datas", "msg": "pipeline.progress | symbol=BTCUSDT | event=inspection.pipeline.stage | payload={\"agg_counts\": {\"gap_count\": 0, \"relaxed\": false}, \"bar_counts\": {\"downloaded\": 0, \"expected\": 4320, \"missing_after\": 0, \"missing_before\": 0}, \"completeness\": {\"coverage_after\": 1.0, \"coverage_before\": 1.0, \"enforced\": true, \"relaxed\": false}, \"duration_ms\": 0.627, \"label\": \"gaps\", \"stage\": \"gaps\", \"status\": \"complete\"}", "extra": {"taskName": "Task-2"}}
{"ts": "2025-10-26T15:13:34.406847+00:00", "level": "INFO", "name": "src.services.check_all_datas", "msg": "Liquidity module flag", "extra": {"taskName": "Task-2", "symbol": "BTCUSDT", "enabled": false, "strict_three_day": true, "network_backfill": false}}
{"ts": "2025-10-26T15:13:34.407013+00:00", "level": "INFO", "name": "src.services.check_all_datas", "msg": "Liquidity module disabled for strict offline run", "extra": {"taskName": "Task-2", "symbol": "BTCUSDT"}}
{"ts": "2025-10-26T15:13:34.409506+00:00", "level": "INFO", "name": "src.services.check_all_datas", "msg": "Resolved last price for inspection snapshot", "extra": {"taskName": "Task-2", "source": "ohlcv", "tf": "1m", "ts": 1761436800000, "age_sec": 0, "insufficient_reason": null}}
{"ts": "2025-10-26T15:13:34.409698+00:00", "level": "INFO", "name": "src.services.check_all_datas", "msg": "Snapshot age evaluated", "extra": {"taskName": "Task-2", "snapshot_age_sec": 0}}
{"ts": "2025-10-26T15:13:34.409794+00:00", "level": "INFO", "name": "src.services.tracing", "msg": "{\"ts\":\"2025-10-26T15:13:34Z\",\"level\":\"INFO\",\"event\":\"pipeline.stage\",\"stage\":\"zones\",\"symbol\":\"BTCUSDT\",\"cid\":\"c_9aea\",\"rid\":\"r_2c08\",\"label\":\"zones\",\"status\":\"start\",\"availability\":{\"15m\":{\"required\":120,\"adjusted_required\":120,\"available\":288,\"total\":288,\"ok\":true},\"1h\":{\"required\":50,\"adjusted_required\":50,\"available\":72,\"total\":72,\"ok\":true},\"4h\":{\"required\":18,\"adjusted_required\":18,\"available\":18,\"total\":18,\"ok\":true}},\"warmup\":{\"15m\":{\"required\":60,\"adjusted_required\":0,\"actual\":0,\"partial\":false},\"1h\":{\"required\":30,\"adjusted_required\":0,\"actual\":0,\"partial\":false},\"4h\":{\"required\":18,\"adjusted_required\":0,\"actual\":0,\"partial\":false},\"1d\":{\"required\":0,\"adjusted_required\":0,\"actual\":0,\"partial\":false}}}", "extra": {"taskName": "Task-2"}}
{"ts": "2025-10-26T15:13:34.409892+00:00", "level": "INFO", "name": "src.services.check_all_datas", "msg": "pipeline.progress | symbol=BTCUSDT | event=inspection.pipeline.stage | payload={\"availability\": {\"15m\": {\"adjusted_required\": 120, \"available\": 288, \"ok\": true, \"required\": 120, \"total\": 288}, \"1h\": {\"adjusted_required\": 50, \"available\": 72, \"ok\": true, \"required\": 50, \"total\": 72}, \"4h\": {\"adjusted_required\": 18, \"available\": 18, \"ok\": true, \"required\": 18, \"total\": 18}}, \"label\": \"zones\", \"stage\": \"zones\", \"status\": \"start\", \"warmup\": {\"15m\": {\"actual\": 0, \"adjusted_required\": 0, \"partial\": false, \"required\": 60}, \"1d\": {\"actual\": 0, \"adjusted_required\": 0, \"partial\": false, \"required\": 0}, \"1h\": {\"actual\": 0, \"adjusted_required\": 0, \"partial\": false, \"required\": 30}, \"4h\": {\"actual\": 0, \"adjusted_required\": 0, \"partial\": false, \"required\": 18}}}", "extra": {"taskName": "Task-2"}}
{"ts": "2025-10-26T15:13:34.419372+00:00", "level": "INFO", "name": "src.services.tracing", "msg": "{\"ts\":\"2025-10-26T15:13:34Z\",\"level\":\"INFO\",\"event\":\"compute.zones\",\"stage\":\"pipeline\",\"symbol\":\"BTCUSDT\",\"cid\":\"c_9aea\",\"rid\":\"r_2c08\",\"scope\":\"zones\",\"duration_ms\":9.38,\"bars\":4320}", "extra": {"taskName": "Task-2"}}
{"ts": "2025-10-26T15:13:34.419984+00:00", "level": "INFO", "name": "src.services.tracing", "msg": "{\"ts\":\"2025-10-26T15:13:34Z\",\"level\":\"INFO\",\"event\":\"pipeline.stage\",\"stage\":\"zones\",\"symbol\":\"BTCUSDT\",\"cid\":\"c_9aea\",\"rid\":\"r_2c08\",\"label\":\"zones\",\"status\":\"complete\",\"duration_ms\":10.187,\"bar_counts\":{\"fvg\":5,\"fvl\":0,\"ob\":32,\"mb\":10,\"bb\":10,\"rb\":1,\"pb\":0,\"sr\":3,\"profile_levels\":12},\"agg_counts\":{\"focus_counts\":{\"fvg\":5,\"ob\":6}},\"completeness\":{\"availability\":{\"15m\":{\"required\":120,\"adjusted_required\":120,\"available\":288,\"total\":288,\"ok\":true},\"1h\":{\"required\":50,\"adjusted_required\":50,\"available\":72,\"total\":72,\"ok\":true},\"4h\":{\"required\":18,\"adjusted_required\":18,\"available\":18,\"total\":18,\"ok\":true}},\"warmup\":{\"15m\":{\"required\":60,\"adjusted_required\":0,\"actual\":0,\"partial\":false},\"1h\":{\"required\":30,\"adjusted_required\":0,\"actual\":0,\"partial\":false},\"4h\":{\"required\":18,\"adjusted_required\":0,\"actual\":0,\"partial\":false},\"1d\":{\"required\":0,\"adjusted_required\":0,\"actual\":0,\"partial\":false}}}}", "extra": {"taskName": "Task-2"}}
{"ts": "2025-10-26T15:13:34.420079+00:00", "level": "INFO", "name": "src.services.check_all_datas", "msg": "pipeline.progress | symbol=BTCUSDT | event=inspection.pipeline.stage | payload={\"agg_counts\": {\"focus_counts\": {\"fvg\": 5, \"ob\": 6}}, \"bar_counts\": {\"bb\": 10, \"fvg\": 5, \"fvl\": 0, \"mb\": 10, \"ob\": 32, \"pb\": 0, \"profile_levels\": 12, \"rb\": 1, \"sr\": 3}, \"completeness\": {\"availability\": {\"15m\": {\"adjusted_required\": 120, \"available\": 288, \"ok\": true, \"required\": 120, \"total\": 288}, \"1h\": {\"adjusted_required\": 50, \"available\": 72, \"ok\": true, \"required\": 50, \"total\": 72}, \"4h\": {\"adjusted_required\": 18, \"available\": 18, \"ok\": true, \"required\": 18, \"total\": 18}}, \"warmup\": {\"15m\": {\"actual\": 0, \"adjusted_required\": 0, \"partial\": false, \"required\": 60}, \"1d\": {\"actual\": 0, \"adjusted_required\": 0, \"partial\": false, \"required\": 0}, \"1h\": {\"actual\": 0, \"adjusted_required\": 0, \"partial\": false, \"required\": 30}, \"4h\": {\"actual\": 0, \"adjusted_required\": 0, \"partial\": false, \"required\": 18}}}, \"duration_ms\": 10.187, \"label\": \"zones\", \"stage\": \"zones\", \"status\": \"complete\"}", "extra": {"taskName": "Task-2"}}
{"ts": "2025-10-26T15:13:34.420466+00:00", "level": "INFO", "name": "src.services.tracing", "msg": "{\"ts\":\"2025-10-26T15:13:34Z\",\"level\":\"INFO\",\"event\":\"pipeline.stage\",\"stage\":\"delta\",\"symbol\":\"BTCUSDT\",\"cid\":\"c_9aea\",\"rid\":\"r_2c08\",\"label\":\"delta\",\"status\":\"start\",\"window\":{\"start_ms\":1761393600000,\"end_ms\":1761436740000}}", "extra": {"taskName": "Task-2"}}
{"ts": "2025-10-26T15:13:34.420530+00:00", "level": "INFO", "name": "src.services.check_all_datas", "msg": "pipeline.progress | symbol=BTCUSDT | event=inspection.pipeline.stage | payload={\"label\": \"delta\", \"stage\": \"delta\", \"status\": \"start\", \"window\": {\"end_ms\": 1761436740000, \"start_ms\": 1761393600000}}", "extra": {"taskName": "Task-2"}}
{"ts": "2025-10-26T15:13:36.771595+00:00", "level": "INFO", "name": "src.services.tracing", "msg": "{\"ts\":\"2025-10-26T15:13:36Z\",\"level\":\"INFO\",\"event\":\"compute.orderflow\",\"stage\":\"pipeline\",\"symbol\":\"BTCUSDT\",\"cid\":\"c_9aea\",\"rid\":\"r_2c08\",\"scope\":\"orderflow\",\"duration_ms\":2350.93,\"minutes\":4320}", "extra": {"taskName": "Task-2"}}
{"ts": "2025-10-26T15:13:36.771818+00:00", "level": "INFO", "name": "src.services.tracing", "msg": "{\"ts\":\"2025-10-26T15:13:36Z\",\"level\":\"INFO\",\"event\":\"pipeline.stage\",\"stage\":\"delta\",\"symbol\":\"BTCUSDT\",\"cid\":\"c_9aea\",\"rid\":\"r_2c08\",\"label\":\"delta\",\"status\":\"complete\",\"duration_ms\":2351.321,\"bar_counts\":{\"1m\":720,\"3m\":240,\"5m\":144,\"15m\":48,\"1h\":12},\"agg_counts\":{\"1m_raw\":720,\"1m\":720,\"3m\":240,\"5m\":144,\"15m\":48,\"1h\":12},\"completeness\":{\"expected_minutes\":720,\"with_trades\":719,\"missing_minutes\":1,\"gaps\":[{\"from\":1761436740000,\"to\":1761436740000}],\"reconstructed_minutes\":0}}", "extra": {"taskName": "Task-2"}}
{"ts": "2025-10-26T15:13:36.771960+00:00", "level": "INFO", "name": "src.services.check_all_datas", "msg": "pipeline.progress | symbol=BTCUSDT | event=inspection.pipeline.stage | payload={\"agg_counts\": {\"15m\": 48, \"1h\": 12, \"1m\": 720, \"1m_raw\": 720, \"3m\": 240, \"5m\": 144}, \"bar_counts\": {\"15m\": 48, \"1h\": 12, \"1m\": 720, \"3m\": 240, \"5m\": 144}, \"completeness\": {\"expected_minutes\": 720, \"gaps\": [{\"from\": 1761436740000, \"to\": 1761436740000}], \"missing_minutes\": 1, \"reconstructed_minutes\": 0, \"with_trades\": 719}, \"duration_ms\": 2351.321, \"label\": \"delta\", \"stage\": \"delta\", \"status\": \"complete\"}", "extra": {"taskName": "Task-2"}}
{"ts": "2025-10-26T15:13:36.772049+00:00", "level": "INFO", "name": "src.services.tracing", "msg": "{\"ts\":\"2025-10-26T15:13:36Z\",\"level\":\"INFO\",\"event\":\"compute.rollups\",\"stage\":\"pipeline\",\"symbol\":\"BTCUSDT\",\"cid\":\"c_9aea\",\"rid\":\"r_2c08\",\"scope\":\"rollups\",\"frames\":7}", "extra": {"taskName": "Task-2"}}
{"ts": "2025-10-26T15:13:36.831915+00:00", "level": "INFO", "name": "src.services.tracing", "msg": "{\"ts\":\"2025-10-26T15:13:36Z\",\"level\":\"INFO\",\"event\":\"compute.vwap_tpo\",\"stage\":\"pipeline\",\"symbol\":\"BTCUSDT\",\"cid\":\"c_9aea\",\"rid\":\"r_2c08\",\"scope\":\"vwap_tpo.compact\",\"metrics\":{\"bars\":3000,\"ms\":18.171},\"windows\":5}", "extra": {"taskName": "Task-2"}}
{"ts": "2025-10-26T15:13:36.837887+00:00", "level": "INFO", "name": "src.services.tracing", "msg": "{\"ts\":\"2025-10-26T15:13:36Z\",\"level\":\"INFO\",\"event\":\"pipeline.stage\",\"stage\":\"vwap_tpo\",\"symbol\":\"BTCUSDT\",\"cid\":\"c_9aea\",\"rid\":\"r_2c08\",\"label\":\"vwap/tpo\",\"status\":\"complete\",\"duration_ms\":2856.698,\"bar_counts\":{\"asia\":120,\"london\":0,\"ny\":0},\"agg_counts\":{\"sessions\":3},\"completeness\":{\"asia\":{\"status\":\"partial\",\"coverage_ratio\":0.5},\"london\":{\"status\":\"empty\",\"coverage_ratio\":0.0},\"ny\":{\"status\":\"empty\",\"coverage_ratio\":0.0}}}", "extra": {"taskName": "Task-2"}}
{"ts": "2025-10-26T15:13:36.838011+00:00", "level": "INFO", "name": "src.services.check_all_datas", "msg": "pipeline.progress | symbol=BTCUSDT | event=inspection.pipeline.stage | payload={\"agg_counts\": {\"sessions\": 3}, \"bar_counts\": {\"asia\": 120, \"london\": 0, \"ny\": 0}, \"completeness\": {\"asia\": {\"coverage_ratio\": 0.5, \"status\": \"partial\"}, \"london\": {\"coverage_ratio\": 0.0, \"status\": \"empty\"}, \"ny\": {\"coverage_ratio\": 0.0, \"status\": \"empty\"}}, \"duration_ms\": 2856.698, \"label\": \"vwap/tpo\", \"stage\": \"vwap_tpo\", \"status\": \"complete\"}", "extra": {"taskName": "Task-2"}}
{"ts": "2025-10-26T15:13:36.838093+00:00", "level": "INFO", "name": "src.services.tracing", "msg": "{\"ts\":\"2025-10-26T15:13:36Z\",\"level\":\"INFO\",\"event\":\"compute.vwap_tpo\",\"stage\":\"pipeline\",\"symbol\":\"BTCUSDT\",\"cid\":\"c_9aea\",\"rid\":\"r_2c08\",\"scope\":\"vwap_tpo\",\"sessions\":3}", "extra": {"taskName": "Task-2"}}
{"ts": "2025-10-26T15:13:36.844314+00:00", "level": "INFO", "name": "src.services.tracing", "msg": "{\"ts\":\"2025-10-26T15:13:36Z\",\"level\":\"INFO\",\"event\":\"compute.poi.topN\",\"stage\":\"pipeline\",\"symbol\":\"BTCUSDT\",\"cid\":\"c_9aea\",\"rid\":\"r_2c08\",\"scope\":\"zones\",\"counts\":{\"fvg\":5,\"fvl\":0,\"ob\":32,\"mb\":10,\"bb\":10,\"rb\":1,\"pb\":0,\"sr\":3,\"profile_levels\":12}}", "extra": {"taskName": "Task-2"}}
{"ts": "2025-10-26T15:13:36.844456+00:00", "level": "INFO", "name": "src.services.tracing", "msg": "{\"ts\":\"2025-10-26T15:13:36Z\",\"level\":\"INFO\",\"event\":\"pipeline.stage\",\"stage\":\"vitrines\",\"symbol\":\"BTCUSDT\",\"cid\":\"c_9aea\",\"rid\":\"r_2c08\",\"label\":\"vitrines\",\"status\":\"start\"}", "extra": {"taskName": "Task-2"}}
{"ts": "2025-10-26T15:13:36.844520+00:00", "level": "INFO", "name": "src.services.check_all_datas", "msg": "pipeline.progress | symbol=BTCUSDT | event=inspection.pipeline.stage | payload={\"label\": \"vitrines\", \"stage\": \"vitrines\", \"status\": \"start\"}", "extra": {"taskName": "Task-2"}}
{"ts": "2025-10-26T15:13:36.844719+00:00", "level": "INFO", "name": "src.services.tracing", "msg": "{\"ts\":\"2025-10-26T15:13:36Z\",\"level\":\"INFO\",\"event\":\"pipeline.stage\",\"stage\":\"vitrines\",\"symbol\":\"BTCUSDT\",\"cid\":\"c_9aea\",\"rid\":\"r_2c08\",\"label\":\"vitrines\",\"status\":\"complete\",\"duration_ms\":0.246,\"bar_counts\":{\"A\":11,\"B\":3},\"agg_counts\":{\"diagnostics\":{\"A\":{\"missing_modules\":[],\"reason_flags\":[],\"validation_errors\":[]},\"B\":{\"missing_modules\":[\"liquidity.sweeps\"],\"reason_flags\":[\"sweeps_missing\"],\"validation_errors\":[],\"fresh_counts\":{\"fvg\":0,\"ob\":6},\"delta_15m\":-339.95200000000006,\"cvd_agg\":-339.95199999999977,\"sweeps_sample\":0}}},\"completeness\":{\"A\":{\"window_hours\":72,\"counts\":{\"fvg\":5,\"ob\":6},\"open_entries\":11,\"has_last_price\":true,\"missing_modules\":[],\"valid\":true,\"validation_errors\":[]},\"B\":{\"sessions\":{\"asia\":true,\"london\":true,\"ny\":true},\"missing_modules\":[\"liquidity.sweeps\"],\"has_delta_15m\":true,\"has_cvd\":true,\"has_sweeps\":false,\"fresh_intraday\":{\"fvg\":0,\"ob\":6},\"valid\":true,\"validation_errors\":[]}}}", "extra": {"taskName": "Task-2"}}
{"ts": "2025-10-26T15:13:36.844802+00:00", "level": "INFO", "name": "src.services.check_all_datas", "msg": "pipeline.progress | symbol=BTCUSDT | event=inspection.pipeline.stage | payload={\"agg_counts\": {\"diagnostics\": {\"A\": {\"missing_modules\": [], \"reason_flags\": [], \"validation_errors\": []}, \"B\": {\"cvd_agg\": -339.95199999999977, \"delta_15m\": -339.95200000000006, \"fresh_counts\": {\"fvg\": 0, \"ob\": 6}, \"missing_modules\": [\"liquidity.sweeps\"], \"reason_flags\": [\"sweeps_missing\"], \"sweeps_sample\": 0, \"validation_errors\": []}}}, \"bar_counts\": {\"A\": 11, \"B\": 3}, \"completeness\": {\"A\": {\"counts\": {\"fvg\": 5, \"ob\": 6}, \"has_last_price\": true, \"missing_modules\": [], \"open_entries\": 11, \"valid\": true, \"validation_errors\": [], \"window_hours\": 72}, \"B\": {\"fresh_intraday\": {\"fvg\": 0, \"ob\": 6}, \"has_cvd\": true, \"has_delta_15m\": true, \"has_sweeps\": false, \"missing_modules\": [\"liquidity.sweeps\"], \"sessions\": {\"asia\": true, \"london\": true, \"ny\": true}, \"valid\": true, \"validation_errors\": []}}, \"duration_ms\": 0.246, \"label\": \"vitrines\", \"stage\": \"vitrines\", \"status\": \"complete\"}", "extra": {"taskName": "Task-2"}}
{"ts": "2025-10-26T15:13:36.844900+00:00", "level": "INFO", "name": "src.services.tracing", "msg": "{\"ts\":\"2025-10-26T15:13:36Z\",\"level\":\"INFO\",\"event\":\"availability.checked\",\"stage\":\"pipeline\",\"symbol\":\"BTCUSDT\",\"cid\":\"c_9aea\",\"rid\":\"r_2c08\",\"scope\":\"payload\",\"blocks\":[\"timeframes\"]}", "extra": {"taskName": "Task-2"}}
{"ts": "2025-10-26T15:13:36.845319+00:00", "level": "INFO", "name": "src.services.check_all_datas", "msg": "Missing fields detected", "extra": {"taskName": "Task-2", "missing_fields": ["orderflow.footprint", "vwap_tpo.sessions.london.ib_high", "vwap_tpo.sessions.london.ib_low", "vwap_tpo.sessions.london.poc", "vwap_tpo.sessions.london.vah", "vwap_tpo.sessions.london.val", "vwap_tpo.sessions.ny.ib_high", "vwap_tpo.sessions.ny.ib_low", "vwap_tpo.sessions.ny.poc", "vwap_tpo.sessions.ny.vah", "vwap_tpo.sessions.ny.val", "zones.fvl", "zones.pb", "zones.recent"]}}
{"ts": "2025-10-26T15:13:36.857574+00:00", "level": "INFO", "name": "src.services.tracing", "msg": "{\"ts\":\"2025-10-26T15:13:36Z\",\"level\":\"INFO\",\"event\":\"output.prepare_payload\",\"stage\":\"pipeline\",\"symbol\":\"BTCUSDT\",\"cid\":\"c_9aea\",\"rid\":\"r_2c08\",\"scope\":\"output\",\"status\":\"ready\",\"missing_fields\":14}", "extra": {"taskName": "Task-2"}}
{"ts": "2025-10-26T15:13:36.870236+00:00", "level": "INFO", "name": "src.services.tracing", "msg": "{\"ts\":\"2025-10-26T15:13:36Z\",\"level\":\"INFO\",\"event\":\"output.publish\",\"stage\":\"pipeline\",\"symbol\":\"BTCUSDT\",\"cid\":\"c_9aea\",\"rid\":\"r_2c08\",\"scope\":\"output\",\"status\":\"ready\",\"size_bytes\":1190242}", "extra": {"taskName": "Task-2"}}
{"ts": "2025-10-26T15:13:36.870335+00:00", "level": "INFO", "name": "src.services.tracing", "msg": "{\"ts\":\"2025-10-26T15:13:36Z\",\"level\":\"INFO\",\"event\":\"pipeline.done\",\"stage\":\"pipeline\",\"symbol\":\"BTCUSDT\",\"cid\":\"c_9aea\",\"rid\":\"r_2c08\",\"scope\":\"pipeline\",\"status\":\"ready\",\"fetch_ms\":10.87,\"db_ms\":6.32,\"compute_ms\":2927.55,\"serialize_ms\":12.48,\"size_bytes\":1190242}", "extra": {"taskName": "Task-2"}}
{"ts": "2025-10-26T15:13:36.932392+00:00", "level": "INFO", "name": "src.services.check_all_datas", "msg": "pipeline.run.complete | symbol=BTCUSDT | status=ready", "extra": {"taskName": "Task-2"}}
{"ts": "2025-10-26T15:13:36.932600+00:00", "level": "INFO", "name": "src.api.app", "msg": "app.bootstrap.complete", "extra": {"taskName": "Task-2", "symbols": ["BTCUSDT"], "days": 3, "seconds": 5.81}}
{"ts": "2025-10-26T15:14:42.098922+00:00", "level": "INFO", "name": "src.services.tracing", "msg": "{\"ts\":\"2025-10-26T15:14:42Z\",\"level\":\"INFO\",\"event\":\"pipeline.start\",\"stage\":\"summary\",\"symbol\":\"BTCUSDT\",\"cid\":\"c_fb57\",\"rid\":\"r_b09d\",\"window_hours\":72,\"mode\":\"summary\"}", "extra": {"taskName": "starlette.middleware.base.BaseHTTPMiddleware.__call__.<locals>.call_next.<locals>.coro"}}
{"ts": "2025-10-26T15:14:42.112095+00:00", "level": "INFO", "name": "src.services.inspection_cache_service", "msg": "inspection.cache.ensure.start", "extra": {"taskName": "starlette.middleware.base.BaseHTTPMiddleware.__call__.<locals>.call_next.<locals>.coro", "symbol": "BTCUSDT", "days": 3, "target_days": ["2025-10-25", "2025-10-24", "2025-10-23"], "network_backfill": false}}
{"ts": "2025-10-26T15:14:42.131053+00:00", "level": "INFO", "name": "src.services.inspection_cache_service", "msg": "inspection.cache.ensure.hit", "extra": {"taskName": "starlette.middleware.base.BaseHTTPMiddleware.__call__.<locals>.call_next.<locals>.coro", "symbol": "BTCUSDT", "day": "2025-10-23", "minutes_found": 0, "minutes_expected": 1440}}
{"ts": "2025-10-26T15:14:42.139038+00:00", "level": "INFO", "name": "src.services.inspection_cache_service", "msg": "inspection.cache.ensure.hit", "extra": {"taskName": "starlette.middleware.base.BaseHTTPMiddleware.__call__.<locals>.call_next.<locals>.coro", "symbol": "BTCUSDT", "day": "2025-10-24", "minutes_found": 0, "minutes_expected": 1440}}
{"ts": "2025-10-26T15:14:42.147753+00:00", "level": "INFO", "name": "src.services.inspection_cache_service", "msg": "inspection.cache.ensure.hit", "extra": {"taskName": "starlette.middleware.base.BaseHTTPMiddleware.__call__.<locals>.call_next.<locals>.coro", "symbol": "BTCUSDT", "day": "2025-10-25", "minutes_found": 0, "minutes_expected": 1440}}
{"ts": "2025-10-26T15:14:42.147891+00:00", "level": "INFO", "name": "src.services.inspection_cache_service", "msg": "inspection.cache.ensure.complete", "extra": {"taskName": "starlette.middleware.base.BaseHTTPMiddleware.__call__.<locals>.call_next.<locals>.coro", "symbol": "BTCUSDT", "status": "warm", "days": 3}}
{"ts": "2025-10-26T15:14:42.148029+00:00", "level": "INFO", "name": "src.services.inspection_cache_service", "msg": "inspection.cache.seed.built", "extra": {"taskName": "starlette.middleware.base.BaseHTTPMiddleware.__call__.<locals>.call_next.<locals>.coro", "timeframes": ["15m", "1d", "1h", "1m", "3m", "4h", "5m"], "minutes_found": 0, "minutes_expected": 4320, "coverage_pct": 0.0}}
{"ts": "2025-10-26T15:14:42.148160+00:00", "level": "INFO", "name": "src.services.check_all_datas", "msg": "pipeline.run.start | symbol=BTCUSDT | window_hours=72 | hours=None | strict_window=True | network_backfill=False | timeout=180.0", "extra": {"taskName": "starlette.middleware.base.BaseHTTPMiddleware.__call__.<locals>.call_next.<locals>.coro"}}
{"ts": "2025-10-26T15:14:42.148343+00:00", "level": "INFO", "name": "src.services.ohlc_sanitizer", "msg": "Sanitised candles", "extra": {"taskName": "starlette.middleware.base.BaseHTTPMiddleware.__call__.<locals>.call_next.<locals>.coro", "stage": "seed.1m", "input_count": 0, "output_count": 0, "invalid_ts": 0, "invalid_ohlc": 0, "earliest_ms": null, "latest_ms": null}}
{"ts": "2025-10-26T15:14:42.148456+00:00", "level": "INFO", "name": "src.services.tracing", "msg": "{\"ts\":\"2025-10-26T15:14:42Z\",\"level\":\"INFO\",\"event\":\"ui.click_received\",\"stage\":\"pipeline\",\"symbol\":\"BTCUSDT\",\"cid\":\"c_fb57\",\"rid\":\"r_b09d\",\"scope\":\"ui\",\"strict_window\":true,\"network_backfill\":false,\"minute_backfill_enabled\":false}", "extra": {"taskName": "starlette.middleware.base.BaseHTTPMiddleware.__call__.<locals>.call_next.<locals>.coro"}}
{"ts": "2025-10-26T15:14:42.148534+00:00", "level": "INFO", "name": "src.services.tracing", "msg": "{\"ts\":\"2025-10-26T15:14:42Z\",\"level\":\"INFO\",\"event\":\"pipeline.start\",\"stage\":\"pipeline\",\"symbol\":\"BTCUSDT\",\"cid\":\"c_fb57\",\"rid\":\"r_b09d\",\"scope\":\"pipeline\",\"strict_window\":true,\"network_backfill\":false,\"minute_backfill_enabled\":false}", "extra": {"taskName": "starlette.middleware.base.BaseHTTPMiddleware.__call__.<locals>.call_next.<locals>.coro"}}
{"ts": "2025-10-26T15:14:42.148615+00:00", "level": "INFO", "name": "src.services.tracing", "msg": "{\"ts\":\"2025-10-26T15:14:42Z\",\"level\":\"INFO\",\"event\":\"pipeline.contract_ok\",\"stage\":\"pipeline\",\"symbol\":\"BTCUSDT\",\"cid\":\"c_fb57\",\"rid\":\"r_b09d\",\"scope\":\"pipeline\",\"base_window_hours\":72,\"strict_three_day\":true,\"window_end_ms\":1761436800000}", "extra": {"taskName": "starlette.middleware.base.BaseHTTPMiddleware.__call__.<locals>.call_next.<locals>.coro"}}
{"ts": "2025-10-26T15:14:42.148706+00:00", "level": "INFO", "name": "src.services.tracing", "msg": "{\"ts\":\"2025-10-26T15:14:42Z\",\"level\":\"INFO\",\"event\":\"fetch.batch_start\",\"stage\":\"pipeline\",\"symbol\":\"BTCUSDT\",\"cid\":\"c_fb57\",\"rid\":\"r_b09d\",\"scope\":\"summary.1m\",\"window\":{\"from\":1761177600000,\"to\":1761436800000},\"details\":\"collect_recent_summary\"}", "extra": {"taskName": "starlette.middleware.base.BaseHTTPMiddleware.__call__.<locals>.call_next.<locals>.coro"}}
{"ts": "2025-10-26T15:14:42.148797+00:00", "level": "INFO", "name": "src.services.tracing", "msg": "{\"ts\":\"2025-10-26T15:14:42Z\",\"level\":\"INFO\",\"event\":\"collector.start\",\"stage\":\"summary_collect\",\"symbol\":\"BTCUSDT\",\"component\":\"summary_collector\",\"cid\":\"c_fb57\",\"rid\":\"r_b09d\",\"start_ms\":1761177600000,\"end_ms\":1761436800000,\"days\":3}", "extra": {"taskName": "starlette.middleware.base.BaseHTTPMiddleware.__call__.<locals>.call_next.<locals>.coro"}}
{"ts": "2025-10-26T15:14:42.159762+00:00", "level": "INFO", "name": "src.services.tracing", "msg": "{\"ts\":\"2025-10-26T15:14:42Z\",\"level\":\"INFO\",\"event\":\"gaps.detected\",\"stage\":\"summary_collect\",\"symbol\":\"BTCUSDT\",\"component\":\"summary_collector\",\"cid\":\"c_fb57\",\"rid\":\"r_b09d\",\"interval\":\"1m\",\"total\":0,\"merged\":0,\"first_expected\":1761177600000,\"last_closed\":1761436800000}", "extra": {"taskName": "starlette.middleware.base.BaseHTTPMiddleware.__call__.<locals>.call_next.<locals>.coro"}}
{"ts": "2025-10-26T15:14:42.159884+00:00", "level": "INFO", "name": "src.services.tracing", "msg": "{\"ts\":\"2025-10-26T15:14:42Z\",\"level\":\"INFO\",\"event\":\"gaps.merged\",\"stage\":\"summary_collect\",\"symbol\":\"BTCUSDT\",\"component\":\"summary_collector\",\"cid\":\"c_fb57\",\"rid\":\"r_b09d\",\"interval\":\"1m\",\"total\":0,\"merged\":0}", "extra": {"taskName": "starlette.middleware.base.BaseHTTPMiddleware.__call__.<locals>.call_next.<locals>.coro"}}
{"ts": "2025-10-26T15:14:42.159973+00:00", "level": "INFO", "name": "src.services.tracing", "msg": "{\"ts\":\"2025-10-26T15:14:42Z\",\"level\":\"INFO\",\"event\":\"interval.complete\",\"stage\":\"summary_collect\",\"symbol\":\"BTCUSDT\",\"component\":\"summary_collector\",\"cid\":\"c_fb57\",\"rid\":\"r_b09d\",\"interval\":\"1m\",\"written\":0,\"requests\":0}", "extra": {"taskName": "starlette.middleware.base.BaseHTTPMiddleware.__call__.<locals>.call_next.<locals>.coro"}}
{"ts": "2025-10-26T15:14:42.167035+00:00", "level": "INFO", "name": "src.services.tracing", "msg": "{\"ts\":\"2025-10-26T15:14:42Z\",\"level\":\"INFO\",\"event\":\"collector.finished\",\"stage\":\"summary_collect\",\"symbol\":\"BTCUSDT\",\"component\":\"summary_collector\",\"cid\":\"c_fb57\",\"rid\":\"r_b09d\",\"requests\":0,\"written\":0,\"dropped\":0}", "extra": {"taskName": "starlette.middleware.base.BaseHTTPMiddleware.__call__.<locals>.call_next.<locals>.coro"}}
{"ts": "2025-10-26T15:14:42.167162+00:00", "level": "INFO", "name": "src.services.tracing", "msg": "{\"ts\":\"2025-10-26T15:14:42Z\",\"level\":\"INFO\",\"event\":\"fetch.batch_done\",\"stage\":\"pipeline\",\"symbol\":\"BTCUSDT\",\"cid\":\"c_fb57\",\"rid\":\"r_b09d\",\"scope\":\"summary.1m\",\"window\":{\"from\":1761177600000,\"to\":1761436800000},\"metrics\":{\"requests\":0,\"ms\":18.45,\"candles_written\":0},\"details\":\"collect_recent_summary\"}", "extra": {"taskName": "starlette.middleware.base.BaseHTTPMiddleware.__call__.<locals>.call_next.<locals>.coro"}}
{"ts": "2025-10-26T15:14:42.167240+00:00", "level": "INFO", "name": "src.services.tracing", "msg": "{\"ts\":\"2025-10-26T15:14:42Z\",\"level\":\"INFO\",\"event\":\"fetch.batch_start\",\"stage\":\"pipeline\",\"symbol\":\"BTCUSDT\",\"cid\":\"c_fb57\",\"rid\":\"r_b09d\",\"scope\":\"repository.1m\",\"window\":{\"from\":1761177600000,\"to\":1761436800000},\"details\":\"repository.fetch_candles\"}", "extra": {"taskName": "starlette.middleware.base.BaseHTTPMiddleware.__call__.<locals>.call_next.<locals>.coro"}}
{"ts": "2025-10-26T15:14:42.173140+00:00", "level": "INFO", "name": "src.services.tracing", "msg": "{\"ts\":\"2025-10-26T15:14:42Z\",\"level\":\"INFO\",\"event\":\"fetch.batch_done\",\"stage\":\"pipeline\",\"symbol\":\"BTCUSDT\",\"cid\":\"c_fb57\",\"rid\":\"r_b09d\",\"scope\":\"repository.1m\",\"window\":{\"from\":1761177600000,\"to\":1761436800000},\"metrics\":{\"candles\":4321,\"ms\":5.87},\"details\":\"repository.fetch_candles\"}", "extra": {"taskName": "starlette.middleware.base.BaseHTTPMiddleware.__call__.<locals>.call_next.<locals>.coro"}}
{"ts": "2025-10-26T15:14:42.186693+00:00", "level": "INFO", "name": "src.services.ohlc_sanitizer", "msg": "Sanitised candles", "extra": {"taskName": "starlette.middleware.base.BaseHTTPMiddleware.__call__.<locals>.call_next.<locals>.coro", "stage": "rest.1m", "input_count": 4321, "output_count": 4321, "invalid_ts": 0, "invalid_ohlc": 0, "earliest_ms": 1761177600000, "latest_ms": 1761436800000}}
{"ts": "2025-10-26T15:14:42.191982+00:00", "level": "INFO", "name": "src.services.tracing", "msg": "{\"ts\":\"2025-10-26T15:14:42Z\",\"level\":\"INFO\",\"event\":\"pipeline.stage\",\"stage\":\"rollups\",\"symbol\":\"BTCUSDT\",\"cid\":\"c_fb57\",\"rid\":\"r_b09d\",\"label\":\"rollups\",\"status\":\"start\",\"timeframes\":[\"1m\",\"3m\",\"5m\",\"15m\",\"1h\",\"4h\",\"1d\"]}", "extra": {"taskName": "starlette.middleware.base.BaseHTTPMiddleware.__call__.<locals>.call_next.<locals>.coro"}}
{"ts": "2025-10-26T15:14:42.192073+00:00", "level": "INFO", "name": "src.services.check_all_datas", "msg": "pipeline.progress | symbol=BTCUSDT | event=inspection.pipeline.stage | payload={\"label\": \"rollups\", \"stage\": \"rollups\", \"status\": \"start\", \"timeframes\": [\"1m\", \"3m\", \"5m\", \"15m\", \"1h\", \"4h\", \"1d\"]}", "extra": {"taskName": "starlette.middleware.base.BaseHTTPMiddleware.__call__.<locals>.call_next.<locals>.coro"}}
{"ts": "2025-10-26T15:14:42.197107+00:00", "level": "INFO", "name": "src.services.tracing", "msg": "{\"ts\":\"2025-10-26T15:14:42Z\",\"level\":\"INFO\",\"event\":\"availability.checked\",\"stage\":\"ohlcv.multi\",\"symbol\":\"BTCUSDT\",\"cid\":\"c_fb57\",\"rid\":\"r_b09d\",\"scope\":\"ohlcv.1m\",\"window\":{\"from\":1761177660000,\"to\":1761436800000},\"metrics\":{\"expected\":4320,\"present\":4320,\"missing\":0,\"coverage_pct\":100.0}}", "extra": {"taskName": "starlette.middleware.base.BaseHTTPMiddleware.__call__.<locals>.call_next.<locals>.coro"}}
{"ts": "2025-10-26T15:14:42.217820+00:00", "level": "INFO", "name": "src.services.tracing", "msg": "{\"ts\":\"2025-10-26T15:14:42Z\",\"level\":\"INFO\",\"event\":\"pipeline.stage\",\"stage\":\"rollups\",\"symbol\":\"BTCUSDT\",\"cid\":\"c_fb57\",\"rid\":\"r_b09d\",\"label\":\"rollups\",\"status\":\"complete\",\"duration_ms\":25.799,\"bar_counts\":{\"1m\":4320,\"3m\":1441,\"5m\":865,\"15m\":289,\"1h\":73,\"4h\":19,\"1d\":4,\"seed_minutes\":4321},\"agg_counts\":{\"lookback_days\":3},\"completeness\":{\"has_seed\":true,\"source\":\"remote\"}}", "extra": {"taskName": "starlette.middleware.base.BaseHTTPMiddleware.__call__.<locals>.call_next.<locals>.coro"}}
{"ts": "2025-10-26T15:14:42.217974+00:00", "level": "INFO", "name": "src.services.check_all_datas", "msg": "pipeline.progress | symbol=BTCUSDT | event=inspection.pipeline.stage | payload={\"agg_counts\": {\"lookback_days\": 3}, \"bar_counts\": {\"15m\": 289, \"1d\": 4, \"1h\": 73, \"1m\": 4320, \"3m\": 1441, \"4h\": 19, \"5m\": 865, \"seed_minutes\": 4321}, \"completeness\": {\"has_seed\": true, \"source\": \"remote\"}, \"duration_ms\": 25.799, \"label\": \"rollups\", \"stage\": \"rollups\", \"status\": \"complete\"}", "extra": {"taskName": "starlette.middleware.base.BaseHTTPMiddleware.__call__.<locals>.call_next.<locals>.coro"}}
{"ts": "2025-10-26T15:14:42.218086+00:00", "level": "INFO", "name": "src.services.tracing", "msg": "{\"ts\":\"2025-10-26T15:14:42Z\",\"level\":\"INFO\",\"event\":\"pipeline.stage\",\"stage\":\"vwap_tpo\",\"symbol\":\"BTCUSDT\",\"cid\":\"c_fb57\",\"rid\":\"r_b09d\",\"label\":\"vwap/tpo\",\"status\":\"start\",\"sessions\":[\"asia\",\"london\",\"ny\"]}", "extra": {"taskName": "starlette.middleware.base.BaseHTTPMiddleware.__call__.<locals>.call_next.<locals>.coro"}}
{"ts": "2025-10-26T15:14:42.218148+00:00", "level": "INFO", "name": "src.services.check_all_datas", "msg": "pipeline.progress | symbol=BTCUSDT | event=inspection.pipeline.stage | payload={\"label\": \"vwap/tpo\", \"sessions\": [\"asia\", \"london\", \"ny\"], \"stage\": \"vwap_tpo\", \"status\": \"start\"}", "extra": {"taskName": "starlette.middleware.base.BaseHTTPMiddleware.__call__.<locals>.call_next.<locals>.coro"}}
{"ts": "2025-10-26T15:14:42.240399+00:00", "level": "INFO", "name": "src.services.tracing", "msg": "{\"ts\":\"2025-10-26T15:14:42Z\",\"level\":\"INFO\",\"event\":\"pipeline.stage\",\"stage\":\"gaps\",\"symbol\":\"BTCUSDT\",\"cid\":\"c_fb57\",\"rid\":\"r_b09d\",\"label\":\"gaps\",\"status\":\"start\",\"window\":{\"start_ms\":1761177600000,\"end_ms\":1761436740000},\"enforce\":true,\"strict\":true}", "extra": {"taskName": "starlette.middleware.base.BaseHTTPMiddleware.__call__.<locals>.call_next.<locals>.coro"}}
{"ts": "2025-10-26T15:14:42.240565+00:00", "level": "INFO", "name": "src.services.check_all_datas", "msg": "pipeline.progress | symbol=BTCUSDT | event=inspection.pipeline.stage | payload={\"enforce\": true, \"label\": \"gaps\", \"stage\": \"gaps\", \"status\": \"start\", \"strict\": true, \"window\": {\"end_ms\": 1761436740000, \"start_ms\": 1761177600000}}", "extra": {"taskName": "starlette.middleware.base.BaseHTTPMiddleware.__call__.<locals>.call_next.<locals>.coro"}}
{"ts": "2025-10-26T15:14:42.241151+00:00", "level": "INFO", "name": "src.services.tracing", "msg": "{\"ts\":\"2025-10-26T15:14:42Z\",\"level\":\"INFO\",\"event\":\"pipeline.stage\",\"stage\":\"gaps\",\"symbol\":\"BTCUSDT\",\"cid\":\"c_fb57\",\"rid\":\"r_b09d\",\"label\":\"gaps\",\"status\":\"complete\",\"duration_ms\":0.763,\"bar_counts\":{\"expected\":4320,\"missing_before\":0,\"missing_after\":0,\"downloaded\":0},\"agg_counts\":{\"gap_count\":0,\"relaxed\":false},\"completeness\":{\"coverage_before\":1.0,\"coverage_after\":1.0,\"enforced\":true,\"relaxed\":false}}", "extra": {"taskName": "starlette.middleware.base.BaseHTTPMiddleware.__call__.<locals>.call_next.<locals>.coro"}}
{"ts": "2025-10-26T15:14:42.241240+00:00", "level": "INFO", "name": "src.services.check_all_datas", "msg": "pipeline.progress | symbol=BTCUSDT | event=inspection.pipeline.stage | payload={\"agg_counts\": {\"gap_count\": 0, \"relaxed\": false}, \"bar_counts\": {\"downloaded\": 0, \"expected\": 4320, \"missing_after\": 0, \"missing_before\": 0}, \"completeness\": {\"coverage_after\": 1.0, \"coverage_before\": 1.0, \"enforced\": true, \"relaxed\": false}, \"duration_ms\": 0.763, \"label\": \"gaps\", \"stage\": \"gaps\", \"status\": \"complete\"}", "extra": {"taskName": "starlette.middleware.base.BaseHTTPMiddleware.__call__.<locals>.call_next.<locals>.coro"}}
{"ts": "2025-10-26T15:14:42.299003+00:00", "level": "INFO", "name": "src.services.check_all_datas", "msg": "Liquidity module flag", "extra": {"taskName": "starlette.middleware.base.BaseHTTPMiddleware.__call__.<locals>.call_next.<locals>.coro", "symbol": "BTCUSDT", "enabled": false, "strict_three_day": true, "network_backfill": false}}
{"ts": "2025-10-26T15:14:42.299215+00:00", "level": "INFO", "name": "src.services.check_all_datas", "msg": "Liquidity module disabled for strict offline run", "extra": {"taskName": "starlette.middleware.base.BaseHTTPMiddleware.__call__.<locals>.call_next.<locals>.coro", "symbol": "BTCUSDT"}}
{"ts": "2025-10-26T15:14:42.302971+00:00", "level": "INFO", "name": "src.services.check_all_datas", "msg": "Resolved last price for inspection snapshot", "extra": {"taskName": "starlette.middleware.base.BaseHTTPMiddleware.__call__.<locals>.call_next.<locals>.coro", "source": "ohlcv", "tf": "1m", "ts": 1761436800000, "age_sec": 0, "insufficient_reason": null}}
{"ts": "2025-10-26T15:14:42.303206+00:00", "level": "INFO", "name": "src.services.check_all_datas", "msg": "Snapshot age evaluated", "extra": {"taskName": "starlette.middleware.base.BaseHTTPMiddleware.__call__.<locals>.call_next.<locals>.coro", "snapshot_age_sec": 0}}
{"ts": "2025-10-26T15:14:42.303312+00:00", "level": "INFO", "name": "src.services.tracing", "msg": "{\"ts\":\"2025-10-26T15:14:42Z\",\"level\":\"INFO\",\"event\":\"pipeline.stage\",\"stage\":\"zones\",\"symbol\":\"BTCUSDT\",\"cid\":\"c_fb57\",\"rid\":\"r_b09d\",\"label\":\"zones\",\"status\":\"start\",\"availability\":{\"15m\":{\"required\":120,\"adjusted_required\":120,\"available\":288,\"total\":288,\"ok\":true},\"1h\":{\"required\":50,\"adjusted_required\":50,\"available\":72,\"total\":72,\"ok\":true},\"4h\":{\"required\":18,\"adjusted_required\":18,\"available\":18,\"total\":18,\"ok\":true}},\"warmup\":{\"15m\":{\"required\":60,\"adjusted_required\":0,\"actual\":0,\"partial\":false},\"1h\":{\"required\":30,\"adjusted_required\":0,\"actual\":0,\"partial\":false},\"4h\":{\"required\":18,\"adjusted_required\":0,\"actual\":0,\"partial\":false},\"1d\":{\"required\":0,\"adjusted_required\":0,\"actual\":0,\"partial\":false}}}", "extra": {"taskName": "starlette.middleware.base.BaseHTTPMiddleware.__call__.<locals>.call_next.<locals>.coro"}}
{"ts": "2025-10-26T15:14:42.303409+00:00", "level": "INFO", "name": "src.services.check_all_datas", "msg": "pipeline.progress | symbol=BTCUSDT | event=inspection.pipeline.stage | payload={\"availability\": {\"15m\": {\"adjusted_required\": 120, \"available\": 288, \"ok\": true, \"required\": 120, \"total\": 288}, \"1h\": {\"adjusted_required\": 50, \"available\": 72, \"ok\": true, \"required\": 50, \"total\": 72}, \"4h\": {\"adjusted_required\": 18, \"available\": 18, \"ok\": true, \"required\": 18, \"total\": 18}}, \"label\": \"zones\", \"stage\": \"zones\", \"status\": \"start\", \"warmup\": {\"15m\": {\"actual\": 0, \"adjusted_required\": 0, \"partial\": false, \"required\": 60}, \"1d\": {\"actual\": 0, \"adjusted_required\": 0, \"partial\": false, \"required\": 0}, \"1h\": {\"actual\": 0, \"adjusted_required\": 0, \"partial\": false, \"required\": 30}, \"4h\": {\"actual\": 0, \"adjusted_required\": 0, \"partial\": false, \"required\": 18}}}", "extra": {"taskName": "starlette.middleware.base.BaseHTTPMiddleware.__call__.<locals>.call_next.<locals>.coro"}}
{"ts": "2025-10-26T15:14:42.313758+00:00", "level": "INFO", "name": "src.services.tracing", "msg": "{\"ts\":\"2025-10-26T15:14:42Z\",\"level\":\"INFO\",\"event\":\"compute.zones\",\"stage\":\"pipeline\",\"symbol\":\"BTCUSDT\",\"cid\":\"c_fb57\",\"rid\":\"r_b09d\",\"scope\":\"zones\",\"duration_ms\":10.22,\"bars\":4320}", "extra": {"taskName": "starlette.middleware.base.BaseHTTPMiddleware.__call__.<locals>.call_next.<locals>.coro"}}
{"ts": "2025-10-26T15:14:42.314384+00:00", "level": "INFO", "name": "src.services.tracing", "msg": "{\"ts\":\"2025-10-26T15:14:42Z\",\"level\":\"INFO\",\"event\":\"pipeline.stage\",\"stage\":\"zones\",\"symbol\":\"BTCUSDT\",\"cid\":\"c_fb57\",\"rid\":\"r_b09d\",\"label\":\"zones\",\"status\":\"complete\",\"duration_ms\":11.069,\"bar_counts\":{\"fvg\":5,\"fvl\":0,\"ob\":32,\"mb\":10,\"bb\":10,\"rb\":1,\"pb\":0,\"sr\":3,\"profile_levels\":12},\"agg_counts\":{\"focus_counts\":{\"fvg\":5,\"ob\":6}},\"completeness\":{\"availability\":{\"15m\":{\"required\":120,\"adjusted_required\":120,\"available\":288,\"total\":288,\"ok\":true},\"1h\":{\"required\":50,\"adjusted_required\":50,\"available\":72,\"total\":72,\"ok\":true},\"4h\":{\"required\":18,\"adjusted_required\":18,\"available\":18,\"total\":18,\"ok\":true}},\"warmup\":{\"15m\":{\"required\":60,\"adjusted_required\":0,\"actual\":0,\"partial\":false},\"1h\":{\"required\":30,\"adjusted_required\":0,\"actual\":0,\"partial\":false},\"4h\":{\"required\":18,\"adjusted_required\":0,\"actual\":0,\"partial\":false},\"1d\":{\"required\":0,\"adjusted_required\":0,\"actual\":0,\"partial\":false}}}}", "extra": {"taskName": "starlette.middleware.base.BaseHTTPMiddleware.__call__.<locals>.call_next.<locals>.coro"}}
{"ts": "2025-10-26T15:14:42.314486+00:00", "level": "INFO", "name": "src.services.check_all_datas", "msg": "pipeline.progress | symbol=BTCUSDT | event=inspection.pipeline.stage | payload={\"agg_counts\": {\"focus_counts\": {\"fvg\": 5, \"ob\": 6}}, \"bar_counts\": {\"bb\": 10, \"fvg\": 5, \"fvl\": 0, \"mb\": 10, \"ob\": 32, \"pb\": 0, \"profile_levels\": 12, \"rb\": 1, \"sr\": 3}, \"completeness\": {\"availability\": {\"15m\": {\"adjusted_required\": 120, \"available\": 288, \"ok\": true, \"required\": 120, \"total\": 288}, \"1h\": {\"adjusted_required\": 50, \"available\": 72, \"ok\": true, \"required\": 50, \"total\": 72}, \"4h\": {\"adjusted_required\": 18, \"available\": 18, \"ok\": true, \"required\": 18, \"total\": 18}}, \"warmup\": {\"15m\": {\"actual\": 0, \"adjusted_required\": 0, \"partial\": false, \"required\": 60}, \"1d\": {\"actual\": 0, \"adjusted_required\": 0, \"partial\": false, \"required\": 0}, \"1h\": {\"actual\": 0, \"adjusted_required\": 0, \"partial\": false, \"required\": 30}, \"4h\": {\"actual\": 0, \"adjusted_required\": 0, \"partial\": false, \"required\": 18}}}, \"duration_ms\": 11.069, \"label\": \"zones\", \"stage\": \"zones\", \"status\": \"complete\"}", "extra": {"taskName": "starlette.middleware.base.BaseHTTPMiddleware.__call__.<locals>.call_next.<locals>.coro"}}
{"ts": "2025-10-26T15:14:42.314981+00:00", "level": "INFO", "name": "src.services.tracing", "msg": "{\"ts\":\"2025-10-26T15:14:42Z\",\"level\":\"INFO\",\"event\":\"pipeline.stage\",\"stage\":\"delta\",\"symbol\":\"BTCUSDT\",\"cid\":\"c_fb57\",\"rid\":\"r_b09d\",\"label\":\"delta\",\"status\":\"start\",\"window\":{\"start_ms\":1761393600000,\"end_ms\":1761436740000}}", "extra": {"taskName": "starlette.middleware.base.BaseHTTPMiddleware.__call__.<locals>.call_next.<locals>.coro"}}
{"ts": "2025-10-26T15:14:42.315063+00:00", "level": "INFO", "name": "src.services.check_all_datas", "msg": "pipeline.progress | symbol=BTCUSDT | event=inspection.pipeline.stage | payload={\"label\": \"delta\", \"stage\": \"delta\", \"status\": \"start\", \"window\": {\"end_ms\": 1761436740000, \"start_ms\": 1761393600000}}", "extra": {"taskName": "starlette.middleware.base.BaseHTTPMiddleware.__call__.<locals>.call_next.<locals>.coro"}}
{"ts": "2025-10-26T15:14:45.379404+00:00", "level": "INFO", "name": "src.services.tracing", "msg": "{\"ts\":\"2025-10-26T15:14:45Z\",\"level\":\"INFO\",\"event\":\"compute.orderflow\",\"stage\":\"pipeline\",\"symbol\":\"BTCUSDT\",\"cid\":\"c_fb57\",\"rid\":\"r_b09d\",\"scope\":\"orderflow\",\"duration_ms\":3064.18,\"minutes\":4320}", "extra": {"taskName": "starlette.middleware.base.BaseHTTPMiddleware.__call__.<locals>.call_next.<locals>.coro"}}
{"ts": "2025-10-26T15:14:45.379622+00:00", "level": "INFO", "name": "src.services.tracing", "msg": "{\"ts\":\"2025-10-26T15:14:45Z\",\"level\":\"INFO\",\"event\":\"pipeline.stage\",\"stage\":\"delta\",\"symbol\":\"BTCUSDT\",\"cid\":\"c_fb57\",\"rid\":\"r_b09d\",\"label\":\"delta\",\"status\":\"complete\",\"duration_ms\":3064.623,\"bar_counts\":{\"1m\":720,\"3m\":240,\"5m\":144,\"15m\":48,\"1h\":12},\"agg_counts\":{\"1m_raw\":720,\"1m\":720,\"3m\":240,\"5m\":144,\"15m\":48,\"1h\":12},\"completeness\":{\"expected_minutes\":720,\"with_trades\":719,\"missing_minutes\":1,\"gaps\":[{\"from\":1761436740000,\"to\":1761436740000}],\"reconstructed_minutes\":0}}", "extra": {"taskName": "starlette.middleware.base.BaseHTTPMiddleware.__call__.<locals>.call_next.<locals>.coro"}}
{"ts": "2025-10-26T15:14:45.379710+00:00", "level": "INFO", "name": "src.services.check_all_datas", "msg": "pipeline.progress | symbol=BTCUSDT | event=inspection.pipeline.stage | payload={\"agg_counts\": {\"15m\": 48, \"1h\": 12, \"1m\": 720, \"1m_raw\": 720, \"3m\": 240, \"5m\": 144}, \"bar_counts\": {\"15m\": 48, \"1h\": 12, \"1m\": 720, \"3m\": 240, \"5m\": 144}, \"completeness\": {\"expected_minutes\": 720, \"gaps\": [{\"from\": 1761436740000, \"to\": 1761436740000}], \"missing_minutes\": 1, \"reconstructed_minutes\": 0, \"with_trades\": 719}, \"duration_ms\": 3064.623, \"label\": \"delta\", \"stage\": \"delta\", \"status\": \"complete\"}", "extra": {"taskName": "starlette.middleware.base.BaseHTTPMiddleware.__call__.<locals>.call_next.<locals>.coro"}}
{"ts": "2025-10-26T15:14:45.379781+00:00", "level": "INFO", "name": "src.services.tracing", "msg": "{\"ts\":\"2025-10-26T15:14:45Z\",\"level\":\"INFO\",\"event\":\"compute.rollups\",\"stage\":\"pipeline\",\"symbol\":\"BTCUSDT\",\"cid\":\"c_fb57\",\"rid\":\"r_b09d\",\"scope\":\"rollups\",\"frames\":7}", "extra": {"taskName": "starlette.middleware.base.BaseHTTPMiddleware.__call__.<locals>.call_next.<locals>.coro"}}
{"ts": "2025-10-26T15:14:45.419656+00:00", "level": "WARNING", "name": "src.services.tracing", "msg": "{\"ts\":\"2025-10-26T15:14:45Z\",\"level\":\"WARN\",\"event\":\"pipeline.heartbeat\",\"stage\":\"vwap_tpo\",\"symbol\":\"BTCUSDT\",\"cid\":\"c_fb57\",\"rid\":\"r_b09d\",\"duration_ms\":3201.517}", "extra": {"taskName": "Task-47"}}
{"ts": "2025-10-26T15:14:45.419805+00:00", "level": "INFO", "name": "src.services.check_all_datas", "msg": "pipeline.progress | symbol=BTCUSDT | event=inspection.pipeline.heartbeat | payload={\"duration_ms\": 3201.517, \"label\": \"vwap/tpo\", \"stage\": \"vwap_tpo\", \"status\": \"heartbeat\"}", "extra": {"taskName": "Task-47"}}
{"ts": "2025-10-26T15:14:45.434659+00:00", "level": "INFO", "name": "src.services.tracing", "msg": "{\"ts\":\"2025-10-26T15:14:45Z\",\"level\":\"INFO\",\"event\":\"compute.vwap_tpo\",\"stage\":\"pipeline\",\"symbol\":\"BTCUSDT\",\"cid\":\"c_fb57\",\"rid\":\"r_b09d\",\"scope\":\"vwap_tpo.compact\",\"metrics\":{\"bars\":0,\"ms\":14.627},\"windows\":5}", "extra": {"taskName": "starlette.middleware.base.BaseHTTPMiddleware.__call__.<locals>.call_next.<locals>.coro"}}
{"ts": "2025-10-26T15:14:45.441127+00:00", "level": "INFO", "name": "src.services.tracing", "msg": "{\"ts\":\"2025-10-26T15:14:45Z\",\"level\":\"INFO\",\"event\":\"pipeline.stage\",\"stage\":\"vwap_tpo\",\"symbol\":\"BTCUSDT\",\"cid\":\"c_fb57\",\"rid\":\"r_b09d\",\"label\":\"vwap/tpo\",\"status\":\"complete\",\"duration_ms\":3223.015,\"bar_counts\":{\"asia\":120,\"london\":0,\"ny\":0},\"agg_counts\":{\"sessions\":3},\"completeness\":{\"asia\":{\"status\":\"partial\",\"coverage_ratio\":0.5},\"london\":{\"status\":\"empty\",\"coverage_ratio\":0.0},\"ny\":{\"status\":\"empty\",\"coverage_ratio\":0.0}}}", "extra": {"taskName": "starlette.middleware.base.BaseHTTPMiddleware.__call__.<locals>.call_next.<locals>.coro"}}
{"ts": "2025-10-26T15:14:45.441234+00:00", "level": "INFO", "name": "src.services.check_all_datas", "msg": "pipeline.progress | symbol=BTCUSDT | event=inspection.pipeline.stage | payload={\"agg_counts\": {\"sessions\": 3}, \"bar_counts\": {\"asia\": 120, \"london\": 0, \"ny\": 0}, \"completeness\": {\"asia\": {\"coverage_ratio\": 0.5, \"status\": \"partial\"}, \"london\": {\"coverage_ratio\": 0.0, \"status\": \"empty\"}, \"ny\": {\"coverage_ratio\": 0.0, \"status\": \"empty\"}}, \"duration_ms\": 3223.015, \"label\": \"vwap/tpo\", \"stage\": \"vwap_tpo\", \"status\": \"complete\"}", "extra": {"taskName": "starlette.middleware.base.BaseHTTPMiddleware.__call__.<locals>.call_next.<locals>.coro"}}
{"ts": "2025-10-26T15:14:45.441306+00:00", "level": "INFO", "name": "src.services.tracing", "msg": "{\"ts\":\"2025-10-26T15:14:45Z\",\"level\":\"INFO\",\"event\":\"compute.vwap_tpo\",\"stage\":\"pipeline\",\"symbol\":\"BTCUSDT\",\"cid\":\"c_fb57\",\"rid\":\"r_b09d\",\"scope\":\"vwap_tpo\",\"sessions\":3}", "extra": {"taskName": "starlette.middleware.base.BaseHTTPMiddleware.__call__.<locals>.call_next.<locals>.coro"}}
{"ts": "2025-10-26T15:14:45.448363+00:00", "level": "INFO", "name": "src.services.tracing", "msg": "{\"ts\":\"2025-10-26T15:14:45Z\",\"level\":\"INFO\",\"event\":\"compute.poi.topN\",\"stage\":\"pipeline\",\"symbol\":\"BTCUSDT\",\"cid\":\"c_fb57\",\"rid\":\"r_b09d\",\"scope\":\"zones\",\"counts\":{\"fvg\":5,\"fvl\":0,\"ob\":32,\"mb\":10,\"bb\":10,\"rb\":1,\"pb\":0,\"sr\":3,\"profile_levels\":12}}", "extra": {"taskName": "starlette.middleware.base.BaseHTTPMiddleware.__call__.<locals>.call_next.<locals>.coro"}}
{"ts": "2025-10-26T15:14:45.448539+00:00", "level": "INFO", "name": "src.services.tracing", "msg": "{\"ts\":\"2025-10-26T15:14:45Z\",\"level\":\"INFO\",\"event\":\"pipeline.stage\",\"stage\":\"vitrines\",\"symbol\":\"BTCUSDT\",\"cid\":\"c_fb57\",\"rid\":\"r_b09d\",\"label\":\"vitrines\",\"status\":\"start\"}", "extra": {"taskName": "starlette.middleware.base.BaseHTTPMiddleware.__call__.<locals>.call_next.<locals>.coro"}}
{"ts": "2025-10-26T15:14:45.448620+00:00", "level": "INFO", "name": "src.services.check_all_datas", "msg": "pipeline.progress | symbol=BTCUSDT | event=inspection.pipeline.stage | payload={\"label\": \"vitrines\", \"stage\": \"vitrines\", \"status\": \"start\"}", "extra": {"taskName": "starlette.middleware.base.BaseHTTPMiddleware.__call__.<locals>.call_next.<locals>.coro"}}
{"ts": "2025-10-26T15:14:45.448927+00:00", "level": "INFO", "name": "src.services.tracing", "msg": "{\"ts\":\"2025-10-26T15:14:45Z\",\"level\":\"INFO\",\"event\":\"pipeline.stage\",\"stage\":\"vitrines\",\"symbol\":\"BTCUSDT\",\"cid\":\"c_fb57\",\"rid\":\"r_b09d\",\"label\":\"vitrines\",\"status\":\"complete\",\"duration_ms\":0.36,\"bar_counts\":{\"A\":11,\"B\":3},\"agg_counts\":{\"diagnostics\":{\"A\":{\"missing_modules\":[],\"reason_flags\":[],\"validation_errors\":[]},\"B\":{\"missing_modules\":[\"liquidity.sweeps\"],\"reason_flags\":[\"sweeps_missing\"],\"validation_errors\":[],\"fresh_counts\":{\"fvg\":0,\"ob\":6},\"delta_15m\":-339.95200000000006,\"cvd_agg\":-339.95199999999977,\"sweeps_sample\":0}}},\"completeness\":{\"A\":{\"window_hours\":72,\"counts\":{\"fvg\":5,\"ob\":6},\"open_entries\":11,\"has_last_price\":true,\"missing_modules\":[],\"valid\":true,\"validation_errors\":[]},\"B\":{\"sessions\":{\"asia\":true,\"london\":true,\"ny\":true},\"missing_modules\":[\"liquidity.sweeps\"],\"has_delta_15m\":true,\"has_cvd\":true,\"has_sweeps\":false,\"fresh_intraday\":{\"fvg\":0,\"ob\":6},\"valid\":true,\"validation_errors\":[]}}}", "extra": {"taskName": "starlette.middleware.base.BaseHTTPMiddleware.__call__.<locals>.call_next.<locals>.coro"}}
{"ts": "2025-10-26T15:14:45.449059+00:00", "level": "INFO", "name": "src.services.check_all_datas", "msg": "pipeline.progress | symbol=BTCUSDT | event=inspection.pipeline.stage | payload={\"agg_counts\": {\"diagnostics\": {\"A\": {\"missing_modules\": [], \"reason_flags\": [], \"validation_errors\": []}, \"B\": {\"cvd_agg\": -339.95199999999977, \"delta_15m\": -339.95200000000006, \"fresh_counts\": {\"fvg\": 0, \"ob\": 6}, \"missing_modules\": [\"liquidity.sweeps\"], \"reason_flags\": [\"sweeps_missing\"], \"sweeps_sample\": 0, \"validation_errors\": []}}}, \"bar_counts\": {\"A\": 11, \"B\": 3}, \"completeness\": {\"A\": {\"counts\": {\"fvg\": 5, \"ob\": 6}, \"has_last_price\": true, \"missing_modules\": [], \"open_entries\": 11, \"valid\": true, \"validation_errors\": [], \"window_hours\": 72}, \"B\": {\"fresh_intraday\": {\"fvg\": 0, \"ob\": 6}, \"has_cvd\": true, \"has_delta_15m\": true, \"has_sweeps\": false, \"missing_modules\": [\"liquidity.sweeps\"], \"sessions\": {\"asia\": true, \"london\": true, \"ny\": true}, \"valid\": true, \"validation_errors\": []}}, \"duration_ms\": 0.36, \"label\": \"vitrines\", \"stage\": \"vitrines\", \"status\": \"complete\"}", "extra": {"taskName": "starlette.middleware.base.BaseHTTPMiddleware.__call__.<locals>.call_next.<locals>.coro"}}
{"ts": "2025-10-26T15:14:45.449155+00:00", "level": "INFO", "name": "src.services.tracing", "msg": "{\"ts\":\"2025-10-26T15:14:45Z\",\"level\":\"INFO\",\"event\":\"availability.checked\",\"stage\":\"pipeline\",\"symbol\":\"BTCUSDT\",\"cid\":\"c_fb57\",\"rid\":\"r_b09d\",\"scope\":\"payload\",\"blocks\":[\"timeframes\"]}", "extra": {"taskName": "starlette.middleware.base.BaseHTTPMiddleware.__call__.<locals>.call_next.<locals>.coro"}}
{"ts": "2025-10-26T15:14:45.449632+00:00", "level": "INFO", "name": "src.services.check_all_datas", "msg": "Missing fields detected", "extra": {"taskName": "starlette.middleware.base.BaseHTTPMiddleware.__call__.<locals>.call_next.<locals>.coro", "missing_fields": ["orderflow.footprint", "vwap_tpo.sessions.london.ib_high", "vwap_tpo.sessions.london.ib_low", "vwap_tpo.sessions.london.poc", "vwap_tpo.sessions.london.vah", "vwap_tpo.sessions.london.val", "vwap_tpo.sessions.ny.ib_high", "vwap_tpo.sessions.ny.ib_low", "vwap_tpo.sessions.ny.poc", "vwap_tpo.sessions.ny.vah", "vwap_tpo.sessions.ny.val", "zones.fvl", "zones.pb", "zones.recent"]}}
{"ts": "2025-10-26T15:14:45.462560+00:00", "level": "INFO", "name": "src.services.tracing", "msg": "{\"ts\":\"2025-10-26T15:14:45Z\",\"level\":\"INFO\",\"event\":\"output.prepare_payload\",\"stage\":\"pipeline\",\"symbol\":\"BTCUSDT\",\"cid\":\"c_fb57\",\"rid\":\"r_b09d\",\"scope\":\"output\",\"status\":\"ready\",\"missing_fields\":14}", "extra": {"taskName": "starlette.middleware.base.BaseHTTPMiddleware.__call__.<locals>.call_next.<locals>.coro"}}
{"ts": "2025-10-26T15:14:45.477464+00:00", "level": "INFO", "name": "src.services.tracing", "msg": "{\"ts\":\"2025-10-26T15:14:45Z\",\"level\":\"INFO\",\"event\":\"output.publish\",\"stage\":\"pipeline\",\"symbol\":\"BTCUSDT\",\"cid\":\"c_fb57\",\"rid\":\"r_b09d\",\"scope\":\"output\",\"status\":\"ready\",\"size_bytes\":1190242}", "extra": {"taskName": "starlette.middleware.base.BaseHTTPMiddleware.__call__.<locals>.call_next.<locals>.coro"}}
{"ts": "2025-10-26T15:14:45.477604+00:00", "level": "INFO", "name": "src.services.tracing", "msg": "{\"ts\":\"2025-10-26T15:14:45Z\",\"level\":\"INFO\",\"event\":\"pipeline.done\",\"stage\":\"pipeline\",\"symbol\":\"BTCUSDT\",\"cid\":\"c_fb57\",\"rid\":\"r_b09d\",\"scope\":\"pipeline\",\"status\":\"ready\",\"fetch_ms\":18.45,\"db_ms\":5.87,\"compute_ms\":3290.07,\"serialize_ms\":14.12,\"size_bytes\":1190242}", "extra": {"taskName": "starlette.middleware.base.BaseHTTPMiddleware.__call__.<locals>.call_next.<locals>.coro"}}
{"ts": "2025-10-26T15:14:45.541910+00:00", "level": "INFO", "name": "src.services.check_all_datas", "msg": "pipeline.run.complete | symbol=BTCUSDT | status=ready", "extra": {"taskName": "starlette.middleware.base.BaseHTTPMiddleware.__call__.<locals>.call_next.<locals>.coro"}}
{"ts": "2025-10-26T15:20:03.901685+00:00", "level": "INFO", "name": "src.api.app", "msg": "app.bootstrap.begin", "extra": {"taskName": "Task-2", "symbols": ["BTCUSDT"], "days": 3, "timeout": 600.0}}
{"ts": "2025-10-26T15:20:03.902316+00:00", "level": "INFO", "name": "src.api.app", "msg": "app.bootstrap.vision_ingest.start", "extra": {"taskName": "Task-2", "symbol": "BTCUSDT", "days": 3, "start_ms": 1761232803902, "end_ms": 1761492003902}}
{"ts": "2025-10-26T15:20:03.902688+00:00", "level": "INFO", "name": "src.services.vision_ingest", "msg": "vision.ingest.start | symbol=BTCUSDT | start_ms=1761232803902 | end_ms=1761492003902 | datasets=['klines'] | intervals=('1m',) | days=['2025-10-23', '2025-10-24', '2025-10-25']", "extra": {"taskName": "Task-2"}}
{"ts": "2025-10-26T15:20:03.937391+00:00", "level": "INFO", "name": "src.services.vision_ingest", "msg": "vision.ingest.task.start | symbol=BTCUSDT | dataset=klines | day=2025-10-23 | interval=1m", "extra": {"taskName": "Task-2"}}
{"ts": "2025-10-26T15:20:04.734650+00:00", "level": "INFO", "name": "httpx", "msg": "HTTP Request: GET https://data.binance.vision/data/futures/um/daily/klines/BTCUSDT/1m/BTCUSDT-1m-2025-10-23.zip \"HTTP/1.1 200 OK\"", "extra": {"taskName": "Task-2"}}
{"ts": "2025-10-26T15:20:05.007450+00:00", "level": "INFO", "name": "src.services.ohlc_sanitizer", "msg": "Sanitised candles", "extra": {"taskName": "Task-2", "stage": "vision.klines.seed", "input_count": 1440, "output_count": 1440, "invalid_ts": 0, "invalid_ohlc": 0, "earliest_ms": 1761177600000, "latest_ms": 1761263940000}}
{"ts": "2025-10-26T15:20:05.023514+00:00", "level": "INFO", "name": "src.services.vision_ingest", "msg": "vision.ingest.task.complete | symbol=BTCUSDT | dataset=klines | day=2025-10-23 | interval=1m | records=1440 | inserted=1440", "extra": {"taskName": "Task-2"}}
{"ts": "2025-10-26T15:20:05.023798+00:00", "level": "INFO", "name": "src.services.vision_ingest", "msg": "vision.ingest.task.start | symbol=BTCUSDT | dataset=klines | day=2025-10-24 | interval=1m", "extra": {"taskName": "Task-2"}}
{"ts": "2025-10-26T15:20:05.750359+00:00", "level": "INFO", "name": "httpx", "msg": "HTTP Request: GET https://data.binance.vision/data/futures/um/daily/klines/BTCUSDT/1m/BTCUSDT-1m-2025-10-24.zip \"HTTP/1.1 200 OK\"", "extra": {"taskName": "Task-2"}}
{"ts": "2025-10-26T15:20:06.020287+00:00", "level": "INFO", "name": "src.services.ohlc_sanitizer", "msg": "Sanitised candles", "extra": {"taskName": "Task-2", "stage": "vision.klines.seed", "input_count": 1440, "output_count": 1440, "invalid_ts": 0, "invalid_ohlc": 0, "earliest_ms": 1761264000000, "latest_ms": 1761350340000}}
{"ts": "2025-10-26T15:20:06.035758+00:00", "level": "INFO", "name": "src.services.vision_ingest", "msg": "vision.ingest.task.complete | symbol=BTCUSDT | dataset=klines | day=2025-10-24 | interval=1m | records=1440 | inserted=1440", "extra": {"taskName": "Task-2"}}
{"ts": "2025-10-26T15:20:06.036003+00:00", "level": "INFO", "name": "src.services.vision_ingest", "msg": "vision.ingest.task.start | symbol=BTCUSDT | dataset=klines | day=2025-10-25 | interval=1m", "extra": {"taskName": "Task-2"}}
{"ts": "2025-10-26T15:20:06.311103+00:00", "level": "INFO", "name": "httpx", "msg": "HTTP Request: GET https://data.binance.vision/data/futures/um/daily/klines/BTCUSDT/1m/BTCUSDT-1m-2025-10-25.zip \"HTTP/1.1 200 OK\"", "extra": {"taskName": "Task-2"}}
{"ts": "2025-10-26T15:20:06.574241+00:00", "level": "INFO", "name": "src.services.ohlc_sanitizer", "msg": "Sanitised candles", "extra": {"taskName": "Task-2", "stage": "vision.klines.seed", "input_count": 1440, "output_count": 1440, "invalid_ts": 0, "invalid_ohlc": 0, "earliest_ms": 1761350400000, "latest_ms": 1761436740000}}
{"ts": "2025-10-26T15:20:06.589589+00:00", "level": "INFO", "name": "src.services.vision_ingest", "msg": "vision.ingest.task.complete | symbol=BTCUSDT | dataset=klines | day=2025-10-25 | interval=1m | records=1440 | inserted=1440", "extra": {"taskName": "Task-2"}}
{"ts": "2025-10-26T15:20:06.590166+00:00", "level": "INFO", "name": "src.services.vision_ingest", "msg": "vision.ingest.complete | symbol=BTCUSDT | status=ok | errors=0 | missing=0", "extra": {"taskName": "Task-2"}}
{"ts": "2025-10-26T15:20:06.590919+00:00", "level": "INFO", "name": "src.api.app", "msg": "app.bootstrap.vision_ingest.complete", "extra": {"taskName": "Task-2", "symbol": "BTCUSDT", "status": "ok", "days": 3, "inserted": 4320}}
{"ts": "2025-10-26T15:20:06.591063+00:00", "level": "INFO", "name": "src.common.config", "msg": "config.loaded", "extra": {"taskName": "Task-2", "offline": false, "ingest_policy": "LOCAL_THEN_REMOTE", "fixture_dirs": ["tests/fixtures", "fixtures", "cache/vision"], "data_dir": "./data", "duckdb_path": "./meta/index.duckdb", "market": "um"}}
{"ts": "2025-10-26T15:20:06.602279+00:00", "level": "INFO", "name": "src.services.inspection_cache_service", "msg": "inspection.cache.ensure.start", "extra": {"taskName": "Task-2", "symbol": "BTCUSDT", "days": 3, "target_days": ["2025-10-25", "2025-10-24", "2025-10-23"], "network_backfill": true}}
{"ts": "2025-10-26T15:20:06.621223+00:00", "level": "INFO", "name": "src.services.inspection_cache_service", "msg": "inspection.cache.ensure.hit", "extra": {"taskName": "Task-2", "symbol": "BTCUSDT", "day": "2025-10-23", "minutes_found": 0, "minutes_expected": 1440}}
{"ts": "2025-10-26T15:20:06.629324+00:00", "level": "INFO", "name": "src.services.inspection_cache_service", "msg": "inspection.cache.ensure.hit", "extra": {"taskName": "Task-2", "symbol": "BTCUSDT", "day": "2025-10-24", "minutes_found": 0, "minutes_expected": 1440}}
{"ts": "2025-10-26T15:20:06.636732+00:00", "level": "INFO", "name": "src.services.inspection_cache_service", "msg": "inspection.cache.ensure.hit", "extra": {"taskName": "Task-2", "symbol": "BTCUSDT", "day": "2025-10-25", "minutes_found": 0, "minutes_expected": 1440}}
{"ts": "2025-10-26T15:20:06.636833+00:00", "level": "INFO", "name": "src.services.inspection_cache_service", "msg": "inspection.cache.ensure.complete", "extra": {"taskName": "Task-2", "symbol": "BTCUSDT", "status": "warm", "days": 3}}
{"ts": "2025-10-26T15:20:06.636984+00:00", "level": "INFO", "name": "src.services.tracing", "msg": "{\"ts\":\"2025-10-26T15:20:06Z\",\"level\":\"INFO\",\"event\":\"pipeline.start\",\"stage\":\"summary\",\"symbol\":\"BTCUSDT\",\"cid\":\"c_246b\",\"rid\":\"r_e752\",\"window_hours\":72,\"mode\":\"summary\"}", "extra": {"taskName": "Task-2"}}
{"ts": "2025-10-26T15:20:06.644026+00:00", "level": "INFO", "name": "src.services.inspection_cache_service", "msg": "inspection.cache.ensure.start", "extra": {"taskName": "Task-2", "symbol": "BTCUSDT", "days": 3, "target_days": ["2025-10-25", "2025-10-24", "2025-10-23"], "network_backfill": false}}
{"ts": "2025-10-26T15:20:06.659796+00:00", "level": "INFO", "name": "src.services.inspection_cache_service", "msg": "inspection.cache.ensure.hit", "extra": {"taskName": "Task-2", "symbol": "BTCUSDT", "day": "2025-10-23", "minutes_found": 0, "minutes_expected": 1440}}
{"ts": "2025-10-26T15:20:06.667257+00:00", "level": "INFO", "name": "src.services.inspection_cache_service", "msg": "inspection.cache.ensure.hit", "extra": {"taskName": "Task-2", "symbol": "BTCUSDT", "day": "2025-10-24", "minutes_found": 0, "minutes_expected": 1440}}
{"ts": "2025-10-26T15:20:06.675374+00:00", "level": "INFO", "name": "src.services.inspection_cache_service", "msg": "inspection.cache.ensure.hit", "extra": {"taskName": "Task-2", "symbol": "BTCUSDT", "day": "2025-10-25", "minutes_found": 0, "minutes_expected": 1440}}
{"ts": "2025-10-26T15:20:06.675539+00:00", "level": "INFO", "name": "src.services.inspection_cache_service", "msg": "inspection.cache.ensure.complete", "extra": {"taskName": "Task-2", "symbol": "BTCUSDT", "status": "warm", "days": 3}}
{"ts": "2025-10-26T15:20:06.675688+00:00", "level": "INFO", "name": "src.services.inspection_cache_service", "msg": "inspection.cache.seed.built", "extra": {"taskName": "Task-2", "timeframes": ["15m", "1d", "1h", "1m", "3m", "4h", "5m"], "minutes_found": 0, "minutes_expected": 4320, "coverage_pct": 0.0}}
{"ts": "2025-10-26T15:20:06.675843+00:00", "level": "INFO", "name": "src.services.check_all_datas", "msg": "pipeline.run.start | symbol=BTCUSDT | window_hours=72 | hours=None | strict_window=True | network_backfill=False | timeout=180.0", "extra": {"taskName": "Task-2"}}
{"ts": "2025-10-26T15:20:06.676204+00:00", "level": "INFO", "name": "src.services.ohlc_sanitizer", "msg": "Sanitised candles", "extra": {"taskName": "Task-2", "stage": "seed.1m", "input_count": 0, "output_count": 0, "invalid_ts": 0, "invalid_ohlc": 0, "earliest_ms": null, "latest_ms": null}}
{"ts": "2025-10-26T15:20:06.676322+00:00", "level": "INFO", "name": "src.services.tracing", "msg": "{\"ts\":\"2025-10-26T15:20:06Z\",\"level\":\"INFO\",\"event\":\"ui.click_received\",\"stage\":\"pipeline\",\"symbol\":\"BTCUSDT\",\"cid\":\"c_246b\",\"rid\":\"r_e752\",\"scope\":\"ui\",\"strict_window\":true,\"network_backfill\":false,\"minute_backfill_enabled\":false}", "extra": {"taskName": "Task-2"}}
{"ts": "2025-10-26T15:20:06.676435+00:00", "level": "INFO", "name": "src.services.tracing", "msg": "{\"ts\":\"2025-10-26T15:20:06Z\",\"level\":\"INFO\",\"event\":\"pipeline.start\",\"stage\":\"pipeline\",\"symbol\":\"BTCUSDT\",\"cid\":\"c_246b\",\"rid\":\"r_e752\",\"scope\":\"pipeline\",\"strict_window\":true,\"network_backfill\":false,\"minute_backfill_enabled\":false}", "extra": {"taskName": "Task-2"}}
{"ts": "2025-10-26T15:20:06.676520+00:00", "level": "INFO", "name": "src.services.tracing", "msg": "{\"ts\":\"2025-10-26T15:20:06Z\",\"level\":\"INFO\",\"event\":\"pipeline.contract_ok\",\"stage\":\"pipeline\",\"symbol\":\"BTCUSDT\",\"cid\":\"c_246b\",\"rid\":\"r_e752\",\"scope\":\"pipeline\",\"base_window_hours\":72,\"strict_three_day\":true,\"window_end_ms\":1761436800000}", "extra": {"taskName": "Task-2"}}
{"ts": "2025-10-26T15:20:06.676633+00:00", "level": "INFO", "name": "src.services.tracing", "msg": "{\"ts\":\"2025-10-26T15:20:06Z\",\"level\":\"INFO\",\"event\":\"fetch.batch_start\",\"stage\":\"pipeline\",\"symbol\":\"BTCUSDT\",\"cid\":\"c_246b\",\"rid\":\"r_e752\",\"scope\":\"summary.1m\",\"window\":{\"from\":1761177600000,\"to\":1761436800000},\"details\":\"collect_recent_summary\"}", "extra": {"taskName": "Task-2"}}
{"ts": "2025-10-26T15:20:06.676711+00:00", "level": "INFO", "name": "src.services.tracing", "msg": "{\"ts\":\"2025-10-26T15:20:06Z\",\"level\":\"INFO\",\"event\":\"collector.start\",\"stage\":\"summary_collect\",\"symbol\":\"BTCUSDT\",\"component\":\"summary_collector\",\"cid\":\"c_246b\",\"rid\":\"r_e752\",\"start_ms\":1761177600000,\"end_ms\":1761436800000,\"days\":3}", "extra": {"taskName": "Task-2"}}
{"ts": "2025-10-26T15:20:06.681033+00:00", "level": "INFO", "name": "src.services.tracing", "msg": "{\"ts\":\"2025-10-26T15:20:06Z\",\"level\":\"INFO\",\"event\":\"gaps.detected\",\"stage\":\"summary_collect\",\"symbol\":\"BTCUSDT\",\"component\":\"summary_collector\",\"cid\":\"c_246b\",\"rid\":\"r_e752\",\"interval\":\"1m\",\"total\":0,\"merged\":0,\"first_expected\":1761177600000,\"last_closed\":1761436800000}", "extra": {"taskName": "Task-2"}}
{"ts": "2025-10-26T15:20:06.681147+00:00", "level": "INFO", "name": "src.services.tracing", "msg": "{\"ts\":\"2025-10-26T15:20:06Z\",\"level\":\"INFO\",\"event\":\"gaps.merged\",\"stage\":\"summary_collect\",\"symbol\":\"BTCUSDT\",\"component\":\"summary_collector\",\"cid\":\"c_246b\",\"rid\":\"r_e752\",\"interval\":\"1m\",\"total\":0,\"merged\":0}", "extra": {"taskName": "Task-2"}}
{"ts": "2025-10-26T15:20:06.681251+00:00", "level": "INFO", "name": "src.services.tracing", "msg": "{\"ts\":\"2025-10-26T15:20:06Z\",\"level\":\"INFO\",\"event\":\"interval.complete\",\"stage\":\"summary_collect\",\"symbol\":\"BTCUSDT\",\"component\":\"summary_collector\",\"cid\":\"c_246b\",\"rid\":\"r_e752\",\"interval\":\"1m\",\"written\":0,\"requests\":0}", "extra": {"taskName": "Task-2"}}
{"ts": "2025-10-26T15:20:06.687521+00:00", "level": "INFO", "name": "src.services.tracing", "msg": "{\"ts\":\"2025-10-26T15:20:06Z\",\"level\":\"INFO\",\"event\":\"collector.finished\",\"stage\":\"summary_collect\",\"symbol\":\"BTCUSDT\",\"component\":\"summary_collector\",\"cid\":\"c_246b\",\"rid\":\"r_e752\",\"requests\":0,\"written\":0,\"dropped\":0}", "extra": {"taskName": "Task-2"}}
{"ts": "2025-10-26T15:20:06.687639+00:00", "level": "INFO", "name": "src.services.tracing", "msg": "{\"ts\":\"2025-10-26T15:20:06Z\",\"level\":\"INFO\",\"event\":\"fetch.batch_done\",\"stage\":\"pipeline\",\"symbol\":\"BTCUSDT\",\"cid\":\"c_246b\",\"rid\":\"r_e752\",\"scope\":\"summary.1m\",\"window\":{\"from\":1761177600000,\"to\":1761436800000},\"metrics\":{\"requests\":0,\"ms\":11.0,\"candles_written\":0},\"details\":\"collect_recent_summary\"}", "extra": {"taskName": "Task-2"}}
{"ts": "2025-10-26T15:20:06.687722+00:00", "level": "INFO", "name": "src.services.tracing", "msg": "{\"ts\":\"2025-10-26T15:20:06Z\",\"level\":\"INFO\",\"event\":\"fetch.batch_start\",\"stage\":\"pipeline\",\"symbol\":\"BTCUSDT\",\"cid\":\"c_246b\",\"rid\":\"r_e752\",\"scope\":\"repository.1m\",\"window\":{\"from\":1761177600000,\"to\":1761436800000},\"details\":\"repository.fetch_candles\"}", "extra": {"taskName": "Task-2"}}
{"ts": "2025-10-26T15:20:06.694433+00:00", "level": "INFO", "name": "src.services.tracing", "msg": "{\"ts\":\"2025-10-26T15:20:06Z\",\"level\":\"INFO\",\"event\":\"fetch.batch_done\",\"stage\":\"pipeline\",\"symbol\":\"BTCUSDT\",\"cid\":\"c_246b\",\"rid\":\"r_e752\",\"scope\":\"repository.1m\",\"window\":{\"from\":1761177600000,\"to\":1761436800000},\"metrics\":{\"candles\":4321,\"ms\":6.7},\"details\":\"repository.fetch_candles\"}", "extra": {"taskName": "Task-2"}}
{"ts": "2025-10-26T15:20:06.708565+00:00", "level": "INFO", "name": "src.services.ohlc_sanitizer", "msg": "Sanitised candles", "extra": {"taskName": "Task-2", "stage": "rest.1m", "input_count": 4321, "output_count": 4321, "invalid_ts": 0, "invalid_ohlc": 0, "earliest_ms": 1761177600000, "latest_ms": 1761436800000}}
{"ts": "2025-10-26T15:20:06.715118+00:00", "level": "INFO", "name": "src.services.tracing", "msg": "{\"ts\":\"2025-10-26T15:20:06Z\",\"level\":\"INFO\",\"event\":\"pipeline.stage\",\"stage\":\"rollups\",\"symbol\":\"BTCUSDT\",\"cid\":\"c_246b\",\"rid\":\"r_e752\",\"label\":\"rollups\",\"status\":\"start\",\"timeframes\":[\"1m\",\"3m\",\"5m\",\"15m\",\"1h\",\"4h\",\"1d\"]}", "extra": {"taskName": "Task-2"}}
{"ts": "2025-10-26T15:20:06.715219+00:00", "level": "INFO", "name": "src.services.check_all_datas", "msg": "pipeline.progress | symbol=BTCUSDT | event=inspection.pipeline.stage | payload={\"label\": \"rollups\", \"stage\": \"rollups\", \"status\": \"start\", \"timeframes\": [\"1m\", \"3m\", \"5m\", \"15m\", \"1h\", \"4h\", \"1d\"]}", "extra": {"taskName": "Task-2"}}
{"ts": "2025-10-26T15:20:06.719913+00:00", "level": "INFO", "name": "src.services.tracing", "msg": "{\"ts\":\"2025-10-26T15:20:06Z\",\"level\":\"INFO\",\"event\":\"availability.checked\",\"stage\":\"ohlcv.multi\",\"symbol\":\"BTCUSDT\",\"cid\":\"c_246b\",\"rid\":\"r_e752\",\"scope\":\"ohlcv.1m\",\"window\":{\"from\":1761177660000,\"to\":1761436800000},\"metrics\":{\"expected\":4320,\"present\":4320,\"missing\":0,\"coverage_pct\":100.0}}", "extra": {"taskName": "Task-2"}}
{"ts": "2025-10-26T15:20:06.741955+00:00", "level": "INFO", "name": "src.services.tracing", "msg": "{\"ts\":\"2025-10-26T15:20:06Z\",\"level\":\"INFO\",\"event\":\"pipeline.stage\",\"stage\":\"rollups\",\"symbol\":\"BTCUSDT\",\"cid\":\"c_246b\",\"rid\":\"r_e752\",\"label\":\"rollups\",\"status\":\"complete\",\"duration_ms\":26.811,\"bar_counts\":{\"1m\":4320,\"3m\":1441,\"5m\":865,\"15m\":289,\"1h\":73,\"4h\":19,\"1d\":4,\"seed_minutes\":4321},\"agg_counts\":{\"lookback_days\":3},\"completeness\":{\"has_seed\":true,\"source\":\"remote\"}}", "extra": {"taskName": "Task-2"}}
{"ts": "2025-10-26T15:20:06.742130+00:00", "level": "INFO", "name": "src.services.check_all_datas", "msg": "pipeline.progress | symbol=BTCUSDT | event=inspection.pipeline.stage | payload={\"agg_counts\": {\"lookback_days\": 3}, \"bar_counts\": {\"15m\": 289, \"1d\": 4, \"1h\": 73, \"1m\": 4320, \"3m\": 1441, \"4h\": 19, \"5m\": 865, \"seed_minutes\": 4321}, \"completeness\": {\"has_seed\": true, \"source\": \"remote\"}, \"duration_ms\": 26.811, \"label\": \"rollups\", \"stage\": \"rollups\", \"status\": \"complete\"}", "extra": {"taskName": "Task-2"}}
{"ts": "2025-10-26T15:20:06.742299+00:00", "level": "INFO", "name": "src.services.tracing", "msg": "{\"ts\":\"2025-10-26T15:20:06Z\",\"level\":\"INFO\",\"event\":\"pipeline.stage\",\"stage\":\"vwap_tpo\",\"symbol\":\"BTCUSDT\",\"cid\":\"c_246b\",\"rid\":\"r_e752\",\"label\":\"vwap/tpo\",\"status\":\"start\",\"sessions\":[\"asia\",\"london\",\"ny\"]}", "extra": {"taskName": "Task-2"}}
{"ts": "2025-10-26T15:20:06.742365+00:00", "level": "INFO", "name": "src.services.check_all_datas", "msg": "pipeline.progress | symbol=BTCUSDT | event=inspection.pipeline.stage | payload={\"label\": \"vwap/tpo\", \"sessions\": [\"asia\", \"london\", \"ny\"], \"stage\": \"vwap_tpo\", \"status\": \"start\"}", "extra": {"taskName": "Task-2"}}
{"ts": "2025-10-26T15:20:07.124356+00:00", "level": "INFO", "name": "src.services.tracing", "msg": "{\"ts\":\"2025-10-26T15:20:07Z\",\"level\":\"INFO\",\"event\":\"pipeline.stage\",\"stage\":\"gaps\",\"symbol\":\"BTCUSDT\",\"cid\":\"c_246b\",\"rid\":\"r_e752\",\"label\":\"gaps\",\"status\":\"start\",\"window\":{\"start_ms\":1761177600000,\"end_ms\":1761436740000},\"enforce\":true,\"strict\":true}", "extra": {"taskName": "Task-2"}}
{"ts": "2025-10-26T15:20:07.124519+00:00", "level": "INFO", "name": "src.services.check_all_datas", "msg": "pipeline.progress | symbol=BTCUSDT | event=inspection.pipeline.stage | payload={\"enforce\": true, \"label\": \"gaps\", \"stage\": \"gaps\", \"status\": \"start\", \"strict\": true, \"window\": {\"end_ms\": 1761436740000, \"start_ms\": 1761177600000}}", "extra": {"taskName": "Task-2"}}
{"ts": "2025-10-26T15:20:07.125014+00:00", "level": "INFO", "name": "src.services.tracing", "msg": "{\"ts\":\"2025-10-26T15:20:07Z\",\"level\":\"INFO\",\"event\":\"pipeline.stage\",\"stage\":\"gaps\",\"symbol\":\"BTCUSDT\",\"cid\":\"c_246b\",\"rid\":\"r_e752\",\"label\":\"gaps\",\"status\":\"complete\",\"duration_ms\":0.681,\"bar_counts\":{\"expected\":4320,\"missing_before\":0,\"missing_after\":0,\"downloaded\":0},\"agg_counts\":{\"gap_count\":0,\"relaxed\":false},\"completeness\":{\"coverage_before\":1.0,\"coverage_after\":1.0,\"enforced\":true,\"relaxed\":false}}", "extra": {"taskName": "Task-2"}}
{"ts": "2025-10-26T15:20:07.125091+00:00", "level": "INFO", "name": "src.services.check_all_datas", "msg": "pipeline.progress | symbol=BTCUSDT | event=inspection.pipeline.stage | payload={\"agg_counts\": {\"gap_count\": 0, \"relaxed\": false}, \"bar_counts\": {\"downloaded\": 0, \"expected\": 4320, \"missing_after\": 0, \"missing_before\": 0}, \"completeness\": {\"coverage_after\": 1.0, \"coverage_before\": 1.0, \"enforced\": true, \"relaxed\": false}, \"duration_ms\": 0.681, \"label\": \"gaps\", \"stage\": \"gaps\", \"status\": \"complete\"}", "extra": {"taskName": "Task-2"}}
{"ts": "2025-10-26T15:20:07.177587+00:00", "level": "INFO", "name": "src.services.check_all_datas", "msg": "Liquidity module flag", "extra": {"taskName": "Task-2", "symbol": "BTCUSDT", "enabled": false, "strict_three_day": true, "network_backfill": false}}
{"ts": "2025-10-26T15:20:07.177763+00:00", "level": "INFO", "name": "src.services.check_all_datas", "msg": "Liquidity module disabled for strict offline run", "extra": {"taskName": "Task-2", "symbol": "BTCUSDT"}}
{"ts": "2025-10-26T15:20:07.180301+00:00", "level": "INFO", "name": "src.services.check_all_datas", "msg": "Resolved last price for inspection snapshot", "extra": {"taskName": "Task-2", "source": "ohlcv", "tf": "1m", "ts": 1761436800000, "age_sec": 0, "insufficient_reason": null}}
{"ts": "2025-10-26T15:20:07.180528+00:00", "level": "INFO", "name": "src.services.check_all_datas", "msg": "Snapshot age evaluated", "extra": {"taskName": "Task-2", "snapshot_age_sec": 0}}
{"ts": "2025-10-26T15:20:07.180629+00:00", "level": "INFO", "name": "src.services.tracing", "msg": "{\"ts\":\"2025-10-26T15:20:07Z\",\"level\":\"INFO\",\"event\":\"pipeline.stage\",\"stage\":\"zones\",\"symbol\":\"BTCUSDT\",\"cid\":\"c_246b\",\"rid\":\"r_e752\",\"label\":\"zones\",\"status\":\"start\",\"availability\":{\"15m\":{\"required\":120,\"adjusted_required\":120,\"available\":288,\"total\":288,\"ok\":true},\"1h\":{\"required\":50,\"adjusted_required\":50,\"available\":72,\"total\":72,\"ok\":true},\"4h\":{\"required\":18,\"adjusted_required\":18,\"available\":18,\"total\":18,\"ok\":true}},\"warmup\":{\"15m\":{\"required\":60,\"adjusted_required\":0,\"actual\":0,\"partial\":false},\"1h\":{\"required\":30,\"adjusted_required\":0,\"actual\":0,\"partial\":false},\"4h\":{\"required\":18,\"adjusted_required\":0,\"actual\":0,\"partial\":false},\"1d\":{\"required\":0,\"adjusted_required\":0,\"actual\":0,\"partial\":false}}}", "extra": {"taskName": "Task-2"}}
{"ts": "2025-10-26T15:20:07.180707+00:00", "level": "INFO", "name": "src.services.check_all_datas", "msg": "pipeline.progress | symbol=BTCUSDT | event=inspection.pipeline.stage | payload={\"availability\": {\"15m\": {\"adjusted_required\": 120, \"available\": 288, \"ok\": true, \"required\": 120, \"total\": 288}, \"1h\": {\"adjusted_required\": 50, \"available\": 72, \"ok\": true, \"required\": 50, \"total\": 72}, \"4h\": {\"adjusted_required\": 18, \"available\": 18, \"ok\": true, \"required\": 18, \"total\": 18}}, \"label\": \"zones\", \"stage\": \"zones\", \"status\": \"start\", \"warmup\": {\"15m\": {\"actual\": 0, \"adjusted_required\": 0, \"partial\": false, \"required\": 60}, \"1d\": {\"actual\": 0, \"adjusted_required\": 0, \"partial\": false, \"required\": 0}, \"1h\": {\"actual\": 0, \"adjusted_required\": 0, \"partial\": false, \"required\": 30}, \"4h\": {\"actual\": 0, \"adjusted_required\": 0, \"partial\": false, \"required\": 18}}}", "extra": {"taskName": "Task-2"}}
{"ts": "2025-10-26T15:20:07.189763+00:00", "level": "INFO", "name": "src.services.tracing", "msg": "{\"ts\":\"2025-10-26T15:20:07Z\",\"level\":\"INFO\",\"event\":\"compute.zones\",\"stage\":\"pipeline\",\"symbol\":\"BTCUSDT\",\"cid\":\"c_246b\",\"rid\":\"r_e752\",\"scope\":\"zones\",\"duration_ms\":8.96,\"bars\":4320}", "extra": {"taskName": "Task-2"}}
{"ts": "2025-10-26T15:20:07.190471+00:00", "level": "INFO", "name": "src.services.tracing", "msg": "{\"ts\":\"2025-10-26T15:20:07Z\",\"level\":\"INFO\",\"event\":\"pipeline.stage\",\"stage\":\"zones\",\"symbol\":\"BTCUSDT\",\"cid\":\"c_246b\",\"rid\":\"r_e752\",\"label\":\"zones\",\"status\":\"complete\",\"duration_ms\":9.829,\"bar_counts\":{\"fvg\":5,\"fvl\":0,\"ob\":32,\"mb\":10,\"bb\":10,\"rb\":1,\"pb\":0,\"sr\":3,\"profile_levels\":12},\"agg_counts\":{\"focus_counts\":{\"fvg\":5,\"ob\":6}},\"completeness\":{\"availability\":{\"15m\":{\"required\":120,\"adjusted_required\":120,\"available\":288,\"total\":288,\"ok\":true},\"1h\":{\"required\":50,\"adjusted_required\":50,\"available\":72,\"total\":72,\"ok\":true},\"4h\":{\"required\":18,\"adjusted_required\":18,\"available\":18,\"total\":18,\"ok\":true}},\"warmup\":{\"15m\":{\"required\":60,\"adjusted_required\":0,\"actual\":0,\"partial\":false},\"1h\":{\"required\":30,\"adjusted_required\":0,\"actual\":0,\"partial\":false},\"4h\":{\"required\":18,\"adjusted_required\":0,\"actual\":0,\"partial\":false},\"1d\":{\"required\":0,\"adjusted_required\":0,\"actual\":0,\"partial\":false}}}}", "extra": {"taskName": "Task-2"}}
{"ts": "2025-10-26T15:20:07.190603+00:00", "level": "INFO", "name": "src.services.check_all_datas", "msg": "pipeline.progress | symbol=BTCUSDT | event=inspection.pipeline.stage | payload={\"agg_counts\": {\"focus_counts\": {\"fvg\": 5, \"ob\": 6}}, \"bar_counts\": {\"bb\": 10, \"fvg\": 5, \"fvl\": 0, \"mb\": 10, \"ob\": 32, \"pb\": 0, \"profile_levels\": 12, \"rb\": 1, \"sr\": 3}, \"completeness\": {\"availability\": {\"15m\": {\"adjusted_required\": 120, \"available\": 288, \"ok\": true, \"required\": 120, \"total\": 288}, \"1h\": {\"adjusted_required\": 50, \"available\": 72, \"ok\": true, \"required\": 50, \"total\": 72}, \"4h\": {\"adjusted_required\": 18, \"available\": 18, \"ok\": true, \"required\": 18, \"total\": 18}}, \"warmup\": {\"15m\": {\"actual\": 0, \"adjusted_required\": 0, \"partial\": false, \"required\": 60}, \"1d\": {\"actual\": 0, \"adjusted_required\": 0, \"partial\": false, \"required\": 0}, \"1h\": {\"actual\": 0, \"adjusted_required\": 0, \"partial\": false, \"required\": 30}, \"4h\": {\"actual\": 0, \"adjusted_required\": 0, \"partial\": false, \"required\": 18}}}, \"duration_ms\": 9.829, \"label\": \"zones\", \"stage\": \"zones\", \"status\": \"complete\"}", "extra": {"taskName": "Task-2"}}
{"ts": "2025-10-26T15:20:07.191059+00:00", "level": "INFO", "name": "src.services.tracing", "msg": "{\"ts\":\"2025-10-26T15:20:07Z\",\"level\":\"INFO\",\"event\":\"pipeline.stage\",\"stage\":\"delta\",\"symbol\":\"BTCUSDT\",\"cid\":\"c_246b\",\"rid\":\"r_e752\",\"label\":\"delta\",\"status\":\"start\",\"window\":{\"start_ms\":1761393600000,\"end_ms\":1761436740000}}", "extra": {"taskName": "Task-2"}}
{"ts": "2025-10-26T15:20:07.191142+00:00", "level": "INFO", "name": "src.services.check_all_datas", "msg": "pipeline.progress | symbol=BTCUSDT | event=inspection.pipeline.stage | payload={\"label\": \"delta\", \"stage\": \"delta\", \"status\": \"start\", \"window\": {\"end_ms\": 1761436740000, \"start_ms\": 1761393600000}}", "extra": {"taskName": "Task-2"}}
{"ts": "2025-10-26T15:20:10.392506+00:00", "level": "INFO", "name": "src.services.tracing", "msg": "{\"ts\":\"2025-10-26T15:20:10Z\",\"level\":\"INFO\",\"event\":\"compute.orderflow\",\"stage\":\"pipeline\",\"symbol\":\"BTCUSDT\",\"cid\":\"c_246b\",\"rid\":\"r_e752\",\"scope\":\"orderflow\",\"duration_ms\":3201.16,\"minutes\":4320}", "extra": {"taskName": "Task-2"}}
{"ts": "2025-10-26T15:20:10.392905+00:00", "level": "INFO", "name": "src.services.tracing", "msg": "{\"ts\":\"2025-10-26T15:20:10Z\",\"level\":\"INFO\",\"event\":\"pipeline.stage\",\"stage\":\"delta\",\"symbol\":\"BTCUSDT\",\"cid\":\"c_246b\",\"rid\":\"r_e752\",\"label\":\"delta\",\"status\":\"complete\",\"duration_ms\":3201.75,\"bar_counts\":{\"1m\":720,\"3m\":240,\"5m\":144,\"15m\":48,\"1h\":12},\"agg_counts\":{\"1m_raw\":720,\"1m\":720,\"footprint\":720,\"3m\":240,\"5m\":144,\"15m\":48,\"1h\":12},\"completeness\":{\"expected_minutes\":720,\"with_trades\":719,\"missing_minutes\":1,\"gaps\":[{\"from\":1761436740000,\"to\":1761436740000}],\"reconstructed_minutes\":0}}", "extra": {"taskName": "Task-2"}}
{"ts": "2025-10-26T15:20:10.393057+00:00", "level": "INFO", "name": "src.services.check_all_datas", "msg": "pipeline.progress | symbol=BTCUSDT | event=inspection.pipeline.stage | payload={\"agg_counts\": {\"15m\": 48, \"1h\": 12, \"1m\": 720, \"1m_raw\": 720, \"3m\": 240, \"5m\": 144, \"footprint\": 720}, \"bar_counts\": {\"15m\": 48, \"1h\": 12, \"1m\": 720, \"3m\": 240, \"5m\": 144}, \"completeness\": {\"expected_minutes\": 720, \"gaps\": [{\"from\": 1761436740000, \"to\": 1761436740000}], \"missing_minutes\": 1, \"reconstructed_minutes\": 0, \"with_trades\": 719}, \"duration_ms\": 3201.75, \"label\": \"delta\", \"stage\": \"delta\", \"status\": \"complete\"}", "extra": {"taskName": "Task-2"}}
{"ts": "2025-10-26T15:20:10.393224+00:00", "level": "INFO", "name": "src.services.tracing", "msg": "{\"ts\":\"2025-10-26T15:20:10Z\",\"level\":\"INFO\",\"event\":\"compute.rollups\",\"stage\":\"pipeline\",\"symbol\":\"BTCUSDT\",\"cid\":\"c_246b\",\"rid\":\"r_e752\",\"scope\":\"rollups\",\"frames\":7}", "extra": {"taskName": "Task-2"}}
{"ts": "2025-10-26T15:20:10.434992+00:00", "level": "WARNING", "name": "src.services.tracing", "msg": "{\"ts\":\"2025-10-26T15:20:10Z\",\"level\":\"WARN\",\"event\":\"pipeline.heartbeat\",\"stage\":\"vwap_tpo\",\"symbol\":\"BTCUSDT\",\"cid\":\"c_246b\",\"rid\":\"r_e752\",\"duration_ms\":3692.644}", "extra": {"taskName": "Task-5"}}
{"ts": "2025-10-26T15:20:10.435154+00:00", "level": "INFO", "name": "src.services.check_all_datas", "msg": "pipeline.progress | symbol=BTCUSDT | event=inspection.pipeline.heartbeat | payload={\"duration_ms\": 3692.644, \"label\": \"vwap/tpo\", \"stage\": \"vwap_tpo\", \"status\": \"heartbeat\"}", "extra": {"taskName": "Task-5"}}
{"ts": "2025-10-26T15:20:10.453686+00:00", "level": "INFO", "name": "src.services.tracing", "msg": "{\"ts\":\"2025-10-26T15:20:10Z\",\"level\":\"INFO\",\"event\":\"compute.vwap_tpo\",\"stage\":\"pipeline\",\"symbol\":\"BTCUSDT\",\"cid\":\"c_246b\",\"rid\":\"r_e752\",\"scope\":\"vwap_tpo.compact\",\"metrics\":{\"bars\":3000,\"ms\":18.325},\"windows\":5}", "extra": {"taskName": "Task-2"}}
{"ts": "2025-10-26T15:20:10.459831+00:00", "level": "INFO", "name": "src.services.tracing", "msg": "{\"ts\":\"2025-10-26T15:20:10Z\",\"level\":\"INFO\",\"event\":\"pipeline.stage\",\"stage\":\"vwap_tpo\",\"symbol\":\"BTCUSDT\",\"cid\":\"c_246b\",\"rid\":\"r_e752\",\"label\":\"vwap/tpo\",\"status\":\"complete\",\"duration_ms\":3717.499,\"bar_counts\":{\"asia\":120,\"london\":0,\"ny\":0},\"agg_counts\":{\"sessions\":3},\"completeness\":{\"asia\":{\"status\":\"partial\",\"coverage_ratio\":0.5},\"london\":{\"status\":\"empty\",\"coverage_ratio\":0.0},\"ny\":{\"status\":\"empty\",\"coverage_ratio\":0.0}}}", "extra": {"taskName": "Task-2"}}
{"ts": "2025-10-26T15:20:10.459944+00:00", "level": "INFO", "name": "src.services.check_all_datas", "msg": "pipeline.progress | symbol=BTCUSDT | event=inspection.pipeline.stage | payload={\"agg_counts\": {\"sessions\": 3}, \"bar_counts\": {\"asia\": 120, \"london\": 0, \"ny\": 0}, \"completeness\": {\"asia\": {\"coverage_ratio\": 0.5, \"status\": \"partial\"}, \"london\": {\"coverage_ratio\": 0.0, \"status\": \"empty\"}, \"ny\": {\"coverage_ratio\": 0.0, \"status\": \"empty\"}}, \"duration_ms\": 3717.499, \"label\": \"vwap/tpo\", \"stage\": \"vwap_tpo\", \"status\": \"complete\"}", "extra": {"taskName": "Task-2"}}
{"ts": "2025-10-26T15:20:10.460016+00:00", "level": "INFO", "name": "src.services.tracing", "msg": "{\"ts\":\"2025-10-26T15:20:10Z\",\"level\":\"INFO\",\"event\":\"compute.vwap_tpo\",\"stage\":\"pipeline\",\"symbol\":\"BTCUSDT\",\"cid\":\"c_246b\",\"rid\":\"r_e752\",\"scope\":\"vwap_tpo\",\"sessions\":3}", "extra": {"taskName": "Task-2"}}
{"ts": "2025-10-26T15:20:10.466488+00:00", "level": "INFO", "name": "src.services.tracing", "msg": "{\"ts\":\"2025-10-26T15:20:10Z\",\"level\":\"INFO\",\"event\":\"compute.poi.topN\",\"stage\":\"pipeline\",\"symbol\":\"BTCUSDT\",\"cid\":\"c_246b\",\"rid\":\"r_e752\",\"scope\":\"zones\",\"counts\":{\"fvg\":5,\"fvl\":0,\"ob\":32,\"mb\":10,\"bb\":10,\"rb\":1,\"pb\":0,\"sr\":3,\"profile_levels\":12}}", "extra": {"taskName": "Task-2"}}
{"ts": "2025-10-26T15:20:10.466649+00:00", "level": "INFO", "name": "src.services.tracing", "msg": "{\"ts\":\"2025-10-26T15:20:10Z\",\"level\":\"INFO\",\"event\":\"pipeline.stage\",\"stage\":\"vitrines\",\"symbol\":\"BTCUSDT\",\"cid\":\"c_246b\",\"rid\":\"r_e752\",\"label\":\"vitrines\",\"status\":\"start\"}", "extra": {"taskName": "Task-2"}}
{"ts": "2025-10-26T15:20:10.466716+00:00", "level": "INFO", "name": "src.services.check_all_datas", "msg": "pipeline.progress | symbol=BTCUSDT | event=inspection.pipeline.stage | payload={\"label\": \"vitrines\", \"stage\": \"vitrines\", \"status\": \"start\"}", "extra": {"taskName": "Task-2"}}
{"ts": "2025-10-26T15:20:10.466936+00:00", "level": "INFO", "name": "src.services.tracing", "msg": "{\"ts\":\"2025-10-26T15:20:10Z\",\"level\":\"INFO\",\"event\":\"pipeline.stage\",\"stage\":\"vitrines\",\"symbol\":\"BTCUSDT\",\"cid\":\"c_246b\",\"rid\":\"r_e752\",\"label\":\"vitrines\",\"status\":\"complete\",\"duration_ms\":0.269,\"bar_counts\":{\"A\":11,\"B\":3},\"agg_counts\":{\"diagnostics\":{\"A\":{\"missing_modules\":[],\"reason_flags\":[],\"validation_errors\":[]},\"B\":{\"missing_modules\":[\"liquidity.sweeps\"],\"reason_flags\":[\"sweeps_missing\"],\"validation_errors\":[],\"fresh_counts\":{\"fvg\":0,\"ob\":6},\"delta_15m\":-339.95200000000006,\"cvd_agg\":-339.95199999999977,\"sweeps_sample\":0}}},\"completeness\":{\"A\":{\"window_hours\":72,\"counts\":{\"fvg\":5,\"ob\":6},\"open_entries\":11,\"has_last_price\":true,\"missing_modules\":[],\"valid\":true,\"validation_errors\":[]},\"B\":{\"sessions\":{\"asia\":true,\"london\":true,\"ny\":true},\"missing_modules\":[\"liquidity.sweeps\"],\"has_delta_15m\":true,\"has_cvd\":true,\"has_sweeps\":false,\"fresh_intraday\":{\"fvg\":0,\"ob\":6},\"valid\":true,\"validation_errors\":[]}}}", "extra": {"taskName": "Task-2"}}
{"ts": "2025-10-26T15:20:10.467037+00:00", "level": "INFO", "name": "src.services.check_all_datas", "msg": "pipeline.progress | symbol=BTCUSDT | event=inspection.pipeline.stage | payload={\"agg_counts\": {\"diagnostics\": {\"A\": {\"missing_modules\": [], \"reason_flags\": [], \"validation_errors\": []}, \"B\": {\"cvd_agg\": -339.95199999999977, \"delta_15m\": -339.95200000000006, \"fresh_counts\": {\"fvg\": 0, \"ob\": 6}, \"missing_modules\": [\"liquidity.sweeps\"], \"reason_flags\": [\"sweeps_missing\"], \"sweeps_sample\": 0, \"validation_errors\": []}}}, \"bar_counts\": {\"A\": 11, \"B\": 3}, \"completeness\": {\"A\": {\"counts\": {\"fvg\": 5, \"ob\": 6}, \"has_last_price\": true, \"missing_modules\": [], \"open_entries\": 11, \"valid\": true, \"validation_errors\": [], \"window_hours\": 72}, \"B\": {\"fresh_intraday\": {\"fvg\": 0, \"ob\": 6}, \"has_cvd\": true, \"has_delta_15m\": true, \"has_sweeps\": false, \"missing_modules\": [\"liquidity.sweeps\"], \"sessions\": {\"asia\": true, \"london\": true, \"ny\": true}, \"valid\": true, \"validation_errors\": []}}, \"duration_ms\": 0.269, \"label\": \"vitrines\", \"stage\": \"vitrines\", \"status\": \"complete\"}", "extra": {"taskName": "Task-2"}}
{"ts": "2025-10-26T15:20:10.467111+00:00", "level": "INFO", "name": "src.services.tracing", "msg": "{\"ts\":\"2025-10-26T15:20:10Z\",\"level\":\"INFO\",\"event\":\"availability.checked\",\"stage\":\"pipeline\",\"symbol\":\"BTCUSDT\",\"cid\":\"c_246b\",\"rid\":\"r_e752\",\"scope\":\"payload\",\"blocks\":[\"timeframes\"]}", "extra": {"taskName": "Task-2"}}
{"ts": "2025-10-26T15:20:10.467541+00:00", "level": "INFO", "name": "src.services.check_all_datas", "msg": "Missing fields detected", "extra": {"taskName": "Task-2", "missing_fields": ["orderflow.footprint", "vwap_tpo.sessions.london.ib_high", "vwap_tpo.sessions.london.ib_low", "vwap_tpo.sessions.london.poc", "vwap_tpo.sessions.london.vah", "vwap_tpo.sessions.london.val", "vwap_tpo.sessions.ny.ib_high", "vwap_tpo.sessions.ny.ib_low", "vwap_tpo.sessions.ny.poc", "vwap_tpo.sessions.ny.vah", "vwap_tpo.sessions.ny.val", "zones.fvl", "zones.pb", "zones.recent"]}}
{"ts": "2025-10-26T15:20:10.480240+00:00", "level": "INFO", "name": "src.services.tracing", "msg": "{\"ts\":\"2025-10-26T15:20:10Z\",\"level\":\"INFO\",\"event\":\"output.prepare_payload\",\"stage\":\"pipeline\",\"symbol\":\"BTCUSDT\",\"cid\":\"c_246b\",\"rid\":\"r_e752\",\"scope\":\"output\",\"status\":\"ready\",\"missing_fields\":14}", "extra": {"taskName": "Task-2"}}
{"ts": "2025-10-26T15:20:10.493901+00:00", "level": "INFO", "name": "src.services.tracing", "msg": "{\"ts\":\"2025-10-26T15:20:10Z\",\"level\":\"INFO\",\"event\":\"output.publish\",\"stage\":\"pipeline\",\"symbol\":\"BTCUSDT\",\"cid\":\"c_246b\",\"rid\":\"r_e752\",\"scope\":\"output\",\"status\":\"ready\",\"size_bytes\":1190274}", "extra": {"taskName": "Task-2"}}
{"ts": "2025-10-26T15:20:10.494117+00:00", "level": "INFO", "name": "src.services.tracing", "msg": "{\"ts\":\"2025-10-26T15:20:10Z\",\"level\":\"INFO\",\"event\":\"pipeline.done\",\"stage\":\"pipeline\",\"symbol\":\"BTCUSDT\",\"cid\":\"c_246b\",\"rid\":\"r_e752\",\"scope\":\"pipeline\",\"status\":\"ready\",\"fetch_ms\":11.0,\"db_ms\":6.7,\"compute_ms\":3786.51,\"serialize_ms\":13.33,\"size_bytes\":1190274}", "extra": {"taskName": "Task-2"}}
{"ts": "2025-10-26T15:20:10.561473+00:00", "level": "INFO", "name": "src.services.check_all_datas", "msg": "pipeline.run.complete | symbol=BTCUSDT | status=ready", "extra": {"taskName": "Task-2"}}
{"ts": "2025-10-26T15:20:10.561740+00:00", "level": "INFO", "name": "src.api.app", "msg": "app.bootstrap.complete", "extra": {"taskName": "Task-2", "symbols": ["BTCUSDT"], "days": 3, "seconds": 6.66}}
{"ts": "2025-10-26T15:20:29.921819+00:00", "level": "INFO", "name": "src.api.app", "msg": "app.bootstrap.begin", "extra": {"taskName": "Task-2", "symbols": ["BTCUSDT"], "days": 3, "timeout": 600.0}}
{"ts": "2025-10-26T15:20:29.921984+00:00", "level": "INFO", "name": "src.api.app", "msg": "app.bootstrap.vision_ingest.start", "extra": {"taskName": "Task-2", "symbol": "BTCUSDT", "days": 3, "start_ms": 1761232829921, "end_ms": 1761492029921}}
{"ts": "2025-10-26T15:20:29.922197+00:00", "level": "INFO", "name": "src.services.vision_ingest", "msg": "vision.ingest.start | symbol=BTCUSDT | start_ms=1761232829921 | end_ms=1761492029921 | datasets=['klines'] | intervals=('1m',) | days=['2025-10-23', '2025-10-24', '2025-10-25']", "extra": {"taskName": "Task-2"}}
{"ts": "2025-10-26T15:20:29.945177+00:00", "level": "INFO", "name": "src.services.vision_ingest", "msg": "vision.ingest.task.start | symbol=BTCUSDT | dataset=klines | day=2025-10-23 | interval=1m", "extra": {"taskName": "Task-2"}}
{"ts": "2025-10-26T15:20:30.255571+00:00", "level": "INFO", "name": "httpx", "msg": "HTTP Request: GET https://data.binance.vision/data/futures/um/daily/klines/BTCUSDT/1m/BTCUSDT-1m-2025-10-23.zip \"HTTP/1.1 200 OK\"", "extra": {"taskName": "Task-2"}}
{"ts": "2025-10-26T15:20:30.519604+00:00", "level": "INFO", "name": "src.services.ohlc_sanitizer", "msg": "Sanitised candles", "extra": {"taskName": "Task-2", "stage": "vision.klines.seed", "input_count": 1440, "output_count": 1440, "invalid_ts": 0, "invalid_ohlc": 0, "earliest_ms": 1761177600000, "latest_ms": 1761263940000}}
{"ts": "2025-10-26T15:20:30.535177+00:00", "level": "INFO", "name": "src.services.vision_ingest", "msg": "vision.ingest.task.complete | symbol=BTCUSDT | dataset=klines | day=2025-10-23 | interval=1m | records=1440 | inserted=1440", "extra": {"taskName": "Task-2"}}
{"ts": "2025-10-26T15:20:30.535431+00:00", "level": "INFO", "name": "src.services.vision_ingest", "msg": "vision.ingest.task.start | symbol=BTCUSDT | dataset=klines | day=2025-10-24 | interval=1m", "extra": {"taskName": "Task-2"}}
{"ts": "2025-10-26T15:20:31.256077+00:00", "level": "INFO", "name": "httpx", "msg": "HTTP Request: GET https://data.binance.vision/data/futures/um/daily/klines/BTCUSDT/1m/BTCUSDT-1m-2025-10-24.zip \"HTTP/1.1 200 OK\"", "extra": {"taskName": "Task-2"}}
{"ts": "2025-10-26T15:20:31.526712+00:00", "level": "INFO", "name": "src.services.ohlc_sanitizer", "msg": "Sanitised candles", "extra": {"taskName": "Task-2", "stage": "vision.klines.seed", "input_count": 1440, "output_count": 1440, "invalid_ts": 0, "invalid_ohlc": 0, "earliest_ms": 1761264000000, "latest_ms": 1761350340000}}
{"ts": "2025-10-26T15:20:31.541775+00:00", "level": "INFO", "name": "src.services.vision_ingest", "msg": "vision.ingest.task.complete | symbol=BTCUSDT | dataset=klines | day=2025-10-24 | interval=1m | records=1440 | inserted=1440", "extra": {"taskName": "Task-2"}}
{"ts": "2025-10-26T15:20:31.542074+00:00", "level": "INFO", "name": "src.services.vision_ingest", "msg": "vision.ingest.task.start | symbol=BTCUSDT | dataset=klines | day=2025-10-25 | interval=1m", "extra": {"taskName": "Task-2"}}
{"ts": "2025-10-26T15:20:32.262204+00:00", "level": "INFO", "name": "httpx", "msg": "HTTP Request: GET https://data.binance.vision/data/futures/um/daily/klines/BTCUSDT/1m/BTCUSDT-1m-2025-10-25.zip \"HTTP/1.1 200 OK\"", "extra": {"taskName": "Task-2"}}
{"ts": "2025-10-26T15:20:32.535568+00:00", "level": "INFO", "name": "src.services.ohlc_sanitizer", "msg": "Sanitised candles", "extra": {"taskName": "Task-2", "stage": "vision.klines.seed", "input_count": 1440, "output_count": 1440, "invalid_ts": 0, "invalid_ohlc": 0, "earliest_ms": 1761350400000, "latest_ms": 1761436740000}}
{"ts": "2025-10-26T15:20:32.550734+00:00", "level": "INFO", "name": "src.services.vision_ingest", "msg": "vision.ingest.task.complete | symbol=BTCUSDT | dataset=klines | day=2025-10-25 | interval=1m | records=1440 | inserted=1440", "extra": {"taskName": "Task-2"}}
{"ts": "2025-10-26T15:20:32.551210+00:00", "level": "INFO", "name": "src.services.vision_ingest", "msg": "vision.ingest.complete | symbol=BTCUSDT | status=ok | errors=0 | missing=0", "extra": {"taskName": "Task-2"}}
{"ts": "2025-10-26T15:20:32.551903+00:00", "level": "INFO", "name": "src.api.app", "msg": "app.bootstrap.vision_ingest.complete", "extra": {"taskName": "Task-2", "symbol": "BTCUSDT", "status": "ok", "days": 3, "inserted": 4320}}
{"ts": "2025-10-26T15:20:32.552010+00:00", "level": "INFO", "name": "src.common.config", "msg": "config.loaded", "extra": {"taskName": "Task-2", "offline": false, "ingest_policy": "LOCAL_THEN_REMOTE", "fixture_dirs": ["tests/fixtures", "fixtures", "cache/vision"], "data_dir": "./data", "duckdb_path": "./meta/index.duckdb", "market": "um"}}
{"ts": "2025-10-26T15:20:32.562696+00:00", "level": "INFO", "name": "src.services.inspection_cache_service", "msg": "inspection.cache.ensure.start", "extra": {"taskName": "Task-2", "symbol": "BTCUSDT", "days": 3, "target_days": ["2025-10-25", "2025-10-24", "2025-10-23"], "network_backfill": true}}
{"ts": "2025-10-26T15:20:32.579308+00:00", "level": "INFO", "name": "src.services.inspection_cache_service", "msg": "inspection.cache.ensure.hit", "extra": {"taskName": "Task-2", "symbol": "BTCUSDT", "day": "2025-10-23", "minutes_found": 0, "minutes_expected": 1440}}
{"ts": "2025-10-26T15:20:32.586587+00:00", "level": "INFO", "name": "src.services.inspection_cache_service", "msg": "inspection.cache.ensure.hit", "extra": {"taskName": "Task-2", "symbol": "BTCUSDT", "day": "2025-10-24", "minutes_found": 0, "minutes_expected": 1440}}
{"ts": "2025-10-26T15:20:32.594401+00:00", "level": "INFO", "name": "src.services.inspection_cache_service", "msg": "inspection.cache.ensure.hit", "extra": {"taskName": "Task-2", "symbol": "BTCUSDT", "day": "2025-10-25", "minutes_found": 0, "minutes_expected": 1440}}
{"ts": "2025-10-26T15:20:32.594520+00:00", "level": "INFO", "name": "src.services.inspection_cache_service", "msg": "inspection.cache.ensure.complete", "extra": {"taskName": "Task-2", "symbol": "BTCUSDT", "status": "warm", "days": 3}}
{"ts": "2025-10-26T15:20:32.594708+00:00", "level": "INFO", "name": "src.services.tracing", "msg": "{\"ts\":\"2025-10-26T15:20:32Z\",\"level\":\"INFO\",\"event\":\"pipeline.start\",\"stage\":\"summary\",\"symbol\":\"BTCUSDT\",\"cid\":\"c_1ed1\",\"rid\":\"r_c004\",\"window_hours\":72,\"mode\":\"summary\"}", "extra": {"taskName": "Task-2"}}
{"ts": "2025-10-26T15:20:32.602180+00:00", "level": "INFO", "name": "src.services.inspection_cache_service", "msg": "inspection.cache.ensure.start", "extra": {"taskName": "Task-2", "symbol": "BTCUSDT", "days": 3, "target_days": ["2025-10-25", "2025-10-24", "2025-10-23"], "network_backfill": false}}
{"ts": "2025-10-26T15:20:32.618661+00:00", "level": "INFO", "name": "src.services.inspection_cache_service", "msg": "inspection.cache.ensure.hit", "extra": {"taskName": "Task-2", "symbol": "BTCUSDT", "day": "2025-10-23", "minutes_found": 0, "minutes_expected": 1440}}
{"ts": "2025-10-26T15:20:32.626146+00:00", "level": "INFO", "name": "src.services.inspection_cache_service", "msg": "inspection.cache.ensure.hit", "extra": {"taskName": "Task-2", "symbol": "BTCUSDT", "day": "2025-10-24", "minutes_found": 0, "minutes_expected": 1440}}
{"ts": "2025-10-26T15:20:32.633708+00:00", "level": "INFO", "name": "src.services.inspection_cache_service", "msg": "inspection.cache.ensure.hit", "extra": {"taskName": "Task-2", "symbol": "BTCUSDT", "day": "2025-10-25", "minutes_found": 0, "minutes_expected": 1440}}
{"ts": "2025-10-26T15:20:32.633822+00:00", "level": "INFO", "name": "src.services.inspection_cache_service", "msg": "inspection.cache.ensure.complete", "extra": {"taskName": "Task-2", "symbol": "BTCUSDT", "status": "warm", "days": 3}}
{"ts": "2025-10-26T15:20:32.633930+00:00", "level": "INFO", "name": "src.services.inspection_cache_service", "msg": "inspection.cache.seed.built", "extra": {"taskName": "Task-2", "timeframes": ["15m", "1d", "1h", "1m", "3m", "4h", "5m"], "minutes_found": 0, "minutes_expected": 4320, "coverage_pct": 0.0}}
{"ts": "2025-10-26T15:20:32.634051+00:00", "level": "INFO", "name": "src.services.check_all_datas", "msg": "pipeline.run.start | symbol=BTCUSDT | window_hours=72 | hours=None | strict_window=True | network_backfill=False | timeout=180.0", "extra": {"taskName": "Task-2"}}
{"ts": "2025-10-26T15:20:32.634344+00:00", "level": "INFO", "name": "src.services.ohlc_sanitizer", "msg": "Sanitised candles", "extra": {"taskName": "Task-2", "stage": "seed.1m", "input_count": 0, "output_count": 0, "invalid_ts": 0, "invalid_ohlc": 0, "earliest_ms": null, "latest_ms": null}}
{"ts": "2025-10-26T15:20:32.634440+00:00", "level": "INFO", "name": "src.services.tracing", "msg": "{\"ts\":\"2025-10-26T15:20:32Z\",\"level\":\"INFO\",\"event\":\"ui.click_received\",\"stage\":\"pipeline\",\"symbol\":\"BTCUSDT\",\"cid\":\"c_1ed1\",\"rid\":\"r_c004\",\"scope\":\"ui\",\"strict_window\":true,\"network_backfill\":false,\"minute_backfill_enabled\":false}", "extra": {"taskName": "Task-2"}}
{"ts": "2025-10-26T15:20:32.634521+00:00", "level": "INFO", "name": "src.services.tracing", "msg": "{\"ts\":\"2025-10-26T15:20:32Z\",\"level\":\"INFO\",\"event\":\"pipeline.start\",\"stage\":\"pipeline\",\"symbol\":\"BTCUSDT\",\"cid\":\"c_1ed1\",\"rid\":\"r_c004\",\"scope\":\"pipeline\",\"strict_window\":true,\"network_backfill\":false,\"minute_backfill_enabled\":false}", "extra": {"taskName": "Task-2"}}
{"ts": "2025-10-26T15:20:32.634598+00:00", "level": "INFO", "name": "src.services.tracing", "msg": "{\"ts\":\"2025-10-26T15:20:32Z\",\"level\":\"INFO\",\"event\":\"pipeline.contract_ok\",\"stage\":\"pipeline\",\"symbol\":\"BTCUSDT\",\"cid\":\"c_1ed1\",\"rid\":\"r_c004\",\"scope\":\"pipeline\",\"base_window_hours\":72,\"strict_three_day\":true,\"window_end_ms\":1761436800000}", "extra": {"taskName": "Task-2"}}
{"ts": "2025-10-26T15:20:32.634673+00:00", "level": "INFO", "name": "src.services.tracing", "msg": "{\"ts\":\"2025-10-26T15:20:32Z\",\"level\":\"INFO\",\"event\":\"fetch.batch_start\",\"stage\":\"pipeline\",\"symbol\":\"BTCUSDT\",\"cid\":\"c_1ed1\",\"rid\":\"r_c004\",\"scope\":\"summary.1m\",\"window\":{\"from\":1761177600000,\"to\":1761436800000},\"details\":\"collect_recent_summary\"}", "extra": {"taskName": "Task-2"}}
{"ts": "2025-10-26T15:20:32.634748+00:00", "level": "INFO", "name": "src.services.tracing", "msg": "{\"ts\":\"2025-10-26T15:20:32Z\",\"level\":\"INFO\",\"event\":\"collector.start\",\"stage\":\"summary_collect\",\"symbol\":\"BTCUSDT\",\"component\":\"summary_collector\",\"cid\":\"c_1ed1\",\"rid\":\"r_c004\",\"start_ms\":1761177600000,\"end_ms\":1761436800000,\"days\":3}", "extra": {"taskName": "Task-2"}}
{"ts": "2025-10-26T15:20:32.638854+00:00", "level": "INFO", "name": "src.services.tracing", "msg": "{\"ts\":\"2025-10-26T15:20:32Z\",\"level\":\"INFO\",\"event\":\"gaps.detected\",\"stage\":\"summary_collect\",\"symbol\":\"BTCUSDT\",\"component\":\"summary_collector\",\"cid\":\"c_1ed1\",\"rid\":\"r_c004\",\"interval\":\"1m\",\"total\":0,\"merged\":0,\"first_expected\":1761177600000,\"last_closed\":1761436800000}", "extra": {"taskName": "Task-2"}}
{"ts": "2025-10-26T15:20:32.638974+00:00", "level": "INFO", "name": "src.services.tracing", "msg": "{\"ts\":\"2025-10-26T15:20:32Z\",\"level\":\"INFO\",\"event\":\"gaps.merged\",\"stage\":\"summary_collect\",\"symbol\":\"BTCUSDT\",\"component\":\"summary_collector\",\"cid\":\"c_1ed1\",\"rid\":\"r_c004\",\"interval\":\"1m\",\"total\":0,\"merged\":0}", "extra": {"taskName": "Task-2"}}
{"ts": "2025-10-26T15:20:32.639062+00:00", "level": "INFO", "name": "src.services.tracing", "msg": "{\"ts\":\"2025-10-26T15:20:32Z\",\"level\":\"INFO\",\"event\":\"interval.complete\",\"stage\":\"summary_collect\",\"symbol\":\"BTCUSDT\",\"component\":\"summary_collector\",\"cid\":\"c_1ed1\",\"rid\":\"r_c004\",\"interval\":\"1m\",\"written\":0,\"requests\":0}", "extra": {"taskName": "Task-2"}}
{"ts": "2025-10-26T15:20:32.645445+00:00", "level": "INFO", "name": "src.services.tracing", "msg": "{\"ts\":\"2025-10-26T15:20:32Z\",\"level\":\"INFO\",\"event\":\"collector.finished\",\"stage\":\"summary_collect\",\"symbol\":\"BTCUSDT\",\"component\":\"summary_collector\",\"cid\":\"c_1ed1\",\"rid\":\"r_c004\",\"requests\":0,\"written\":0,\"dropped\":0}", "extra": {"taskName": "Task-2"}}
{"ts": "2025-10-26T15:20:32.645598+00:00", "level": "INFO", "name": "src.services.tracing", "msg": "{\"ts\":\"2025-10-26T15:20:32Z\",\"level\":\"INFO\",\"event\":\"fetch.batch_done\",\"stage\":\"pipeline\",\"symbol\":\"BTCUSDT\",\"cid\":\"c_1ed1\",\"rid\":\"r_c004\",\"scope\":\"summary.1m\",\"window\":{\"from\":1761177600000,\"to\":1761436800000},\"metrics\":{\"requests\":0,\"ms\":10.91,\"candles_written\":0},\"details\":\"collect_recent_summary\"}", "extra": {"taskName": "Task-2"}}
{"ts": "2025-10-26T15:20:32.645687+00:00", "level": "INFO", "name": "src.services.tracing", "msg": "{\"ts\":\"2025-10-26T15:20:32Z\",\"level\":\"INFO\",\"event\":\"fetch.batch_start\",\"stage\":\"pipeline\",\"symbol\":\"BTCUSDT\",\"cid\":\"c_1ed1\",\"rid\":\"r_c004\",\"scope\":\"repository.1m\",\"window\":{\"from\":1761177600000,\"to\":1761436800000},\"details\":\"repository.fetch_candles\"}", "extra": {"taskName": "Task-2"}}
{"ts": "2025-10-26T15:20:32.652274+00:00", "level": "INFO", "name": "src.services.tracing", "msg": "{\"ts\":\"2025-10-26T15:20:32Z\",\"level\":\"INFO\",\"event\":\"fetch.batch_done\",\"stage\":\"pipeline\",\"symbol\":\"BTCUSDT\",\"cid\":\"c_1ed1\",\"rid\":\"r_c004\",\"scope\":\"repository.1m\",\"window\":{\"from\":1761177600000,\"to\":1761436800000},\"metrics\":{\"candles\":4321,\"ms\":6.56},\"details\":\"repository.fetch_candles\"}", "extra": {"taskName": "Task-2"}}
{"ts": "2025-10-26T15:20:32.666322+00:00", "level": "INFO", "name": "src.services.ohlc_sanitizer", "msg": "Sanitised candles", "extra": {"taskName": "Task-2", "stage": "rest.1m", "input_count": 4321, "output_count": 4321, "invalid_ts": 0, "invalid_ohlc": 0, "earliest_ms": 1761177600000, "latest_ms": 1761436800000}}
{"ts": "2025-10-26T15:20:32.672143+00:00", "level": "INFO", "name": "src.services.tracing", "msg": "{\"ts\":\"2025-10-26T15:20:32Z\",\"level\":\"INFO\",\"event\":\"pipeline.stage\",\"stage\":\"rollups\",\"symbol\":\"BTCUSDT\",\"cid\":\"c_1ed1\",\"rid\":\"r_c004\",\"label\":\"rollups\",\"status\":\"start\",\"timeframes\":[\"1m\",\"3m\",\"5m\",\"15m\",\"1h\",\"4h\",\"1d\"]}", "extra": {"taskName": "Task-2"}}
{"ts": "2025-10-26T15:20:32.672240+00:00", "level": "INFO", "name": "src.services.check_all_datas", "msg": "pipeline.progress | symbol=BTCUSDT | event=inspection.pipeline.stage | payload={\"label\": \"rollups\", \"stage\": \"rollups\", \"status\": \"start\", \"timeframes\": [\"1m\", \"3m\", \"5m\", \"15m\", \"1h\", \"4h\", \"1d\"]}", "extra": {"taskName": "Task-2"}}
{"ts": "2025-10-26T15:20:32.677230+00:00", "level": "INFO", "name": "src.services.tracing", "msg": "{\"ts\":\"2025-10-26T15:20:32Z\",\"level\":\"INFO\",\"event\":\"availability.checked\",\"stage\":\"ohlcv.multi\",\"symbol\":\"BTCUSDT\",\"cid\":\"c_1ed1\",\"rid\":\"r_c004\",\"scope\":\"ohlcv.1m\",\"window\":{\"from\":1761177660000,\"to\":1761436800000},\"metrics\":{\"expected\":4320,\"present\":4320,\"missing\":0,\"coverage_pct\":100.0}}", "extra": {"taskName": "Task-2"}}
{"ts": "2025-10-26T15:20:32.699361+00:00", "level": "INFO", "name": "src.services.tracing", "msg": "{\"ts\":\"2025-10-26T15:20:32Z\",\"level\":\"INFO\",\"event\":\"pipeline.stage\",\"stage\":\"rollups\",\"symbol\":\"BTCUSDT\",\"cid\":\"c_1ed1\",\"rid\":\"r_c004\",\"label\":\"rollups\",\"status\":\"complete\",\"duration_ms\":27.192,\"bar_counts\":{\"1m\":4320,\"3m\":1441,\"5m\":865,\"15m\":289,\"1h\":73,\"4h\":19,\"1d\":4,\"seed_minutes\":4321},\"agg_counts\":{\"lookback_days\":3},\"completeness\":{\"has_seed\":true,\"source\":\"remote\"}}", "extra": {"taskName": "Task-2"}}
{"ts": "2025-10-26T15:20:32.699521+00:00", "level": "INFO", "name": "src.services.check_all_datas", "msg": "pipeline.progress | symbol=BTCUSDT | event=inspection.pipeline.stage | payload={\"agg_counts\": {\"lookback_days\": 3}, \"bar_counts\": {\"15m\": 289, \"1d\": 4, \"1h\": 73, \"1m\": 4320, \"3m\": 1441, \"4h\": 19, \"5m\": 865, \"seed_minutes\": 4321}, \"completeness\": {\"has_seed\": true, \"source\": \"remote\"}, \"duration_ms\": 27.192, \"label\": \"rollups\", \"stage\": \"rollups\", \"status\": \"complete\"}", "extra": {"taskName": "Task-2"}}
{"ts": "2025-10-26T15:20:32.699691+00:00", "level": "INFO", "name": "src.services.tracing", "msg": "{\"ts\":\"2025-10-26T15:20:32Z\",\"level\":\"INFO\",\"event\":\"pipeline.stage\",\"stage\":\"vwap_tpo\",\"symbol\":\"BTCUSDT\",\"cid\":\"c_1ed1\",\"rid\":\"r_c004\",\"label\":\"vwap/tpo\",\"status\":\"start\",\"sessions\":[\"asia\",\"london\",\"ny\"]}", "extra": {"taskName": "Task-2"}}
{"ts": "2025-10-26T15:20:32.699776+00:00", "level": "INFO", "name": "src.services.check_all_datas", "msg": "pipeline.progress | symbol=BTCUSDT | event=inspection.pipeline.stage | payload={\"label\": \"vwap/tpo\", \"sessions\": [\"asia\", \"london\", \"ny\"], \"stage\": \"vwap_tpo\", \"status\": \"start\"}", "extra": {"taskName": "Task-2"}}
{"ts": "2025-10-26T15:20:33.100276+00:00", "level": "INFO", "name": "src.services.tracing", "msg": "{\"ts\":\"2025-10-26T15:20:33Z\",\"level\":\"INFO\",\"event\":\"pipeline.stage\",\"stage\":\"gaps\",\"symbol\":\"BTCUSDT\",\"cid\":\"c_1ed1\",\"rid\":\"r_c004\",\"label\":\"gaps\",\"status\":\"start\",\"window\":{\"start_ms\":1761177600000,\"end_ms\":1761436740000},\"enforce\":true,\"strict\":true}", "extra": {"taskName": "Task-2"}}
{"ts": "2025-10-26T15:20:33.100456+00:00", "level": "INFO", "name": "src.services.check_all_datas", "msg": "pipeline.progress | symbol=BTCUSDT | event=inspection.pipeline.stage | payload={\"enforce\": true, \"label\": \"gaps\", \"stage\": \"gaps\", \"status\": \"start\", \"strict\": true, \"window\": {\"end_ms\": 1761436740000, \"start_ms\": 1761177600000}}", "extra": {"taskName": "Task-2"}}
{"ts": "2025-10-26T15:20:33.100987+00:00", "level": "INFO", "name": "src.services.tracing", "msg": "{\"ts\":\"2025-10-26T15:20:33Z\",\"level\":\"INFO\",\"event\":\"pipeline.stage\",\"stage\":\"gaps\",\"symbol\":\"BTCUSDT\",\"cid\":\"c_1ed1\",\"rid\":\"r_c004\",\"label\":\"gaps\",\"status\":\"complete\",\"duration_ms\":0.742,\"bar_counts\":{\"expected\":4320,\"missing_before\":0,\"missing_after\":0,\"downloaded\":0},\"agg_counts\":{\"gap_count\":0,\"relaxed\":false},\"completeness\":{\"coverage_before\":1.0,\"coverage_after\":1.0,\"enforced\":true,\"relaxed\":false}}", "extra": {"taskName": "Task-2"}}
{"ts": "2025-10-26T15:20:33.101060+00:00", "level": "INFO", "name": "src.services.check_all_datas", "msg": "pipeline.progress | symbol=BTCUSDT | event=inspection.pipeline.stage | payload={\"agg_counts\": {\"gap_count\": 0, \"relaxed\": false}, \"bar_counts\": {\"downloaded\": 0, \"expected\": 4320, \"missing_after\": 0, \"missing_before\": 0}, \"completeness\": {\"coverage_after\": 1.0, \"coverage_before\": 1.0, \"enforced\": true, \"relaxed\": false}, \"duration_ms\": 0.742, \"label\": \"gaps\", \"stage\": \"gaps\", \"status\": \"complete\"}", "extra": {"taskName": "Task-2"}}
{"ts": "2025-10-26T15:20:33.153939+00:00", "level": "INFO", "name": "src.services.check_all_datas", "msg": "Liquidity module flag", "extra": {"taskName": "Task-2", "symbol": "BTCUSDT", "enabled": false, "strict_three_day": true, "network_backfill": false}}
{"ts": "2025-10-26T15:20:33.154116+00:00", "level": "INFO", "name": "src.services.check_all_datas", "msg": "Liquidity module disabled for strict offline run", "extra": {"taskName": "Task-2", "symbol": "BTCUSDT"}}
{"ts": "2025-10-26T15:20:33.156638+00:00", "level": "INFO", "name": "src.services.check_all_datas", "msg": "Resolved last price for inspection snapshot", "extra": {"taskName": "Task-2", "source": "ohlcv", "tf": "1m", "ts": 1761436800000, "age_sec": 0, "insufficient_reason": null}}
{"ts": "2025-10-26T15:20:33.156837+00:00", "level": "INFO", "name": "src.services.check_all_datas", "msg": "Snapshot age evaluated", "extra": {"taskName": "Task-2", "snapshot_age_sec": 0}}
{"ts": "2025-10-26T15:20:33.156931+00:00", "level": "INFO", "name": "src.services.tracing", "msg": "{\"ts\":\"2025-10-26T15:20:33Z\",\"level\":\"INFO\",\"event\":\"pipeline.stage\",\"stage\":\"zones\",\"symbol\":\"BTCUSDT\",\"cid\":\"c_1ed1\",\"rid\":\"r_c004\",\"label\":\"zones\",\"status\":\"start\",\"availability\":{\"15m\":{\"required\":120,\"adjusted_required\":120,\"available\":288,\"total\":288,\"ok\":true},\"1h\":{\"required\":50,\"adjusted_required\":50,\"available\":72,\"total\":72,\"ok\":true},\"4h\":{\"required\":18,\"adjusted_required\":18,\"available\":18,\"total\":18,\"ok\":true}},\"warmup\":{\"15m\":{\"required\":60,\"adjusted_required\":0,\"actual\":0,\"partial\":false},\"1h\":{\"required\":30,\"adjusted_required\":0,\"actual\":0,\"partial\":false},\"4h\":{\"required\":18,\"adjusted_required\":0,\"actual\":0,\"partial\":false},\"1d\":{\"required\":0,\"adjusted_required\":0,\"actual\":0,\"partial\":false}}}", "extra": {"taskName": "Task-2"}}
{"ts": "2025-10-26T15:20:33.157009+00:00", "level": "INFO", "name": "src.services.check_all_datas", "msg": "pipeline.progress | symbol=BTCUSDT | event=inspection.pipeline.stage | payload={\"availability\": {\"15m\": {\"adjusted_required\": 120, \"available\": 288, \"ok\": true, \"required\": 120, \"total\": 288}, \"1h\": {\"adjusted_required\": 50, \"available\": 72, \"ok\": true, \"required\": 50, \"total\": 72}, \"4h\": {\"adjusted_required\": 18, \"available\": 18, \"ok\": true, \"required\": 18, \"total\": 18}}, \"label\": \"zones\", \"stage\": \"zones\", \"status\": \"start\", \"warmup\": {\"15m\": {\"actual\": 0, \"adjusted_required\": 0, \"partial\": false, \"required\": 60}, \"1d\": {\"actual\": 0, \"adjusted_required\": 0, \"partial\": false, \"required\": 0}, \"1h\": {\"actual\": 0, \"adjusted_required\": 0, \"partial\": false, \"required\": 30}, \"4h\": {\"actual\": 0, \"adjusted_required\": 0, \"partial\": false, \"required\": 18}}}", "extra": {"taskName": "Task-2"}}
{"ts": "2025-10-26T15:20:33.166101+00:00", "level": "INFO", "name": "src.services.tracing", "msg": "{\"ts\":\"2025-10-26T15:20:33Z\",\"level\":\"INFO\",\"event\":\"compute.zones\",\"stage\":\"pipeline\",\"symbol\":\"BTCUSDT\",\"cid\":\"c_1ed1\",\"rid\":\"r_c004\",\"scope\":\"zones\",\"duration_ms\":8.99,\"bars\":4320}", "extra": {"taskName": "Task-2"}}
{"ts": "2025-10-26T15:20:33.166758+00:00", "level": "INFO", "name": "src.services.tracing", "msg": "{\"ts\":\"2025-10-26T15:20:33Z\",\"level\":\"INFO\",\"event\":\"pipeline.stage\",\"stage\":\"zones\",\"symbol\":\"BTCUSDT\",\"cid\":\"c_1ed1\",\"rid\":\"r_c004\",\"label\":\"zones\",\"status\":\"complete\",\"duration_ms\":9.82,\"bar_counts\":{\"fvg\":5,\"fvl\":0,\"ob\":32,\"mb\":10,\"bb\":10,\"rb\":1,\"pb\":0,\"sr\":3,\"profile_levels\":12},\"agg_counts\":{\"focus_counts\":{\"fvg\":5,\"ob\":6}},\"completeness\":{\"availability\":{\"15m\":{\"required\":120,\"adjusted_required\":120,\"available\":288,\"total\":288,\"ok\":true},\"1h\":{\"required\":50,\"adjusted_required\":50,\"available\":72,\"total\":72,\"ok\":true},\"4h\":{\"required\":18,\"adjusted_required\":18,\"available\":18,\"total\":18,\"ok\":true}},\"warmup\":{\"15m\":{\"required\":60,\"adjusted_required\":0,\"actual\":0,\"partial\":false},\"1h\":{\"required\":30,\"adjusted_required\":0,\"actual\":0,\"partial\":false},\"4h\":{\"required\":18,\"adjusted_required\":0,\"actual\":0,\"partial\":false},\"1d\":{\"required\":0,\"adjusted_required\":0,\"actual\":0,\"partial\":false}}}}", "extra": {"taskName": "Task-2"}}
{"ts": "2025-10-26T15:20:33.166853+00:00", "level": "INFO", "name": "src.services.check_all_datas", "msg": "pipeline.progress | symbol=BTCUSDT | event=inspection.pipeline.stage | payload={\"agg_counts\": {\"focus_counts\": {\"fvg\": 5, \"ob\": 6}}, \"bar_counts\": {\"bb\": 10, \"fvg\": 5, \"fvl\": 0, \"mb\": 10, \"ob\": 32, \"pb\": 0, \"profile_levels\": 12, \"rb\": 1, \"sr\": 3}, \"completeness\": {\"availability\": {\"15m\": {\"adjusted_required\": 120, \"available\": 288, \"ok\": true, \"required\": 120, \"total\": 288}, \"1h\": {\"adjusted_required\": 50, \"available\": 72, \"ok\": true, \"required\": 50, \"total\": 72}, \"4h\": {\"adjusted_required\": 18, \"available\": 18, \"ok\": true, \"required\": 18, \"total\": 18}}, \"warmup\": {\"15m\": {\"actual\": 0, \"adjusted_required\": 0, \"partial\": false, \"required\": 60}, \"1d\": {\"actual\": 0, \"adjusted_required\": 0, \"partial\": false, \"required\": 0}, \"1h\": {\"actual\": 0, \"adjusted_required\": 0, \"partial\": false, \"required\": 30}, \"4h\": {\"actual\": 0, \"adjusted_required\": 0, \"partial\": false, \"required\": 18}}}, \"duration_ms\": 9.82, \"label\": \"zones\", \"stage\": \"zones\", \"status\": \"complete\"}", "extra": {"taskName": "Task-2"}}
{"ts": "2025-10-26T15:20:33.167227+00:00", "level": "INFO", "name": "src.services.tracing", "msg": "{\"ts\":\"2025-10-26T15:20:33Z\",\"level\":\"INFO\",\"event\":\"pipeline.stage\",\"stage\":\"delta\",\"symbol\":\"BTCUSDT\",\"cid\":\"c_1ed1\",\"rid\":\"r_c004\",\"label\":\"delta\",\"status\":\"start\",\"window\":{\"start_ms\":1761393600000,\"end_ms\":1761436740000}}", "extra": {"taskName": "Task-2"}}
{"ts": "2025-10-26T15:20:33.167309+00:00", "level": "INFO", "name": "src.services.check_all_datas", "msg": "pipeline.progress | symbol=BTCUSDT | event=inspection.pipeline.stage | payload={\"label\": \"delta\", \"stage\": \"delta\", \"status\": \"start\", \"window\": {\"end_ms\": 1761436740000, \"start_ms\": 1761393600000}}", "extra": {"taskName": "Task-2"}}
{"ts": "2025-10-26T15:20:35.598268+00:00", "level": "INFO", "name": "src.services.tracing", "msg": "{\"ts\":\"2025-10-26T15:20:35Z\",\"level\":\"INFO\",\"event\":\"compute.orderflow\",\"stage\":\"pipeline\",\"symbol\":\"BTCUSDT\",\"cid\":\"c_1ed1\",\"rid\":\"r_c004\",\"scope\":\"orderflow\",\"duration_ms\":2430.78,\"minutes\":4320}", "extra": {"taskName": "Task-2"}}
{"ts": "2025-10-26T15:20:35.598500+00:00", "level": "INFO", "name": "src.services.tracing", "msg": "{\"ts\":\"2025-10-26T15:20:35Z\",\"level\":\"INFO\",\"event\":\"pipeline.stage\",\"stage\":\"delta\",\"symbol\":\"BTCUSDT\",\"cid\":\"c_1ed1\",\"rid\":\"r_c004\",\"label\":\"delta\",\"status\":\"complete\",\"duration_ms\":2431.222,\"bar_counts\":{\"1m\":720,\"3m\":240,\"5m\":144,\"15m\":48,\"1h\":12},\"agg_counts\":{\"1m_raw\":720,\"1m\":720,\"footprint\":720,\"3m\":240,\"5m\":144,\"15m\":48,\"1h\":12},\"completeness\":{\"expected_minutes\":720,\"with_trades\":719,\"missing_minutes\":1,\"gaps\":[{\"from\":1761436740000,\"to\":1761436740000}],\"reconstructed_minutes\":0}}", "extra": {"taskName": "Task-2"}}
{"ts": "2025-10-26T15:20:35.598588+00:00", "level": "INFO", "name": "src.services.check_all_datas", "msg": "pipeline.progress | symbol=BTCUSDT | event=inspection.pipeline.stage | payload={\"agg_counts\": {\"15m\": 48, \"1h\": 12, \"1m\": 720, \"1m_raw\": 720, \"3m\": 240, \"5m\": 144, \"footprint\": 720}, \"bar_counts\": {\"15m\": 48, \"1h\": 12, \"1m\": 720, \"3m\": 240, \"5m\": 144}, \"completeness\": {\"expected_minutes\": 720, \"gaps\": [{\"from\": 1761436740000, \"to\": 1761436740000}], \"missing_minutes\": 1, \"reconstructed_minutes\": 0, \"with_trades\": 719}, \"duration_ms\": 2431.222, \"label\": \"delta\", \"stage\": \"delta\", \"status\": \"complete\"}", "extra": {"taskName": "Task-2"}}
{"ts": "2025-10-26T15:20:35.598660+00:00", "level": "INFO", "name": "src.services.tracing", "msg": "{\"ts\":\"2025-10-26T15:20:35Z\",\"level\":\"INFO\",\"event\":\"compute.rollups\",\"stage\":\"pipeline\",\"symbol\":\"BTCUSDT\",\"cid\":\"c_1ed1\",\"rid\":\"r_c004\",\"scope\":\"rollups\",\"frames\":7}", "extra": {"taskName": "Task-2"}}
{"ts": "2025-10-26T15:20:35.664292+00:00", "level": "INFO", "name": "src.services.tracing", "msg": "{\"ts\":\"2025-10-26T15:20:35Z\",\"level\":\"INFO\",\"event\":\"compute.vwap_tpo\",\"stage\":\"pipeline\",\"symbol\":\"BTCUSDT\",\"cid\":\"c_1ed1\",\"rid\":\"r_c004\",\"scope\":\"vwap_tpo.compact\",\"metrics\":{\"bars\":3000,\"ms\":19.4},\"windows\":5}", "extra": {"taskName": "Task-2"}}
{"ts": "2025-10-26T15:20:35.670279+00:00", "level": "INFO", "name": "src.services.tracing", "msg": "{\"ts\":\"2025-10-26T15:20:35Z\",\"level\":\"INFO\",\"event\":\"pipeline.stage\",\"stage\":\"vwap_tpo\",\"symbol\":\"BTCUSDT\",\"cid\":\"c_1ed1\",\"rid\":\"r_c004\",\"label\":\"vwap/tpo\",\"status\":\"complete\",\"duration_ms\":2970.558,\"bar_counts\":{\"asia\":120,\"london\":0,\"ny\":0},\"agg_counts\":{\"sessions\":3},\"completeness\":{\"asia\":{\"status\":\"partial\",\"coverage_ratio\":0.5},\"london\":{\"status\":\"empty\",\"coverage_ratio\":0.0},\"ny\":{\"status\":\"empty\",\"coverage_ratio\":0.0}}}", "extra": {"taskName": "Task-2"}}
{"ts": "2025-10-26T15:20:35.670402+00:00", "level": "INFO", "name": "src.services.check_all_datas", "msg": "pipeline.progress | symbol=BTCUSDT | event=inspection.pipeline.stage | payload={\"agg_counts\": {\"sessions\": 3}, \"bar_counts\": {\"asia\": 120, \"london\": 0, \"ny\": 0}, \"completeness\": {\"asia\": {\"coverage_ratio\": 0.5, \"status\": \"partial\"}, \"london\": {\"coverage_ratio\": 0.0, \"status\": \"empty\"}, \"ny\": {\"coverage_ratio\": 0.0, \"status\": \"empty\"}}, \"duration_ms\": 2970.558, \"label\": \"vwap/tpo\", \"stage\": \"vwap_tpo\", \"status\": \"complete\"}", "extra": {"taskName": "Task-2"}}
{"ts": "2025-10-26T15:20:35.670481+00:00", "level": "INFO", "name": "src.services.tracing", "msg": "{\"ts\":\"2025-10-26T15:20:35Z\",\"level\":\"INFO\",\"event\":\"compute.vwap_tpo\",\"stage\":\"pipeline\",\"symbol\":\"BTCUSDT\",\"cid\":\"c_1ed1\",\"rid\":\"r_c004\",\"scope\":\"vwap_tpo\",\"sessions\":3}", "extra": {"taskName": "Task-2"}}
{"ts": "2025-10-26T15:20:35.677197+00:00", "level": "INFO", "name": "src.services.tracing", "msg": "{\"ts\":\"2025-10-26T15:20:35Z\",\"level\":\"INFO\",\"event\":\"compute.poi.topN\",\"stage\":\"pipeline\",\"symbol\":\"BTCUSDT\",\"cid\":\"c_1ed1\",\"rid\":\"r_c004\",\"scope\":\"zones\",\"counts\":{\"fvg\":5,\"fvl\":0,\"ob\":32,\"mb\":10,\"bb\":10,\"rb\":1,\"pb\":0,\"sr\":3,\"profile_levels\":12}}", "extra": {"taskName": "Task-2"}}
{"ts": "2025-10-26T15:20:35.677352+00:00", "level": "INFO", "name": "src.services.tracing", "msg": "{\"ts\":\"2025-10-26T15:20:35Z\",\"level\":\"INFO\",\"event\":\"pipeline.stage\",\"stage\":\"vitrines\",\"symbol\":\"BTCUSDT\",\"cid\":\"c_1ed1\",\"rid\":\"r_c004\",\"label\":\"vitrines\",\"status\":\"start\"}", "extra": {"taskName": "Task-2"}}
{"ts": "2025-10-26T15:20:35.677418+00:00", "level": "INFO", "name": "src.services.check_all_datas", "msg": "pipeline.progress | symbol=BTCUSDT | event=inspection.pipeline.stage | payload={\"label\": \"vitrines\", \"stage\": \"vitrines\", \"status\": \"start\"}", "extra": {"taskName": "Task-2"}}
{"ts": "2025-10-26T15:20:35.677630+00:00", "level": "INFO", "name": "src.services.tracing", "msg": "{\"ts\":\"2025-10-26T15:20:35Z\",\"level\":\"INFO\",\"event\":\"pipeline.stage\",\"stage\":\"vitrines\",\"symbol\":\"BTCUSDT\",\"cid\":\"c_1ed1\",\"rid\":\"r_c004\",\"label\":\"vitrines\",\"status\":\"complete\",\"duration_ms\":0.265,\"bar_counts\":{\"A\":11,\"B\":3},\"agg_counts\":{\"diagnostics\":{\"A\":{\"missing_modules\":[],\"reason_flags\":[],\"validation_errors\":[]},\"B\":{\"missing_modules\":[\"liquidity.sweeps\"],\"reason_flags\":[\"sweeps_missing\"],\"validation_errors\":[],\"fresh_counts\":{\"fvg\":0,\"ob\":6},\"delta_15m\":-339.95200000000006,\"cvd_agg\":-339.95199999999977,\"sweeps_sample\":0}}},\"completeness\":{\"A\":{\"window_hours\":72,\"counts\":{\"fvg\":5,\"ob\":6},\"open_entries\":11,\"has_last_price\":true,\"missing_modules\":[],\"valid\":true,\"validation_errors\":[]},\"B\":{\"sessions\":{\"asia\":true,\"london\":true,\"ny\":true},\"missing_modules\":[\"liquidity.sweeps\"],\"has_delta_15m\":true,\"has_cvd\":true,\"has_sweeps\":false,\"fresh_intraday\":{\"fvg\":0,\"ob\":6},\"valid\":true,\"validation_errors\":[]}}}", "extra": {"taskName": "Task-2"}}
{"ts": "2025-10-26T15:20:35.677718+00:00", "level": "INFO", "name": "src.services.check_all_datas", "msg": "pipeline.progress | symbol=BTCUSDT | event=inspection.pipeline.stage | payload={\"agg_counts\": {\"diagnostics\": {\"A\": {\"missing_modules\": [], \"reason_flags\": [], \"validation_errors\": []}, \"B\": {\"cvd_agg\": -339.95199999999977, \"delta_15m\": -339.95200000000006, \"fresh_counts\": {\"fvg\": 0, \"ob\": 6}, \"missing_modules\": [\"liquidity.sweeps\"], \"reason_flags\": [\"sweeps_missing\"], \"sweeps_sample\": 0, \"validation_errors\": []}}}, \"bar_counts\": {\"A\": 11, \"B\": 3}, \"completeness\": {\"A\": {\"counts\": {\"fvg\": 5, \"ob\": 6}, \"has_last_price\": true, \"missing_modules\": [], \"open_entries\": 11, \"valid\": true, \"validation_errors\": [], \"window_hours\": 72}, \"B\": {\"fresh_intraday\": {\"fvg\": 0, \"ob\": 6}, \"has_cvd\": true, \"has_delta_15m\": true, \"has_sweeps\": false, \"missing_modules\": [\"liquidity.sweeps\"], \"sessions\": {\"asia\": true, \"london\": true, \"ny\": true}, \"valid\": true, \"validation_errors\": []}}, \"duration_ms\": 0.265, \"label\": \"vitrines\", \"stage\": \"vitrines\", \"status\": \"complete\"}", "extra": {"taskName": "Task-2"}}
{"ts": "2025-10-26T15:20:35.677829+00:00", "level": "INFO", "name": "src.services.tracing", "msg": "{\"ts\":\"2025-10-26T15:20:35Z\",\"level\":\"INFO\",\"event\":\"availability.checked\",\"stage\":\"pipeline\",\"symbol\":\"BTCUSDT\",\"cid\":\"c_1ed1\",\"rid\":\"r_c004\",\"scope\":\"payload\",\"blocks\":[\"timeframes\"]}", "extra": {"taskName": "Task-2"}}
{"ts": "2025-10-26T15:20:35.678426+00:00", "level": "INFO", "name": "src.services.check_all_datas", "msg": "Missing fields detected", "extra": {"taskName": "Task-2", "missing_fields": ["orderflow.footprint", "vwap_tpo.sessions.london.ib_high", "vwap_tpo.sessions.london.ib_low", "vwap_tpo.sessions.london.poc", "vwap_tpo.sessions.london.vah", "vwap_tpo.sessions.london.val", "vwap_tpo.sessions.ny.ib_high", "vwap_tpo.sessions.ny.ib_low", "vwap_tpo.sessions.ny.poc", "vwap_tpo.sessions.ny.vah", "vwap_tpo.sessions.ny.val", "zones.fvl", "zones.pb", "zones.recent"]}}
{"ts": "2025-10-26T15:20:35.693157+00:00", "level": "INFO", "name": "src.services.tracing", "msg": "{\"ts\":\"2025-10-26T15:20:35Z\",\"level\":\"INFO\",\"event\":\"output.prepare_payload\",\"stage\":\"pipeline\",\"symbol\":\"BTCUSDT\",\"cid\":\"c_1ed1\",\"rid\":\"r_c004\",\"scope\":\"output\",\"status\":\"ready\",\"missing_fields\":14}", "extra": {"taskName": "Task-2"}}
{"ts": "2025-10-26T15:20:35.707582+00:00", "level": "INFO", "name": "src.services.tracing", "msg": "{\"ts\":\"2025-10-26T15:20:35Z\",\"level\":\"INFO\",\"event\":\"output.publish\",\"stage\":\"pipeline\",\"symbol\":\"BTCUSDT\",\"cid\":\"c_1ed1\",\"rid\":\"r_c004\",\"scope\":\"output\",\"status\":\"ready\",\"size_bytes\":1503358}", "extra": {"taskName": "Task-2"}}
{"ts": "2025-10-26T15:20:35.707689+00:00", "level": "INFO", "name": "src.services.tracing", "msg": "{\"ts\":\"2025-10-26T15:20:35Z\",\"level\":\"INFO\",\"event\":\"pipeline.done\",\"stage\":\"pipeline\",\"symbol\":\"BTCUSDT\",\"cid\":\"c_1ed1\",\"rid\":\"r_c004\",\"scope\":\"pipeline\",\"status\":\"ready\",\"fetch_ms\":10.91,\"db_ms\":6.56,\"compute_ms\":3041.51,\"serialize_ms\":14.21,\"size_bytes\":1503358}", "extra": {"taskName": "Task-2"}}
{"ts": "2025-10-26T15:20:35.781779+00:00", "level": "INFO", "name": "src.services.check_all_datas", "msg": "pipeline.run.complete | symbol=BTCUSDT | status=ready", "extra": {"taskName": "Task-2"}}
{"ts": "2025-10-26T15:20:35.782027+00:00", "level": "INFO", "name": "src.api.app", "msg": "app.bootstrap.complete", "extra": {"taskName": "Task-2", "symbols": ["BTCUSDT"], "days": 3, "seconds": 5.86}}
{"ts": "2025-10-26T15:20:40.495920+00:00", "level": "INFO", "name": "src.api.app", "msg": "app.bootstrap.begin", "extra": {"taskName": "Task-2", "symbols": ["BTCUSDT"], "days": 3, "timeout": 600.0}}
{"ts": "2025-10-26T15:20:40.496078+00:00", "level": "INFO", "name": "src.api.app", "msg": "app.bootstrap.vision_ingest.start", "extra": {"taskName": "Task-2", "symbol": "BTCUSDT", "days": 3, "start_ms": 1761232840496, "end_ms": 1761492040496}}
{"ts": "2025-10-26T15:20:40.496306+00:00", "level": "INFO", "name": "src.services.vision_ingest", "msg": "vision.ingest.start | symbol=BTCUSDT | start_ms=1761232840496 | end_ms=1761492040496 | datasets=['klines'] | intervals=('1m',) | days=['2025-10-23', '2025-10-24', '2025-10-25']", "extra": {"taskName": "Task-2"}}
{"ts": "2025-10-26T15:20:40.519361+00:00", "level": "INFO", "name": "src.services.vision_ingest", "msg": "vision.ingest.task.start | symbol=BTCUSDT | dataset=klines | day=2025-10-23 | interval=1m", "extra": {"taskName": "Task-2"}}
{"ts": "2025-10-26T15:20:40.822509+00:00", "level": "INFO", "name": "httpx", "msg": "HTTP Request: GET https://data.binance.vision/data/futures/um/daily/klines/BTCUSDT/1m/BTCUSDT-1m-2025-10-23.zip \"HTTP/1.1 200 OK\"", "extra": {"taskName": "Task-2"}}
{"ts": "2025-10-26T15:20:41.095610+00:00", "level": "INFO", "name": "src.services.ohlc_sanitizer", "msg": "Sanitised candles", "extra": {"taskName": "Task-2", "stage": "vision.klines.seed", "input_count": 1440, "output_count": 1440, "invalid_ts": 0, "invalid_ohlc": 0, "earliest_ms": 1761177600000, "latest_ms": 1761263940000}}
{"ts": "2025-10-26T15:20:41.110784+00:00", "level": "INFO", "name": "src.services.vision_ingest", "msg": "vision.ingest.task.complete | symbol=BTCUSDT | dataset=klines | day=2025-10-23 | interval=1m | records=1440 | inserted=1440", "extra": {"taskName": "Task-2"}}
{"ts": "2025-10-26T15:20:41.111079+00:00", "level": "INFO", "name": "src.services.vision_ingest", "msg": "vision.ingest.task.start | symbol=BTCUSDT | dataset=klines | day=2025-10-24 | interval=1m", "extra": {"taskName": "Task-2"}}
{"ts": "2025-10-26T15:20:41.379794+00:00", "level": "INFO", "name": "httpx", "msg": "HTTP Request: GET https://data.binance.vision/data/futures/um/daily/klines/BTCUSDT/1m/BTCUSDT-1m-2025-10-24.zip \"HTTP/1.1 200 OK\"", "extra": {"taskName": "Task-2"}}
{"ts": "2025-10-26T15:20:41.634533+00:00", "level": "INFO", "name": "src.services.ohlc_sanitizer", "msg": "Sanitised candles", "extra": {"taskName": "Task-2", "stage": "vision.klines.seed", "input_count": 1440, "output_count": 1440, "invalid_ts": 0, "invalid_ohlc": 0, "earliest_ms": 1761264000000, "latest_ms": 1761350340000}}
{"ts": "2025-10-26T15:20:41.649388+00:00", "level": "INFO", "name": "src.services.vision_ingest", "msg": "vision.ingest.task.complete | symbol=BTCUSDT | dataset=klines | day=2025-10-24 | interval=1m | records=1440 | inserted=1440", "extra": {"taskName": "Task-2"}}
{"ts": "2025-10-26T15:20:41.649675+00:00", "level": "INFO", "name": "src.services.vision_ingest", "msg": "vision.ingest.task.start | symbol=BTCUSDT | dataset=klines | day=2025-10-25 | interval=1m", "extra": {"taskName": "Task-2"}}
{"ts": "2025-10-26T15:20:42.375111+00:00", "level": "INFO", "name": "httpx", "msg": "HTTP Request: GET https://data.binance.vision/data/futures/um/daily/klines/BTCUSDT/1m/BTCUSDT-1m-2025-10-25.zip \"HTTP/1.1 200 OK\"", "extra": {"taskName": "Task-2"}}
{"ts": "2025-10-26T15:20:42.642144+00:00", "level": "INFO", "name": "src.services.ohlc_sanitizer", "msg": "Sanitised candles", "extra": {"taskName": "Task-2", "stage": "vision.klines.seed", "input_count": 1440, "output_count": 1440, "invalid_ts": 0, "invalid_ohlc": 0, "earliest_ms": 1761350400000, "latest_ms": 1761436740000}}
{"ts": "2025-10-26T15:20:42.657323+00:00", "level": "INFO", "name": "src.services.vision_ingest", "msg": "vision.ingest.task.complete | symbol=BTCUSDT | dataset=klines | day=2025-10-25 | interval=1m | records=1440 | inserted=1440", "extra": {"taskName": "Task-2"}}
{"ts": "2025-10-26T15:20:42.657821+00:00", "level": "INFO", "name": "src.services.vision_ingest", "msg": "vision.ingest.complete | symbol=BTCUSDT | status=ok | errors=0 | missing=0", "extra": {"taskName": "Task-2"}}
{"ts": "2025-10-26T15:20:42.658453+00:00", "level": "INFO", "name": "src.api.app", "msg": "app.bootstrap.vision_ingest.complete", "extra": {"taskName": "Task-2", "symbol": "BTCUSDT", "status": "ok", "days": 3, "inserted": 4320}}
{"ts": "2025-10-26T15:20:42.658557+00:00", "level": "INFO", "name": "src.common.config", "msg": "config.loaded", "extra": {"taskName": "Task-2", "offline": false, "ingest_policy": "LOCAL_THEN_REMOTE", "fixture_dirs": ["tests/fixtures", "fixtures", "cache/vision"], "data_dir": "./data", "duckdb_path": "./meta/index.duckdb", "market": "um"}}
{"ts": "2025-10-26T15:20:42.668502+00:00", "level": "INFO", "name": "src.services.inspection_cache_service", "msg": "inspection.cache.ensure.start", "extra": {"taskName": "Task-2", "symbol": "BTCUSDT", "days": 3, "target_days": ["2025-10-25", "2025-10-24", "2025-10-23"], "network_backfill": true}}
{"ts": "2025-10-26T15:20:42.685163+00:00", "level": "INFO", "name": "src.services.inspection_cache_service", "msg": "inspection.cache.ensure.hit", "extra": {"taskName": "Task-2", "symbol": "BTCUSDT", "day": "2025-10-23", "minutes_found": 0, "minutes_expected": 1440}}
{"ts": "2025-10-26T15:20:42.692362+00:00", "level": "INFO", "name": "src.services.inspection_cache_service", "msg": "inspection.cache.ensure.hit", "extra": {"taskName": "Task-2", "symbol": "BTCUSDT", "day": "2025-10-24", "minutes_found": 0, "minutes_expected": 1440}}
{"ts": "2025-10-26T15:20:42.699563+00:00", "level": "INFO", "name": "src.services.inspection_cache_service", "msg": "inspection.cache.ensure.hit", "extra": {"taskName": "Task-2", "symbol": "BTCUSDT", "day": "2025-10-25", "minutes_found": 0, "minutes_expected": 1440}}
{"ts": "2025-10-26T15:20:42.699667+00:00", "level": "INFO", "name": "src.services.inspection_cache_service", "msg": "inspection.cache.ensure.complete", "extra": {"taskName": "Task-2", "symbol": "BTCUSDT", "status": "warm", "days": 3}}
{"ts": "2025-10-26T15:20:42.699810+00:00", "level": "INFO", "name": "src.services.tracing", "msg": "{\"ts\":\"2025-10-26T15:20:42Z\",\"level\":\"INFO\",\"event\":\"pipeline.start\",\"stage\":\"summary\",\"symbol\":\"BTCUSDT\",\"cid\":\"c_d099\",\"rid\":\"r_efb6\",\"window_hours\":72,\"mode\":\"summary\"}", "extra": {"taskName": "Task-2"}}
{"ts": "2025-10-26T15:20:42.706753+00:00", "level": "INFO", "name": "src.services.inspection_cache_service", "msg": "inspection.cache.ensure.start", "extra": {"taskName": "Task-2", "symbol": "BTCUSDT", "days": 3, "target_days": ["2025-10-25", "2025-10-24", "2025-10-23"], "network_backfill": false}}
{"ts": "2025-10-26T15:20:42.723762+00:00", "level": "INFO", "name": "src.services.inspection_cache_service", "msg": "inspection.cache.ensure.hit", "extra": {"taskName": "Task-2", "symbol": "BTCUSDT", "day": "2025-10-23", "minutes_found": 0, "minutes_expected": 1440}}
{"ts": "2025-10-26T15:20:42.731212+00:00", "level": "INFO", "name": "src.services.inspection_cache_service", "msg": "inspection.cache.ensure.hit", "extra": {"taskName": "Task-2", "symbol": "BTCUSDT", "day": "2025-10-24", "minutes_found": 0, "minutes_expected": 1440}}
{"ts": "2025-10-26T15:20:42.738746+00:00", "level": "INFO", "name": "src.services.inspection_cache_service", "msg": "inspection.cache.ensure.hit", "extra": {"taskName": "Task-2", "symbol": "BTCUSDT", "day": "2025-10-25", "minutes_found": 0, "minutes_expected": 1440}}
{"ts": "2025-10-26T15:20:42.738862+00:00", "level": "INFO", "name": "src.services.inspection_cache_service", "msg": "inspection.cache.ensure.complete", "extra": {"taskName": "Task-2", "symbol": "BTCUSDT", "status": "warm", "days": 3}}
{"ts": "2025-10-26T15:20:42.738988+00:00", "level": "INFO", "name": "src.services.inspection_cache_service", "msg": "inspection.cache.seed.built", "extra": {"taskName": "Task-2", "timeframes": ["15m", "1d", "1h", "1m", "3m", "4h", "5m"], "minutes_found": 0, "minutes_expected": 4320, "coverage_pct": 0.0}}
{"ts": "2025-10-26T15:20:42.739154+00:00", "level": "INFO", "name": "src.services.check_all_datas", "msg": "pipeline.run.start | symbol=BTCUSDT | window_hours=72 | hours=None | strict_window=True | network_backfill=False | timeout=180.0", "extra": {"taskName": "Task-2"}}
{"ts": "2025-10-26T15:20:42.739531+00:00", "level": "INFO", "name": "src.services.ohlc_sanitizer", "msg": "Sanitised candles", "extra": {"taskName": "Task-2", "stage": "seed.1m", "input_count": 0, "output_count": 0, "invalid_ts": 0, "invalid_ohlc": 0, "earliest_ms": null, "latest_ms": null}}
{"ts": "2025-10-26T15:20:42.739661+00:00", "level": "INFO", "name": "src.services.tracing", "msg": "{\"ts\":\"2025-10-26T15:20:42Z\",\"level\":\"INFO\",\"event\":\"ui.click_received\",\"stage\":\"pipeline\",\"symbol\":\"BTCUSDT\",\"cid\":\"c_d099\",\"rid\":\"r_efb6\",\"scope\":\"ui\",\"strict_window\":true,\"network_backfill\":false,\"minute_backfill_enabled\":false}", "extra": {"taskName": "Task-2"}}
{"ts": "2025-10-26T15:20:42.739746+00:00", "level": "INFO", "name": "src.services.tracing", "msg": "{\"ts\":\"2025-10-26T15:20:42Z\",\"level\":\"INFO\",\"event\":\"pipeline.start\",\"stage\":\"pipeline\",\"symbol\":\"BTCUSDT\",\"cid\":\"c_d099\",\"rid\":\"r_efb6\",\"scope\":\"pipeline\",\"strict_window\":true,\"network_backfill\":false,\"minute_backfill_enabled\":false}", "extra": {"taskName": "Task-2"}}
{"ts": "2025-10-26T15:20:42.739834+00:00", "level": "INFO", "name": "src.services.tracing", "msg": "{\"ts\":\"2025-10-26T15:20:42Z\",\"level\":\"INFO\",\"event\":\"pipeline.contract_ok\",\"stage\":\"pipeline\",\"symbol\":\"BTCUSDT\",\"cid\":\"c_d099\",\"rid\":\"r_efb6\",\"scope\":\"pipeline\",\"base_window_hours\":72,\"strict_three_day\":true,\"window_end_ms\":1761436800000}", "extra": {"taskName": "Task-2"}}
{"ts": "2025-10-26T15:20:42.739919+00:00", "level": "INFO", "name": "src.services.tracing", "msg": "{\"ts\":\"2025-10-26T15:20:42Z\",\"level\":\"INFO\",\"event\":\"fetch.batch_start\",\"stage\":\"pipeline\",\"symbol\":\"BTCUSDT\",\"cid\":\"c_d099\",\"rid\":\"r_efb6\",\"scope\":\"summary.1m\",\"window\":{\"from\":1761177600000,\"to\":1761436800000},\"details\":\"collect_recent_summary\"}", "extra": {"taskName": "Task-2"}}
{"ts": "2025-10-26T15:20:42.740014+00:00", "level": "INFO", "name": "src.services.tracing", "msg": "{\"ts\":\"2025-10-26T15:20:42Z\",\"level\":\"INFO\",\"event\":\"collector.start\",\"stage\":\"summary_collect\",\"symbol\":\"BTCUSDT\",\"component\":\"summary_collector\",\"cid\":\"c_d099\",\"rid\":\"r_efb6\",\"start_ms\":1761177600000,\"end_ms\":1761436800000,\"days\":3}", "extra": {"taskName": "Task-2"}}
{"ts": "2025-10-26T15:20:42.744128+00:00", "level": "INFO", "name": "src.services.tracing", "msg": "{\"ts\":\"2025-10-26T15:20:42Z\",\"level\":\"INFO\",\"event\":\"gaps.detected\",\"stage\":\"summary_collect\",\"symbol\":\"BTCUSDT\",\"component\":\"summary_collector\",\"cid\":\"c_d099\",\"rid\":\"r_efb6\",\"interval\":\"1m\",\"total\":0,\"merged\":0,\"first_expected\":1761177600000,\"last_closed\":1761436800000}", "extra": {"taskName": "Task-2"}}
{"ts": "2025-10-26T15:20:42.744232+00:00", "level": "INFO", "name": "src.services.tracing", "msg": "{\"ts\":\"2025-10-26T15:20:42Z\",\"level\":\"INFO\",\"event\":\"gaps.merged\",\"stage\":\"summary_collect\",\"symbol\":\"BTCUSDT\",\"component\":\"summary_collector\",\"cid\":\"c_d099\",\"rid\":\"r_efb6\",\"interval\":\"1m\",\"total\":0,\"merged\":0}", "extra": {"taskName": "Task-2"}}
{"ts": "2025-10-26T15:20:42.744305+00:00", "level": "INFO", "name": "src.services.tracing", "msg": "{\"ts\":\"2025-10-26T15:20:42Z\",\"level\":\"INFO\",\"event\":\"interval.complete\",\"stage\":\"summary_collect\",\"symbol\":\"BTCUSDT\",\"component\":\"summary_collector\",\"cid\":\"c_d099\",\"rid\":\"r_efb6\",\"interval\":\"1m\",\"written\":0,\"requests\":0}", "extra": {"taskName": "Task-2"}}
{"ts": "2025-10-26T15:20:42.750841+00:00", "level": "INFO", "name": "src.services.tracing", "msg": "{\"ts\":\"2025-10-26T15:20:42Z\",\"level\":\"INFO\",\"event\":\"collector.finished\",\"stage\":\"summary_collect\",\"symbol\":\"BTCUSDT\",\"component\":\"summary_collector\",\"cid\":\"c_d099\",\"rid\":\"r_efb6\",\"requests\":0,\"written\":0,\"dropped\":0}", "extra": {"taskName": "Task-2"}}
{"ts": "2025-10-26T15:20:42.751003+00:00", "level": "INFO", "name": "src.services.tracing", "msg": "{\"ts\":\"2025-10-26T15:20:42Z\",\"level\":\"INFO\",\"event\":\"fetch.batch_done\",\"stage\":\"pipeline\",\"symbol\":\"BTCUSDT\",\"cid\":\"c_d099\",\"rid\":\"r_efb6\",\"scope\":\"summary.1m\",\"window\":{\"from\":1761177600000,\"to\":1761436800000},\"metrics\":{\"requests\":0,\"ms\":11.08,\"candles_written\":0},\"details\":\"collect_recent_summary\"}", "extra": {"taskName": "Task-2"}}
{"ts": "2025-10-26T15:20:42.751096+00:00", "level": "INFO", "name": "src.services.tracing", "msg": "{\"ts\":\"2025-10-26T15:20:42Z\",\"level\":\"INFO\",\"event\":\"fetch.batch_start\",\"stage\":\"pipeline\",\"symbol\":\"BTCUSDT\",\"cid\":\"c_d099\",\"rid\":\"r_efb6\",\"scope\":\"repository.1m\",\"window\":{\"from\":1761177600000,\"to\":1761436800000},\"details\":\"repository.fetch_candles\"}", "extra": {"taskName": "Task-2"}}
{"ts": "2025-10-26T15:20:42.757625+00:00", "level": "INFO", "name": "src.services.tracing", "msg": "{\"ts\":\"2025-10-26T15:20:42Z\",\"level\":\"INFO\",\"event\":\"fetch.batch_done\",\"stage\":\"pipeline\",\"symbol\":\"BTCUSDT\",\"cid\":\"c_d099\",\"rid\":\"r_efb6\",\"scope\":\"repository.1m\",\"window\":{\"from\":1761177600000,\"to\":1761436800000},\"metrics\":{\"candles\":4321,\"ms\":6.51},\"details\":\"repository.fetch_candles\"}", "extra": {"taskName": "Task-2"}}
{"ts": "2025-10-26T15:20:42.771686+00:00", "level": "INFO", "name": "src.services.ohlc_sanitizer", "msg": "Sanitised candles", "extra": {"taskName": "Task-2", "stage": "rest.1m", "input_count": 4321, "output_count": 4321, "invalid_ts": 0, "invalid_ohlc": 0, "earliest_ms": 1761177600000, "latest_ms": 1761436800000}}
{"ts": "2025-10-26T15:20:42.777889+00:00", "level": "INFO", "name": "src.services.tracing", "msg": "{\"ts\":\"2025-10-26T15:20:42Z\",\"level\":\"INFO\",\"event\":\"pipeline.stage\",\"stage\":\"rollups\",\"symbol\":\"BTCUSDT\",\"cid\":\"c_d099\",\"rid\":\"r_efb6\",\"label\":\"rollups\",\"status\":\"start\",\"timeframes\":[\"1m\",\"3m\",\"5m\",\"15m\",\"1h\",\"4h\",\"1d\"]}", "extra": {"taskName": "Task-2"}}
{"ts": "2025-10-26T15:20:42.778015+00:00", "level": "INFO", "name": "src.services.check_all_datas", "msg": "pipeline.progress | symbol=BTCUSDT | event=inspection.pipeline.stage | payload={\"label\": \"rollups\", \"stage\": \"rollups\", \"status\": \"start\", \"timeframes\": [\"1m\", \"3m\", \"5m\", \"15m\", \"1h\", \"4h\", \"1d\"]}", "extra": {"taskName": "Task-2"}}
{"ts": "2025-10-26T15:20:42.782915+00:00", "level": "INFO", "name": "src.services.tracing", "msg": "{\"ts\":\"2025-10-26T15:20:42Z\",\"level\":\"INFO\",\"event\":\"availability.checked\",\"stage\":\"ohlcv.multi\",\"symbol\":\"BTCUSDT\",\"cid\":\"c_d099\",\"rid\":\"r_efb6\",\"scope\":\"ohlcv.1m\",\"window\":{\"from\":1761177660000,\"to\":1761436800000},\"metrics\":{\"expected\":4320,\"present\":4320,\"missing\":0,\"coverage_pct\":100.0}}", "extra": {"taskName": "Task-2"}}
{"ts": "2025-10-26T15:20:42.804881+00:00", "level": "INFO", "name": "src.services.tracing", "msg": "{\"ts\":\"2025-10-26T15:20:42Z\",\"level\":\"INFO\",\"event\":\"pipeline.stage\",\"stage\":\"rollups\",\"symbol\":\"BTCUSDT\",\"cid\":\"c_d099\",\"rid\":\"r_efb6\",\"label\":\"rollups\",\"status\":\"complete\",\"duration_ms\":26.963,\"bar_counts\":{\"1m\":4320,\"3m\":1441,\"5m\":865,\"15m\":289,\"1h\":73,\"4h\":19,\"1d\":4,\"seed_minutes\":4321},\"agg_counts\":{\"lookback_days\":3},\"completeness\":{\"has_seed\":true,\"source\":\"remote\"}}", "extra": {"taskName": "Task-2"}}
{"ts": "2025-10-26T15:20:42.805043+00:00", "level": "INFO", "name": "src.services.check_all_datas", "msg": "pipeline.progress | symbol=BTCUSDT | event=inspection.pipeline.stage | payload={\"agg_counts\": {\"lookback_days\": 3}, \"bar_counts\": {\"15m\": 289, \"1d\": 4, \"1h\": 73, \"1m\": 4320, \"3m\": 1441, \"4h\": 19, \"5m\": 865, \"seed_minutes\": 4321}, \"completeness\": {\"has_seed\": true, \"source\": \"remote\"}, \"duration_ms\": 26.963, \"label\": \"rollups\", \"stage\": \"rollups\", \"status\": \"complete\"}", "extra": {"taskName": "Task-2"}}
{"ts": "2025-10-26T15:20:42.805209+00:00", "level": "INFO", "name": "src.services.tracing", "msg": "{\"ts\":\"2025-10-26T15:20:42Z\",\"level\":\"INFO\",\"event\":\"pipeline.stage\",\"stage\":\"vwap_tpo\",\"symbol\":\"BTCUSDT\",\"cid\":\"c_d099\",\"rid\":\"r_efb6\",\"label\":\"vwap/tpo\",\"status\":\"start\",\"sessions\":[\"asia\",\"london\",\"ny\"]}", "extra": {"taskName": "Task-2"}}
{"ts": "2025-10-26T15:20:42.805289+00:00", "level": "INFO", "name": "src.services.check_all_datas", "msg": "pipeline.progress | symbol=BTCUSDT | event=inspection.pipeline.stage | payload={\"label\": \"vwap/tpo\", \"sessions\": [\"asia\", \"london\", \"ny\"], \"stage\": \"vwap_tpo\", \"status\": \"start\"}", "extra": {"taskName": "Task-2"}}
{"ts": "2025-10-26T15:20:43.220517+00:00", "level": "INFO", "name": "src.services.tracing", "msg": "{\"ts\":\"2025-10-26T15:20:43Z\",\"level\":\"INFO\",\"event\":\"pipeline.stage\",\"stage\":\"gaps\",\"symbol\":\"BTCUSDT\",\"cid\":\"c_d099\",\"rid\":\"r_efb6\",\"label\":\"gaps\",\"status\":\"start\",\"window\":{\"start_ms\":1761177600000,\"end_ms\":1761436740000},\"enforce\":true,\"strict\":true}", "extra": {"taskName": "Task-2"}}
{"ts": "2025-10-26T15:20:43.220698+00:00", "level": "INFO", "name": "src.services.check_all_datas", "msg": "pipeline.progress | symbol=BTCUSDT | event=inspection.pipeline.stage | payload={\"enforce\": true, \"label\": \"gaps\", \"stage\": \"gaps\", \"status\": \"start\", \"strict\": true, \"window\": {\"end_ms\": 1761436740000, \"start_ms\": 1761177600000}}", "extra": {"taskName": "Task-2"}}
{"ts": "2025-10-26T15:20:43.221196+00:00", "level": "INFO", "name": "src.services.tracing", "msg": "{\"ts\":\"2025-10-26T15:20:43Z\",\"level\":\"INFO\",\"event\":\"pipeline.stage\",\"stage\":\"gaps\",\"symbol\":\"BTCUSDT\",\"cid\":\"c_d099\",\"rid\":\"r_efb6\",\"label\":\"gaps\",\"status\":\"complete\",\"duration_ms\":0.705,\"bar_counts\":{\"expected\":4320,\"missing_before\":0,\"missing_after\":0,\"downloaded\":0},\"agg_counts\":{\"gap_count\":0,\"relaxed\":false},\"completeness\":{\"coverage_before\":1.0,\"coverage_after\":1.0,\"enforced\":true,\"relaxed\":false}}", "extra": {"taskName": "Task-2"}}
{"ts": "2025-10-26T15:20:43.221271+00:00", "level": "INFO", "name": "src.services.check_all_datas", "msg": "pipeline.progress | symbol=BTCUSDT | event=inspection.pipeline.stage | payload={\"agg_counts\": {\"gap_count\": 0, \"relaxed\": false}, \"bar_counts\": {\"downloaded\": 0, \"expected\": 4320, \"missing_after\": 0, \"missing_before\": 0}, \"completeness\": {\"coverage_after\": 1.0, \"coverage_before\": 1.0, \"enforced\": true, \"relaxed\": false}, \"duration_ms\": 0.705, \"label\": \"gaps\", \"stage\": \"gaps\", \"status\": \"complete\"}", "extra": {"taskName": "Task-2"}}
{"ts": "2025-10-26T15:20:43.274666+00:00", "level": "INFO", "name": "src.services.check_all_datas", "msg": "Liquidity module flag", "extra": {"taskName": "Task-2", "symbol": "BTCUSDT", "enabled": false, "strict_three_day": true, "network_backfill": false}}
{"ts": "2025-10-26T15:20:43.274841+00:00", "level": "INFO", "name": "src.services.check_all_datas", "msg": "Liquidity module disabled for strict offline run", "extra": {"taskName": "Task-2", "symbol": "BTCUSDT"}}
{"ts": "2025-10-26T15:20:43.277337+00:00", "level": "INFO", "name": "src.services.check_all_datas", "msg": "Resolved last price for inspection snapshot", "extra": {"taskName": "Task-2", "source": "ohlcv", "tf": "1m", "ts": 1761436800000, "age_sec": 0, "insufficient_reason": null}}
{"ts": "2025-10-26T15:20:43.277535+00:00", "level": "INFO", "name": "src.services.check_all_datas", "msg": "Snapshot age evaluated", "extra": {"taskName": "Task-2", "snapshot_age_sec": 0}}
{"ts": "2025-10-26T15:20:43.277631+00:00", "level": "INFO", "name": "src.services.tracing", "msg": "{\"ts\":\"2025-10-26T15:20:43Z\",\"level\":\"INFO\",\"event\":\"pipeline.stage\",\"stage\":\"zones\",\"symbol\":\"BTCUSDT\",\"cid\":\"c_d099\",\"rid\":\"r_efb6\",\"label\":\"zones\",\"status\":\"start\",\"availability\":{\"15m\":{\"required\":120,\"adjusted_required\":120,\"available\":288,\"total\":288,\"ok\":true},\"1h\":{\"required\":50,\"adjusted_required\":50,\"available\":72,\"total\":72,\"ok\":true},\"4h\":{\"required\":18,\"adjusted_required\":18,\"available\":18,\"total\":18,\"ok\":true}},\"warmup\":{\"15m\":{\"required\":60,\"adjusted_required\":0,\"actual\":0,\"partial\":false},\"1h\":{\"required\":30,\"adjusted_required\":0,\"actual\":0,\"partial\":false},\"4h\":{\"required\":18,\"adjusted_required\":0,\"actual\":0,\"partial\":false},\"1d\":{\"required\":0,\"adjusted_required\":0,\"actual\":0,\"partial\":false}}}", "extra": {"taskName": "Task-2"}}
{"ts": "2025-10-26T15:20:43.277717+00:00", "level": "INFO", "name": "src.services.check_all_datas", "msg": "pipeline.progress | symbol=BTCUSDT | event=inspection.pipeline.stage | payload={\"availability\": {\"15m\": {\"adjusted_required\": 120, \"available\": 288, \"ok\": true, \"required\": 120, \"total\": 288}, \"1h\": {\"adjusted_required\": 50, \"available\": 72, \"ok\": true, \"required\": 50, \"total\": 72}, \"4h\": {\"adjusted_required\": 18, \"available\": 18, \"ok\": true, \"required\": 18, \"total\": 18}}, \"label\": \"zones\", \"stage\": \"zones\", \"status\": \"start\", \"warmup\": {\"15m\": {\"actual\": 0, \"adjusted_required\": 0, \"partial\": false, \"required\": 60}, \"1d\": {\"actual\": 0, \"adjusted_required\": 0, \"partial\": false, \"required\": 0}, \"1h\": {\"actual\": 0, \"adjusted_required\": 0, \"partial\": false, \"required\": 30}, \"4h\": {\"actual\": 0, \"adjusted_required\": 0, \"partial\": false, \"required\": 18}}}", "extra": {"taskName": "Task-2"}}
{"ts": "2025-10-26T15:20:43.286709+00:00", "level": "INFO", "name": "src.services.tracing", "msg": "{\"ts\":\"2025-10-26T15:20:43Z\",\"level\":\"INFO\",\"event\":\"compute.zones\",\"stage\":\"pipeline\",\"symbol\":\"BTCUSDT\",\"cid\":\"c_d099\",\"rid\":\"r_efb6\",\"scope\":\"zones\",\"duration_ms\":8.89,\"bars\":4320}", "extra": {"taskName": "Task-2"}}
{"ts": "2025-10-26T15:20:43.287491+00:00", "level": "INFO", "name": "src.services.tracing", "msg": "{\"ts\":\"2025-10-26T15:20:43Z\",\"level\":\"INFO\",\"event\":\"pipeline.stage\",\"stage\":\"zones\",\"symbol\":\"BTCUSDT\",\"cid\":\"c_d099\",\"rid\":\"r_efb6\",\"label\":\"zones\",\"status\":\"complete\",\"duration_ms\":9.814,\"bar_counts\":{\"fvg\":5,\"fvl\":0,\"ob\":32,\"mb\":10,\"bb\":10,\"rb\":1,\"pb\":0,\"sr\":3,\"profile_levels\":12},\"agg_counts\":{\"focus_counts\":{\"fvg\":5,\"ob\":6}},\"completeness\":{\"availability\":{\"15m\":{\"required\":120,\"adjusted_required\":120,\"available\":288,\"total\":288,\"ok\":true},\"1h\":{\"required\":50,\"adjusted_required\":50,\"available\":72,\"total\":72,\"ok\":true},\"4h\":{\"required\":18,\"adjusted_required\":18,\"available\":18,\"total\":18,\"ok\":true}},\"warmup\":{\"15m\":{\"required\":60,\"adjusted_required\":0,\"actual\":0,\"partial\":false},\"1h\":{\"required\":30,\"adjusted_required\":0,\"actual\":0,\"partial\":false},\"4h\":{\"required\":18,\"adjusted_required\":0,\"actual\":0,\"partial\":false},\"1d\":{\"required\":0,\"adjusted_required\":0,\"actual\":0,\"partial\":false}}}}", "extra": {"taskName": "Task-2"}}
{"ts": "2025-10-26T15:20:43.287603+00:00", "level": "INFO", "name": "src.services.check_all_datas", "msg": "pipeline.progress | symbol=BTCUSDT | event=inspection.pipeline.stage | payload={\"agg_counts\": {\"focus_counts\": {\"fvg\": 5, \"ob\": 6}}, \"bar_counts\": {\"bb\": 10, \"fvg\": 5, \"fvl\": 0, \"mb\": 10, \"ob\": 32, \"pb\": 0, \"profile_levels\": 12, \"rb\": 1, \"sr\": 3}, \"completeness\": {\"availability\": {\"15m\": {\"adjusted_required\": 120, \"available\": 288, \"ok\": true, \"required\": 120, \"total\": 288}, \"1h\": {\"adjusted_required\": 50, \"available\": 72, \"ok\": true, \"required\": 50, \"total\": 72}, \"4h\": {\"adjusted_required\": 18, \"available\": 18, \"ok\": true, \"required\": 18, \"total\": 18}}, \"warmup\": {\"15m\": {\"actual\": 0, \"adjusted_required\": 0, \"partial\": false, \"required\": 60}, \"1d\": {\"actual\": 0, \"adjusted_required\": 0, \"partial\": false, \"required\": 0}, \"1h\": {\"actual\": 0, \"adjusted_required\": 0, \"partial\": false, \"required\": 30}, \"4h\": {\"actual\": 0, \"adjusted_required\": 0, \"partial\": false, \"required\": 18}}}, \"duration_ms\": 9.814, \"label\": \"zones\", \"stage\": \"zones\", \"status\": \"complete\"}", "extra": {"taskName": "Task-2"}}
{"ts": "2025-10-26T15:20:43.288026+00:00", "level": "INFO", "name": "src.services.tracing", "msg": "{\"ts\":\"2025-10-26T15:20:43Z\",\"level\":\"INFO\",\"event\":\"pipeline.stage\",\"stage\":\"delta\",\"symbol\":\"BTCUSDT\",\"cid\":\"c_d099\",\"rid\":\"r_efb6\",\"label\":\"delta\",\"status\":\"start\",\"window\":{\"start_ms\":1761393600000,\"end_ms\":1761436740000}}", "extra": {"taskName": "Task-2"}}
{"ts": "2025-10-26T15:20:43.288160+00:00", "level": "INFO", "name": "src.services.check_all_datas", "msg": "pipeline.progress | symbol=BTCUSDT | event=inspection.pipeline.stage | payload={\"label\": \"delta\", \"stage\": \"delta\", \"status\": \"start\", \"window\": {\"end_ms\": 1761436740000, \"start_ms\": 1761393600000}}", "extra": {"taskName": "Task-2"}}
{"ts": "2025-10-26T15:20:45.585008+00:00", "level": "INFO", "name": "src.services.tracing", "msg": "{\"ts\":\"2025-10-26T15:20:45Z\",\"level\":\"INFO\",\"event\":\"compute.orderflow\",\"stage\":\"pipeline\",\"symbol\":\"BTCUSDT\",\"cid\":\"c_d099\",\"rid\":\"r_efb6\",\"scope\":\"orderflow\",\"duration_ms\":2296.65,\"minutes\":4320}", "extra": {"taskName": "Task-2"}}
{"ts": "2025-10-26T15:20:45.585246+00:00", "level": "INFO", "name": "src.services.tracing", "msg": "{\"ts\":\"2025-10-26T15:20:45Z\",\"level\":\"INFO\",\"event\":\"pipeline.stage\",\"stage\":\"delta\",\"symbol\":\"BTCUSDT\",\"cid\":\"c_d099\",\"rid\":\"r_efb6\",\"label\":\"delta\",\"status\":\"complete\",\"duration_ms\":2297.175,\"bar_counts\":{\"1m\":720,\"3m\":240,\"5m\":144,\"15m\":48,\"1h\":12},\"agg_counts\":{\"1m_raw\":720,\"1m\":720,\"footprint\":720,\"3m\":240,\"5m\":144,\"15m\":48,\"1h\":12},\"completeness\":{\"expected_minutes\":720,\"with_trades\":719,\"missing_minutes\":1,\"gaps\":[{\"from\":1761436740000,\"to\":1761436740000}],\"reconstructed_minutes\":0}}", "extra": {"taskName": "Task-2"}}
{"ts": "2025-10-26T15:20:45.585334+00:00", "level": "INFO", "name": "src.services.check_all_datas", "msg": "pipeline.progress | symbol=BTCUSDT | event=inspection.pipeline.stage | payload={\"agg_counts\": {\"15m\": 48, \"1h\": 12, \"1m\": 720, \"1m_raw\": 720, \"3m\": 240, \"5m\": 144, \"footprint\": 720}, \"bar_counts\": {\"15m\": 48, \"1h\": 12, \"1m\": 720, \"3m\": 240, \"5m\": 144}, \"completeness\": {\"expected_minutes\": 720, \"gaps\": [{\"from\": 1761436740000, \"to\": 1761436740000}], \"missing_minutes\": 1, \"reconstructed_minutes\": 0, \"with_trades\": 719}, \"duration_ms\": 2297.175, \"label\": \"delta\", \"stage\": \"delta\", \"status\": \"complete\"}", "extra": {"taskName": "Task-2"}}
{"ts": "2025-10-26T15:20:45.585402+00:00", "level": "INFO", "name": "src.services.tracing", "msg": "{\"ts\":\"2025-10-26T15:20:45Z\",\"level\":\"INFO\",\"event\":\"compute.rollups\",\"stage\":\"pipeline\",\"symbol\":\"BTCUSDT\",\"cid\":\"c_d099\",\"rid\":\"r_efb6\",\"scope\":\"rollups\",\"frames\":7}", "extra": {"taskName": "Task-2"}}
{"ts": "2025-10-26T15:20:45.644515+00:00", "level": "INFO", "name": "src.services.tracing", "msg": "{\"ts\":\"2025-10-26T15:20:45Z\",\"level\":\"INFO\",\"event\":\"compute.vwap_tpo\",\"stage\":\"pipeline\",\"symbol\":\"BTCUSDT\",\"cid\":\"c_d099\",\"rid\":\"r_efb6\",\"scope\":\"vwap_tpo.compact\",\"metrics\":{\"bars\":3000,\"ms\":17.995},\"windows\":5}", "extra": {"taskName": "Task-2"}}
{"ts": "2025-10-26T15:20:45.650362+00:00", "level": "INFO", "name": "src.services.tracing", "msg": "{\"ts\":\"2025-10-26T15:20:45Z\",\"level\":\"INFO\",\"event\":\"pipeline.stage\",\"stage\":\"vwap_tpo\",\"symbol\":\"BTCUSDT\",\"cid\":\"c_d099\",\"rid\":\"r_efb6\",\"label\":\"vwap/tpo\",\"status\":\"complete\",\"duration_ms\":2845.116,\"bar_counts\":{\"asia\":120,\"london\":0,\"ny\":0},\"agg_counts\":{\"sessions\":3},\"completeness\":{\"asia\":{\"status\":\"partial\",\"coverage_ratio\":0.5},\"london\":{\"status\":\"empty\",\"coverage_ratio\":0.0},\"ny\":{\"status\":\"empty\",\"coverage_ratio\":0.0}}}", "extra": {"taskName": "Task-2"}}
{"ts": "2025-10-26T15:20:45.650480+00:00", "level": "INFO", "name": "src.services.check_all_datas", "msg": "pipeline.progress | symbol=BTCUSDT | event=inspection.pipeline.stage | payload={\"agg_counts\": {\"sessions\": 3}, \"bar_counts\": {\"asia\": 120, \"london\": 0, \"ny\": 0}, \"completeness\": {\"asia\": {\"coverage_ratio\": 0.5, \"status\": \"partial\"}, \"london\": {\"coverage_ratio\": 0.0, \"status\": \"empty\"}, \"ny\": {\"coverage_ratio\": 0.0, \"status\": \"empty\"}}, \"duration_ms\": 2845.116, \"label\": \"vwap/tpo\", \"stage\": \"vwap_tpo\", \"status\": \"complete\"}", "extra": {"taskName": "Task-2"}}
{"ts": "2025-10-26T15:20:45.650565+00:00", "level": "INFO", "name": "src.services.tracing", "msg": "{\"ts\":\"2025-10-26T15:20:45Z\",\"level\":\"INFO\",\"event\":\"compute.vwap_tpo\",\"stage\":\"pipeline\",\"symbol\":\"BTCUSDT\",\"cid\":\"c_d099\",\"rid\":\"r_efb6\",\"scope\":\"vwap_tpo\",\"sessions\":3}", "extra": {"taskName": "Task-2"}}
{"ts": "2025-10-26T15:20:45.656863+00:00", "level": "INFO", "name": "src.services.tracing", "msg": "{\"ts\":\"2025-10-26T15:20:45Z\",\"level\":\"INFO\",\"event\":\"compute.poi.topN\",\"stage\":\"pipeline\",\"symbol\":\"BTCUSDT\",\"cid\":\"c_d099\",\"rid\":\"r_efb6\",\"scope\":\"zones\",\"counts\":{\"fvg\":5,\"fvl\":0,\"ob\":32,\"mb\":10,\"bb\":10,\"rb\":1,\"pb\":0,\"sr\":3,\"profile_levels\":12}}", "extra": {"taskName": "Task-2"}}
{"ts": "2025-10-26T15:20:45.657053+00:00", "level": "INFO", "name": "src.services.tracing", "msg": "{\"ts\":\"2025-10-26T15:20:45Z\",\"level\":\"INFO\",\"event\":\"pipeline.stage\",\"stage\":\"vitrines\",\"symbol\":\"BTCUSDT\",\"cid\":\"c_d099\",\"rid\":\"r_efb6\",\"label\":\"vitrines\",\"status\":\"start\"}", "extra": {"taskName": "Task-2"}}
{"ts": "2025-10-26T15:20:45.657130+00:00", "level": "INFO", "name": "src.services.check_all_datas", "msg": "pipeline.progress | symbol=BTCUSDT | event=inspection.pipeline.stage | payload={\"label\": \"vitrines\", \"stage\": \"vitrines\", \"status\": \"start\"}", "extra": {"taskName": "Task-2"}}
{"ts": "2025-10-26T15:20:45.657393+00:00", "level": "INFO", "name": "src.services.tracing", "msg": "{\"ts\":\"2025-10-26T15:20:45Z\",\"level\":\"INFO\",\"event\":\"pipeline.stage\",\"stage\":\"vitrines\",\"symbol\":\"BTCUSDT\",\"cid\":\"c_d099\",\"rid\":\"r_efb6\",\"label\":\"vitrines\",\"status\":\"complete\",\"duration_ms\":0.322,\"bar_counts\":{\"A\":11,\"B\":3},\"agg_counts\":{\"diagnostics\":{\"A\":{\"missing_modules\":[],\"reason_flags\":[],\"validation_errors\":[]},\"B\":{\"missing_modules\":[\"liquidity.sweeps\"],\"reason_flags\":[\"sweeps_missing\"],\"validation_errors\":[],\"fresh_counts\":{\"fvg\":0,\"ob\":6},\"delta_15m\":-339.95200000000006,\"cvd_agg\":-339.95199999999977,\"sweeps_sample\":0}}},\"completeness\":{\"A\":{\"window_hours\":72,\"counts\":{\"fvg\":5,\"ob\":6},\"open_entries\":11,\"has_last_price\":true,\"missing_modules\":[],\"valid\":true,\"validation_errors\":[]},\"B\":{\"sessions\":{\"asia\":true,\"london\":true,\"ny\":true},\"missing_modules\":[\"liquidity.sweeps\"],\"has_delta_15m\":true,\"has_cvd\":true,\"has_sweeps\":false,\"fresh_intraday\":{\"fvg\":0,\"ob\":6},\"valid\":true,\"validation_errors\":[]}}}", "extra": {"taskName": "Task-2"}}
{"ts": "2025-10-26T15:20:45.657497+00:00", "level": "INFO", "name": "src.services.check_all_datas", "msg": "pipeline.progress | symbol=BTCUSDT | event=inspection.pipeline.stage | payload={\"agg_counts\": {\"diagnostics\": {\"A\": {\"missing_modules\": [], \"reason_flags\": [], \"validation_errors\": []}, \"B\": {\"cvd_agg\": -339.95199999999977, \"delta_15m\": -339.95200000000006, \"fresh_counts\": {\"fvg\": 0, \"ob\": 6}, \"missing_modules\": [\"liquidity.sweeps\"], \"reason_flags\": [\"sweeps_missing\"], \"sweeps_sample\": 0, \"validation_errors\": []}}}, \"bar_counts\": {\"A\": 11, \"B\": 3}, \"completeness\": {\"A\": {\"counts\": {\"fvg\": 5, \"ob\": 6}, \"has_last_price\": true, \"missing_modules\": [], \"open_entries\": 11, \"valid\": true, \"validation_errors\": [], \"window_hours\": 72}, \"B\": {\"fresh_intraday\": {\"fvg\": 0, \"ob\": 6}, \"has_cvd\": true, \"has_delta_15m\": true, \"has_sweeps\": false, \"missing_modules\": [\"liquidity.sweeps\"], \"sessions\": {\"asia\": true, \"london\": true, \"ny\": true}, \"valid\": true, \"validation_errors\": []}}, \"duration_ms\": 0.322, \"label\": \"vitrines\", \"stage\": \"vitrines\", \"status\": \"complete\"}", "extra": {"taskName": "Task-2"}}
{"ts": "2025-10-26T15:20:45.657611+00:00", "level": "INFO", "name": "src.services.tracing", "msg": "{\"ts\":\"2025-10-26T15:20:45Z\",\"level\":\"INFO\",\"event\":\"availability.checked\",\"stage\":\"pipeline\",\"symbol\":\"BTCUSDT\",\"cid\":\"c_d099\",\"rid\":\"r_efb6\",\"scope\":\"payload\",\"blocks\":[\"timeframes\"]}", "extra": {"taskName": "Task-2"}}
{"ts": "2025-10-26T15:20:45.658172+00:00", "level": "INFO", "name": "src.services.check_all_datas", "msg": "Missing fields detected", "extra": {"taskName": "Task-2", "missing_fields": ["vwap_tpo.sessions.london.ib_high", "vwap_tpo.sessions.london.ib_low", "vwap_tpo.sessions.london.poc", "vwap_tpo.sessions.london.vah", "vwap_tpo.sessions.london.val", "vwap_tpo.sessions.ny.ib_high", "vwap_tpo.sessions.ny.ib_low", "vwap_tpo.sessions.ny.poc", "vwap_tpo.sessions.ny.vah", "vwap_tpo.sessions.ny.val", "zones.fvl", "zones.pb", "zones.recent"]}}
{"ts": "2025-10-26T15:20:45.673405+00:00", "level": "INFO", "name": "src.services.tracing", "msg": "{\"ts\":\"2025-10-26T15:20:45Z\",\"level\":\"INFO\",\"event\":\"output.prepare_payload\",\"stage\":\"pipeline\",\"symbol\":\"BTCUSDT\",\"cid\":\"c_d099\",\"rid\":\"r_efb6\",\"scope\":\"output\",\"status\":\"ready\",\"missing_fields\":13}", "extra": {"taskName": "Task-2"}}
{"ts": "2025-10-26T15:20:45.687823+00:00", "level": "INFO", "name": "src.services.tracing", "msg": "{\"ts\":\"2025-10-26T15:20:45Z\",\"level\":\"INFO\",\"event\":\"output.publish\",\"stage\":\"pipeline\",\"symbol\":\"BTCUSDT\",\"cid\":\"c_d099\",\"rid\":\"r_efb6\",\"scope\":\"output\",\"status\":\"ready\",\"size_bytes\":1503336}", "extra": {"taskName": "Task-2"}}
{"ts": "2025-10-26T15:20:45.687934+00:00", "level": "INFO", "name": "src.services.tracing", "msg": "{\"ts\":\"2025-10-26T15:20:45Z\",\"level\":\"INFO\",\"event\":\"pipeline.done\",\"stage\":\"pipeline\",\"symbol\":\"BTCUSDT\",\"cid\":\"c_d099\",\"rid\":\"r_efb6\",\"scope\":\"pipeline\",\"status\":\"ready\",\"fetch_ms\":11.08,\"db_ms\":6.51,\"compute_ms\":2916.49,\"serialize_ms\":14.16,\"size_bytes\":1503336}", "extra": {"taskName": "Task-2"}}
{"ts": "2025-10-26T15:20:45.762300+00:00", "level": "INFO", "name": "src.services.check_all_datas", "msg": "pipeline.run.complete | symbol=BTCUSDT | status=ready", "extra": {"taskName": "Task-2"}}
{"ts": "2025-10-26T15:20:45.762519+00:00", "level": "INFO", "name": "src.api.app", "msg": "app.bootstrap.complete", "extra": {"taskName": "Task-2", "symbols": ["BTCUSDT"], "days": 3, "seconds": 5.27}}
{"ts": "2025-10-26T15:21:58.193573+00:00", "level": "INFO", "name": "src.services.tracing", "msg": "{\"ts\":\"2025-10-26T15:21:58Z\",\"level\":\"INFO\",\"event\":\"pipeline.start\",\"stage\":\"summary\",\"symbol\":\"BTCUSDT\",\"cid\":\"c_6c0f\",\"rid\":\"r_8ca4\",\"window_hours\":72,\"mode\":\"summary\"}", "extra": {"taskName": "starlette.middleware.base.BaseHTTPMiddleware.__call__.<locals>.call_next.<locals>.coro"}}
{"ts": "2025-10-26T15:21:58.205196+00:00", "level": "INFO", "name": "src.services.inspection_cache_service", "msg": "inspection.cache.ensure.start", "extra": {"taskName": "starlette.middleware.base.BaseHTTPMiddleware.__call__.<locals>.call_next.<locals>.coro", "symbol": "BTCUSDT", "days": 3, "target_days": ["2025-10-25", "2025-10-24", "2025-10-23"], "network_backfill": false}}
{"ts": "2025-10-26T15:21:58.221180+00:00", "level": "INFO", "name": "src.services.inspection_cache_service", "msg": "inspection.cache.ensure.hit", "extra": {"taskName": "starlette.middleware.base.BaseHTTPMiddleware.__call__.<locals>.call_next.<locals>.coro", "symbol": "BTCUSDT", "day": "2025-10-23", "minutes_found": 0, "minutes_expected": 1440}}
{"ts": "2025-10-26T15:21:58.228795+00:00", "level": "INFO", "name": "src.services.inspection_cache_service", "msg": "inspection.cache.ensure.hit", "extra": {"taskName": "starlette.middleware.base.BaseHTTPMiddleware.__call__.<locals>.call_next.<locals>.coro", "symbol": "BTCUSDT", "day": "2025-10-24", "minutes_found": 0, "minutes_expected": 1440}}
{"ts": "2025-10-26T15:21:58.236524+00:00", "level": "INFO", "name": "src.services.inspection_cache_service", "msg": "inspection.cache.ensure.hit", "extra": {"taskName": "starlette.middleware.base.BaseHTTPMiddleware.__call__.<locals>.call_next.<locals>.coro", "symbol": "BTCUSDT", "day": "2025-10-25", "minutes_found": 0, "minutes_expected": 1440}}
{"ts": "2025-10-26T15:21:58.236664+00:00", "level": "INFO", "name": "src.services.inspection_cache_service", "msg": "inspection.cache.ensure.complete", "extra": {"taskName": "starlette.middleware.base.BaseHTTPMiddleware.__call__.<locals>.call_next.<locals>.coro", "symbol": "BTCUSDT", "status": "warm", "days": 3}}
{"ts": "2025-10-26T15:21:58.236844+00:00", "level": "INFO", "name": "src.services.inspection_cache_service", "msg": "inspection.cache.seed.built", "extra": {"taskName": "starlette.middleware.base.BaseHTTPMiddleware.__call__.<locals>.call_next.<locals>.coro", "timeframes": ["15m", "1d", "1h", "1m", "3m", "4h", "5m"], "minutes_found": 0, "minutes_expected": 4320, "coverage_pct": 0.0}}
{"ts": "2025-10-26T15:21:58.236953+00:00", "level": "INFO", "name": "src.services.check_all_datas", "msg": "pipeline.run.start | symbol=BTCUSDT | window_hours=72 | hours=None | strict_window=True | network_backfill=False | timeout=180.0", "extra": {"taskName": "starlette.middleware.base.BaseHTTPMiddleware.__call__.<locals>.call_next.<locals>.coro"}}
{"ts": "2025-10-26T15:21:58.237131+00:00", "level": "INFO", "name": "src.services.ohlc_sanitizer", "msg": "Sanitised candles", "extra": {"taskName": "starlette.middleware.base.BaseHTTPMiddleware.__call__.<locals>.call_next.<locals>.coro", "stage": "seed.1m", "input_count": 0, "output_count": 0, "invalid_ts": 0, "invalid_ohlc": 0, "earliest_ms": null, "latest_ms": null}}
{"ts": "2025-10-26T15:21:58.237231+00:00", "level": "INFO", "name": "src.services.tracing", "msg": "{\"ts\":\"2025-10-26T15:21:58Z\",\"level\":\"INFO\",\"event\":\"ui.click_received\",\"stage\":\"pipeline\",\"symbol\":\"BTCUSDT\",\"cid\":\"c_6c0f\",\"rid\":\"r_8ca4\",\"scope\":\"ui\",\"strict_window\":true,\"network_backfill\":false,\"minute_backfill_enabled\":false}", "extra": {"taskName": "starlette.middleware.base.BaseHTTPMiddleware.__call__.<locals>.call_next.<locals>.coro"}}
{"ts": "2025-10-26T15:21:58.237298+00:00", "level": "INFO", "name": "src.services.tracing", "msg": "{\"ts\":\"2025-10-26T15:21:58Z\",\"level\":\"INFO\",\"event\":\"pipeline.start\",\"stage\":\"pipeline\",\"symbol\":\"BTCUSDT\",\"cid\":\"c_6c0f\",\"rid\":\"r_8ca4\",\"scope\":\"pipeline\",\"strict_window\":true,\"network_backfill\":false,\"minute_backfill_enabled\":false}", "extra": {"taskName": "starlette.middleware.base.BaseHTTPMiddleware.__call__.<locals>.call_next.<locals>.coro"}}
{"ts": "2025-10-26T15:21:58.237375+00:00", "level": "INFO", "name": "src.services.tracing", "msg": "{\"ts\":\"2025-10-26T15:21:58Z\",\"level\":\"INFO\",\"event\":\"pipeline.contract_ok\",\"stage\":\"pipeline\",\"symbol\":\"BTCUSDT\",\"cid\":\"c_6c0f\",\"rid\":\"r_8ca4\",\"scope\":\"pipeline\",\"base_window_hours\":72,\"strict_three_day\":true,\"window_end_ms\":1761436800000}", "extra": {"taskName": "starlette.middleware.base.BaseHTTPMiddleware.__call__.<locals>.call_next.<locals>.coro"}}
{"ts": "2025-10-26T15:21:58.237462+00:00", "level": "INFO", "name": "src.services.tracing", "msg": "{\"ts\":\"2025-10-26T15:21:58Z\",\"level\":\"INFO\",\"event\":\"fetch.batch_start\",\"stage\":\"pipeline\",\"symbol\":\"BTCUSDT\",\"cid\":\"c_6c0f\",\"rid\":\"r_8ca4\",\"scope\":\"summary.1m\",\"window\":{\"from\":1761177600000,\"to\":1761436800000},\"details\":\"collect_recent_summary\"}", "extra": {"taskName": "starlette.middleware.base.BaseHTTPMiddleware.__call__.<locals>.call_next.<locals>.coro"}}
{"ts": "2025-10-26T15:21:58.237536+00:00", "level": "INFO", "name": "src.services.tracing", "msg": "{\"ts\":\"2025-10-26T15:21:58Z\",\"level\":\"INFO\",\"event\":\"collector.start\",\"stage\":\"summary_collect\",\"symbol\":\"BTCUSDT\",\"component\":\"summary_collector\",\"cid\":\"c_6c0f\",\"rid\":\"r_8ca4\",\"start_ms\":1761177600000,\"end_ms\":1761436800000,\"days\":3}", "extra": {"taskName": "starlette.middleware.base.BaseHTTPMiddleware.__call__.<locals>.call_next.<locals>.coro"}}
{"ts": "2025-10-26T15:21:58.242362+00:00", "level": "INFO", "name": "src.services.tracing", "msg": "{\"ts\":\"2025-10-26T15:21:58Z\",\"level\":\"INFO\",\"event\":\"gaps.detected\",\"stage\":\"summary_collect\",\"symbol\":\"BTCUSDT\",\"component\":\"summary_collector\",\"cid\":\"c_6c0f\",\"rid\":\"r_8ca4\",\"interval\":\"1m\",\"total\":0,\"merged\":0,\"first_expected\":1761177600000,\"last_closed\":1761436800000}", "extra": {"taskName": "starlette.middleware.base.BaseHTTPMiddleware.__call__.<locals>.call_next.<locals>.coro"}}
{"ts": "2025-10-26T15:21:58.242476+00:00", "level": "INFO", "name": "src.services.tracing", "msg": "{\"ts\":\"2025-10-26T15:21:58Z\",\"level\":\"INFO\",\"event\":\"gaps.merged\",\"stage\":\"summary_collect\",\"symbol\":\"BTCUSDT\",\"component\":\"summary_collector\",\"cid\":\"c_6c0f\",\"rid\":\"r_8ca4\",\"interval\":\"1m\",\"total\":0,\"merged\":0}", "extra": {"taskName": "starlette.middleware.base.BaseHTTPMiddleware.__call__.<locals>.call_next.<locals>.coro"}}
{"ts": "2025-10-26T15:21:58.242563+00:00", "level": "INFO", "name": "src.services.tracing", "msg": "{\"ts\":\"2025-10-26T15:21:58Z\",\"level\":\"INFO\",\"event\":\"interval.complete\",\"stage\":\"summary_collect\",\"symbol\":\"BTCUSDT\",\"component\":\"summary_collector\",\"cid\":\"c_6c0f\",\"rid\":\"r_8ca4\",\"interval\":\"1m\",\"written\":0,\"requests\":0}", "extra": {"taskName": "starlette.middleware.base.BaseHTTPMiddleware.__call__.<locals>.call_next.<locals>.coro"}}
{"ts": "2025-10-26T15:21:58.248897+00:00", "level": "INFO", "name": "src.services.tracing", "msg": "{\"ts\":\"2025-10-26T15:21:58Z\",\"level\":\"INFO\",\"event\":\"collector.finished\",\"stage\":\"summary_collect\",\"symbol\":\"BTCUSDT\",\"component\":\"summary_collector\",\"cid\":\"c_6c0f\",\"rid\":\"r_8ca4\",\"requests\":0,\"written\":0,\"dropped\":0}", "extra": {"taskName": "starlette.middleware.base.BaseHTTPMiddleware.__call__.<locals>.call_next.<locals>.coro"}}
{"ts": "2025-10-26T15:21:58.249084+00:00", "level": "INFO", "name": "src.services.tracing", "msg": "{\"ts\":\"2025-10-26T15:21:58Z\",\"level\":\"INFO\",\"event\":\"fetch.batch_done\",\"stage\":\"pipeline\",\"symbol\":\"BTCUSDT\",\"cid\":\"c_6c0f\",\"rid\":\"r_8ca4\",\"scope\":\"summary.1m\",\"window\":{\"from\":1761177600000,\"to\":1761436800000},\"metrics\":{\"requests\":0,\"ms\":11.61,\"candles_written\":0},\"details\":\"collect_recent_summary\"}", "extra": {"taskName": "starlette.middleware.base.BaseHTTPMiddleware.__call__.<locals>.call_next.<locals>.coro"}}
{"ts": "2025-10-26T15:21:58.249232+00:00", "level": "INFO", "name": "src.services.tracing", "msg": "{\"ts\":\"2025-10-26T15:21:58Z\",\"level\":\"INFO\",\"event\":\"fetch.batch_start\",\"stage\":\"pipeline\",\"symbol\":\"BTCUSDT\",\"cid\":\"c_6c0f\",\"rid\":\"r_8ca4\",\"scope\":\"repository.1m\",\"window\":{\"from\":1761177600000,\"to\":1761436800000},\"details\":\"repository.fetch_candles\"}", "extra": {"taskName": "starlette.middleware.base.BaseHTTPMiddleware.__call__.<locals>.call_next.<locals>.coro"}}
{"ts": "2025-10-26T15:21:58.255847+00:00", "level": "INFO", "name": "src.services.tracing", "msg": "{\"ts\":\"2025-10-26T15:21:58Z\",\"level\":\"INFO\",\"event\":\"fetch.batch_done\",\"stage\":\"pipeline\",\"symbol\":\"BTCUSDT\",\"cid\":\"c_6c0f\",\"rid\":\"r_8ca4\",\"scope\":\"repository.1m\",\"window\":{\"from\":1761177600000,\"to\":1761436800000},\"metrics\":{\"candles\":4321,\"ms\":6.59},\"details\":\"repository.fetch_candles\"}", "extra": {"taskName": "starlette.middleware.base.BaseHTTPMiddleware.__call__.<locals>.call_next.<locals>.coro"}}
{"ts": "2025-10-26T15:21:58.268533+00:00", "level": "INFO", "name": "src.services.ohlc_sanitizer", "msg": "Sanitised candles", "extra": {"taskName": "starlette.middleware.base.BaseHTTPMiddleware.__call__.<locals>.call_next.<locals>.coro", "stage": "rest.1m", "input_count": 4321, "output_count": 4321, "invalid_ts": 0, "invalid_ohlc": 0, "earliest_ms": 1761177600000, "latest_ms": 1761436800000}}
{"ts": "2025-10-26T15:21:58.274067+00:00", "level": "INFO", "name": "src.services.tracing", "msg": "{\"ts\":\"2025-10-26T15:21:58Z\",\"level\":\"INFO\",\"event\":\"pipeline.stage\",\"stage\":\"rollups\",\"symbol\":\"BTCUSDT\",\"cid\":\"c_6c0f\",\"rid\":\"r_8ca4\",\"label\":\"rollups\",\"status\":\"start\",\"timeframes\":[\"1m\",\"3m\",\"5m\",\"15m\",\"1h\",\"4h\",\"1d\"]}", "extra": {"taskName": "starlette.middleware.base.BaseHTTPMiddleware.__call__.<locals>.call_next.<locals>.coro"}}
{"ts": "2025-10-26T15:21:58.274202+00:00", "level": "INFO", "name": "src.services.check_all_datas", "msg": "pipeline.progress | symbol=BTCUSDT | event=inspection.pipeline.stage | payload={\"label\": \"rollups\", \"stage\": \"rollups\", \"status\": \"start\", \"timeframes\": [\"1m\", \"3m\", \"5m\", \"15m\", \"1h\", \"4h\", \"1d\"]}", "extra": {"taskName": "starlette.middleware.base.BaseHTTPMiddleware.__call__.<locals>.call_next.<locals>.coro"}}
{"ts": "2025-10-26T15:21:58.279123+00:00", "level": "INFO", "name": "src.services.tracing", "msg": "{\"ts\":\"2025-10-26T15:21:58Z\",\"level\":\"INFO\",\"event\":\"availability.checked\",\"stage\":\"ohlcv.multi\",\"symbol\":\"BTCUSDT\",\"cid\":\"c_6c0f\",\"rid\":\"r_8ca4\",\"scope\":\"ohlcv.1m\",\"window\":{\"from\":1761177660000,\"to\":1761436800000},\"metrics\":{\"expected\":4320,\"present\":4320,\"missing\":0,\"coverage_pct\":100.0}}", "extra": {"taskName": "starlette.middleware.base.BaseHTTPMiddleware.__call__.<locals>.call_next.<locals>.coro"}}
{"ts": "2025-10-26T15:21:58.301052+00:00", "level": "INFO", "name": "src.services.tracing", "msg": "{\"ts\":\"2025-10-26T15:21:58Z\",\"level\":\"INFO\",\"event\":\"pipeline.stage\",\"stage\":\"rollups\",\"symbol\":\"BTCUSDT\",\"cid\":\"c_6c0f\",\"rid\":\"r_8ca4\",\"label\":\"rollups\",\"status\":\"complete\",\"duration_ms\":26.96,\"bar_counts\":{\"1m\":4320,\"3m\":1441,\"5m\":865,\"15m\":289,\"1h\":73,\"4h\":19,\"1d\":4,\"seed_minutes\":4321},\"agg_counts\":{\"lookback_days\":3},\"completeness\":{\"has_seed\":true,\"source\":\"remote\"}}", "extra": {"taskName": "starlette.middleware.base.BaseHTTPMiddleware.__call__.<locals>.call_next.<locals>.coro"}}
{"ts": "2025-10-26T15:21:58.301208+00:00", "level": "INFO", "name": "src.services.check_all_datas", "msg": "pipeline.progress | symbol=BTCUSDT | event=inspection.pipeline.stage | payload={\"agg_counts\": {\"lookback_days\": 3}, \"bar_counts\": {\"15m\": 289, \"1d\": 4, \"1h\": 73, \"1m\": 4320, \"3m\": 1441, \"4h\": 19, \"5m\": 865, \"seed_minutes\": 4321}, \"completeness\": {\"has_seed\": true, \"source\": \"remote\"}, \"duration_ms\": 26.96, \"label\": \"rollups\", \"stage\": \"rollups\", \"status\": \"complete\"}", "extra": {"taskName": "starlette.middleware.base.BaseHTTPMiddleware.__call__.<locals>.call_next.<locals>.coro"}}
{"ts": "2025-10-26T15:21:58.301402+00:00", "level": "INFO", "name": "src.services.tracing", "msg": "{\"ts\":\"2025-10-26T15:21:58Z\",\"level\":\"INFO\",\"event\":\"pipeline.stage\",\"stage\":\"vwap_tpo\",\"symbol\":\"BTCUSDT\",\"cid\":\"c_6c0f\",\"rid\":\"r_8ca4\",\"label\":\"vwap/tpo\",\"status\":\"start\",\"sessions\":[\"asia\",\"london\",\"ny\"]}", "extra": {"taskName": "starlette.middleware.base.BaseHTTPMiddleware.__call__.<locals>.call_next.<locals>.coro"}}
{"ts": "2025-10-26T15:21:58.301475+00:00", "level": "INFO", "name": "src.services.check_all_datas", "msg": "pipeline.progress | symbol=BTCUSDT | event=inspection.pipeline.stage | payload={\"label\": \"vwap/tpo\", \"sessions\": [\"asia\", \"london\", \"ny\"], \"stage\": \"vwap_tpo\", \"status\": \"start\"}", "extra": {"taskName": "starlette.middleware.base.BaseHTTPMiddleware.__call__.<locals>.call_next.<locals>.coro"}}
{"ts": "2025-10-26T15:21:58.324311+00:00", "level": "INFO", "name": "src.services.tracing", "msg": "{\"ts\":\"2025-10-26T15:21:58Z\",\"level\":\"INFO\",\"event\":\"pipeline.stage\",\"stage\":\"gaps\",\"symbol\":\"BTCUSDT\",\"cid\":\"c_6c0f\",\"rid\":\"r_8ca4\",\"label\":\"gaps\",\"status\":\"start\",\"window\":{\"start_ms\":1761177600000,\"end_ms\":1761436740000},\"enforce\":true,\"strict\":true}", "extra": {"taskName": "starlette.middleware.base.BaseHTTPMiddleware.__call__.<locals>.call_next.<locals>.coro"}}
{"ts": "2025-10-26T15:21:58.324466+00:00", "level": "INFO", "name": "src.services.check_all_datas", "msg": "pipeline.progress | symbol=BTCUSDT | event=inspection.pipeline.stage | payload={\"enforce\": true, \"label\": \"gaps\", \"stage\": \"gaps\", \"status\": \"start\", \"strict\": true, \"window\": {\"end_ms\": 1761436740000, \"start_ms\": 1761177600000}}", "extra": {"taskName": "starlette.middleware.base.BaseHTTPMiddleware.__call__.<locals>.call_next.<locals>.coro"}}
{"ts": "2025-10-26T15:21:58.324950+00:00", "level": "INFO", "name": "src.services.tracing", "msg": "{\"ts\":\"2025-10-26T15:21:58Z\",\"level\":\"INFO\",\"event\":\"pipeline.stage\",\"stage\":\"gaps\",\"symbol\":\"BTCUSDT\",\"cid\":\"c_6c0f\",\"rid\":\"r_8ca4\",\"label\":\"gaps\",\"status\":\"complete\",\"duration_ms\":0.659,\"bar_counts\":{\"expected\":4320,\"missing_before\":0,\"missing_after\":0,\"downloaded\":0},\"agg_counts\":{\"gap_count\":0,\"relaxed\":false},\"completeness\":{\"coverage_before\":1.0,\"coverage_after\":1.0,\"enforced\":true,\"relaxed\":false}}", "extra": {"taskName": "starlette.middleware.base.BaseHTTPMiddleware.__call__.<locals>.call_next.<locals>.coro"}}
{"ts": "2025-10-26T15:21:58.325027+00:00", "level": "INFO", "name": "src.services.check_all_datas", "msg": "pipeline.progress | symbol=BTCUSDT | event=inspection.pipeline.stage | payload={\"agg_counts\": {\"gap_count\": 0, \"relaxed\": false}, \"bar_counts\": {\"downloaded\": 0, \"expected\": 4320, \"missing_after\": 0, \"missing_before\": 0}, \"completeness\": {\"coverage_after\": 1.0, \"coverage_before\": 1.0, \"enforced\": true, \"relaxed\": false}, \"duration_ms\": 0.659, \"label\": \"gaps\", \"stage\": \"gaps\", \"status\": \"complete\"}", "extra": {"taskName": "starlette.middleware.base.BaseHTTPMiddleware.__call__.<locals>.call_next.<locals>.coro"}}
{"ts": "2025-10-26T15:21:58.385327+00:00", "level": "INFO", "name": "src.services.check_all_datas", "msg": "Liquidity module flag", "extra": {"taskName": "starlette.middleware.base.BaseHTTPMiddleware.__call__.<locals>.call_next.<locals>.coro", "symbol": "BTCUSDT", "enabled": false, "strict_three_day": true, "network_backfill": false}}
{"ts": "2025-10-26T15:21:58.392499+00:00", "level": "INFO", "name": "src.services.check_all_datas", "msg": "Liquidity module disabled for strict offline run", "extra": {"taskName": "starlette.middleware.base.BaseHTTPMiddleware.__call__.<locals>.call_next.<locals>.coro", "symbol": "BTCUSDT"}}
{"ts": "2025-10-26T15:21:58.396190+00:00", "level": "INFO", "name": "src.services.check_all_datas", "msg": "Resolved last price for inspection snapshot", "extra": {"taskName": "starlette.middleware.base.BaseHTTPMiddleware.__call__.<locals>.call_next.<locals>.coro", "source": "ohlcv", "tf": "1m", "ts": 1761436800000, "age_sec": 0, "insufficient_reason": null}}
{"ts": "2025-10-26T15:21:58.396494+00:00", "level": "INFO", "name": "src.services.check_all_datas", "msg": "Snapshot age evaluated", "extra": {"taskName": "starlette.middleware.base.BaseHTTPMiddleware.__call__.<locals>.call_next.<locals>.coro", "snapshot_age_sec": 0}}
{"ts": "2025-10-26T15:21:58.396612+00:00", "level": "INFO", "name": "src.services.tracing", "msg": "{\"ts\":\"2025-10-26T15:21:58Z\",\"level\":\"INFO\",\"event\":\"pipeline.stage\",\"stage\":\"zones\",\"symbol\":\"BTCUSDT\",\"cid\":\"c_6c0f\",\"rid\":\"r_8ca4\",\"label\":\"zones\",\"status\":\"start\",\"availability\":{\"15m\":{\"required\":120,\"adjusted_required\":120,\"available\":288,\"total\":288,\"ok\":true},\"1h\":{\"required\":50,\"adjusted_required\":50,\"available\":72,\"total\":72,\"ok\":true},\"4h\":{\"required\":18,\"adjusted_required\":18,\"available\":18,\"total\":18,\"ok\":true}},\"warmup\":{\"15m\":{\"required\":60,\"adjusted_required\":0,\"actual\":0,\"partial\":false},\"1h\":{\"required\":30,\"adjusted_required\":0,\"actual\":0,\"partial\":false},\"4h\":{\"required\":18,\"adjusted_required\":0,\"actual\":0,\"partial\":false},\"1d\":{\"required\":0,\"adjusted_required\":0,\"actual\":0,\"partial\":false}}}", "extra": {"taskName": "starlette.middleware.base.BaseHTTPMiddleware.__call__.<locals>.call_next.<locals>.coro"}}
{"ts": "2025-10-26T15:21:58.396703+00:00", "level": "INFO", "name": "src.services.check_all_datas", "msg": "pipeline.progress | symbol=BTCUSDT | event=inspection.pipeline.stage | payload={\"availability\": {\"15m\": {\"adjusted_required\": 120, \"available\": 288, \"ok\": true, \"required\": 120, \"total\": 288}, \"1h\": {\"adjusted_required\": 50, \"available\": 72, \"ok\": true, \"required\": 50, \"total\": 72}, \"4h\": {\"adjusted_required\": 18, \"available\": 18, \"ok\": true, \"required\": 18, \"total\": 18}}, \"label\": \"zones\", \"stage\": \"zones\", \"status\": \"start\", \"warmup\": {\"15m\": {\"actual\": 0, \"adjusted_required\": 0, \"partial\": false, \"required\": 60}, \"1d\": {\"actual\": 0, \"adjusted_required\": 0, \"partial\": false, \"required\": 0}, \"1h\": {\"actual\": 0, \"adjusted_required\": 0, \"partial\": false, \"required\": 30}, \"4h\": {\"actual\": 0, \"adjusted_required\": 0, \"partial\": false, \"required\": 18}}}", "extra": {"taskName": "starlette.middleware.base.BaseHTTPMiddleware.__call__.<locals>.call_next.<locals>.coro"}}
{"ts": "2025-10-26T15:21:58.405983+00:00", "level": "INFO", "name": "src.services.tracing", "msg": "{\"ts\":\"2025-10-26T15:21:58Z\",\"level\":\"INFO\",\"event\":\"compute.zones\",\"stage\":\"pipeline\",\"symbol\":\"BTCUSDT\",\"cid\":\"c_6c0f\",\"rid\":\"r_8ca4\",\"scope\":\"zones\",\"duration_ms\":9.18,\"bars\":4320}", "extra": {"taskName": "starlette.middleware.base.BaseHTTPMiddleware.__call__.<locals>.call_next.<locals>.coro"}}
{"ts": "2025-10-26T15:21:58.406589+00:00", "level": "INFO", "name": "src.services.tracing", "msg": "{\"ts\":\"2025-10-26T15:21:58Z\",\"level\":\"INFO\",\"event\":\"pipeline.stage\",\"stage\":\"zones\",\"symbol\":\"BTCUSDT\",\"cid\":\"c_6c0f\",\"rid\":\"r_8ca4\",\"label\":\"zones\",\"status\":\"complete\",\"duration_ms\":9.978,\"bar_counts\":{\"fvg\":5,\"fvl\":0,\"ob\":32,\"mb\":10,\"bb\":10,\"rb\":1,\"pb\":0,\"sr\":3,\"profile_levels\":12},\"agg_counts\":{\"focus_counts\":{\"fvg\":5,\"ob\":6}},\"completeness\":{\"availability\":{\"15m\":{\"required\":120,\"adjusted_required\":120,\"available\":288,\"total\":288,\"ok\":true},\"1h\":{\"required\":50,\"adjusted_required\":50,\"available\":72,\"total\":72,\"ok\":true},\"4h\":{\"required\":18,\"adjusted_required\":18,\"available\":18,\"total\":18,\"ok\":true}},\"warmup\":{\"15m\":{\"required\":60,\"adjusted_required\":0,\"actual\":0,\"partial\":false},\"1h\":{\"required\":30,\"adjusted_required\":0,\"actual\":0,\"partial\":false},\"4h\":{\"required\":18,\"adjusted_required\":0,\"actual\":0,\"partial\":false},\"1d\":{\"required\":0,\"adjusted_required\":0,\"actual\":0,\"partial\":false}}}}", "extra": {"taskName": "starlette.middleware.base.BaseHTTPMiddleware.__call__.<locals>.call_next.<locals>.coro"}}
{"ts": "2025-10-26T15:21:58.406687+00:00", "level": "INFO", "name": "src.services.check_all_datas", "msg": "pipeline.progress | symbol=BTCUSDT | event=inspection.pipeline.stage | payload={\"agg_counts\": {\"focus_counts\": {\"fvg\": 5, \"ob\": 6}}, \"bar_counts\": {\"bb\": 10, \"fvg\": 5, \"fvl\": 0, \"mb\": 10, \"ob\": 32, \"pb\": 0, \"profile_levels\": 12, \"rb\": 1, \"sr\": 3}, \"completeness\": {\"availability\": {\"15m\": {\"adjusted_required\": 120, \"available\": 288, \"ok\": true, \"required\": 120, \"total\": 288}, \"1h\": {\"adjusted_required\": 50, \"available\": 72, \"ok\": true, \"required\": 50, \"total\": 72}, \"4h\": {\"adjusted_required\": 18, \"available\": 18, \"ok\": true, \"required\": 18, \"total\": 18}}, \"warmup\": {\"15m\": {\"actual\": 0, \"adjusted_required\": 0, \"partial\": false, \"required\": 60}, \"1d\": {\"actual\": 0, \"adjusted_required\": 0, \"partial\": false, \"required\": 0}, \"1h\": {\"actual\": 0, \"adjusted_required\": 0, \"partial\": false, \"required\": 30}, \"4h\": {\"actual\": 0, \"adjusted_required\": 0, \"partial\": false, \"required\": 18}}}, \"duration_ms\": 9.978, \"label\": \"zones\", \"stage\": \"zones\", \"status\": \"complete\"}", "extra": {"taskName": "starlette.middleware.base.BaseHTTPMiddleware.__call__.<locals>.call_next.<locals>.coro"}}
{"ts": "2025-10-26T15:21:58.407147+00:00", "level": "INFO", "name": "src.services.tracing", "msg": "{\"ts\":\"2025-10-26T15:21:58Z\",\"level\":\"INFO\",\"event\":\"pipeline.stage\",\"stage\":\"delta\",\"symbol\":\"BTCUSDT\",\"cid\":\"c_6c0f\",\"rid\":\"r_8ca4\",\"label\":\"delta\",\"status\":\"start\",\"window\":{\"start_ms\":1761393600000,\"end_ms\":1761436740000}}", "extra": {"taskName": "starlette.middleware.base.BaseHTTPMiddleware.__call__.<locals>.call_next.<locals>.coro"}}
{"ts": "2025-10-26T15:21:58.407233+00:00", "level": "INFO", "name": "src.services.check_all_datas", "msg": "pipeline.progress | symbol=BTCUSDT | event=inspection.pipeline.stage | payload={\"label\": \"delta\", \"stage\": \"delta\", \"status\": \"start\", \"window\": {\"end_ms\": 1761436740000, \"start_ms\": 1761393600000}}", "extra": {"taskName": "starlette.middleware.base.BaseHTTPMiddleware.__call__.<locals>.call_next.<locals>.coro"}}
{"ts": "2025-10-26T15:22:00.726982+00:00", "level": "INFO", "name": "src.services.tracing", "msg": "{\"ts\":\"2025-10-26T15:22:00Z\",\"level\":\"INFO\",\"event\":\"compute.orderflow\",\"stage\":\"pipeline\",\"symbol\":\"BTCUSDT\",\"cid\":\"c_6c0f\",\"rid\":\"r_8ca4\",\"scope\":\"orderflow\",\"duration_ms\":2319.58,\"minutes\":4320}", "extra": {"taskName": "starlette.middleware.base.BaseHTTPMiddleware.__call__.<locals>.call_next.<locals>.coro"}}
{"ts": "2025-10-26T15:22:00.727213+00:00", "level": "INFO", "name": "src.services.tracing", "msg": "{\"ts\":\"2025-10-26T15:22:00Z\",\"level\":\"INFO\",\"event\":\"pipeline.stage\",\"stage\":\"delta\",\"symbol\":\"BTCUSDT\",\"cid\":\"c_6c0f\",\"rid\":\"r_8ca4\",\"label\":\"delta\",\"status\":\"complete\",\"duration_ms\":2320.021,\"bar_counts\":{\"1m\":720,\"3m\":240,\"5m\":144,\"15m\":48,\"1h\":12},\"agg_counts\":{\"1m_raw\":720,\"1m\":720,\"footprint\":720,\"3m\":240,\"5m\":144,\"15m\":48,\"1h\":12},\"completeness\":{\"expected_minutes\":720,\"with_trades\":719,\"missing_minutes\":1,\"gaps\":[{\"from\":1761436740000,\"to\":1761436740000}],\"reconstructed_minutes\":0}}", "extra": {"taskName": "starlette.middleware.base.BaseHTTPMiddleware.__call__.<locals>.call_next.<locals>.coro"}}
{"ts": "2025-10-26T15:22:00.727302+00:00", "level": "INFO", "name": "src.services.check_all_datas", "msg": "pipeline.progress | symbol=BTCUSDT | event=inspection.pipeline.stage | payload={\"agg_counts\": {\"15m\": 48, \"1h\": 12, \"1m\": 720, \"1m_raw\": 720, \"3m\": 240, \"5m\": 144, \"footprint\": 720}, \"bar_counts\": {\"15m\": 48, \"1h\": 12, \"1m\": 720, \"3m\": 240, \"5m\": 144}, \"completeness\": {\"expected_minutes\": 720, \"gaps\": [{\"from\": 1761436740000, \"to\": 1761436740000}], \"missing_minutes\": 1, \"reconstructed_minutes\": 0, \"with_trades\": 719}, \"duration_ms\": 2320.021, \"label\": \"delta\", \"stage\": \"delta\", \"status\": \"complete\"}", "extra": {"taskName": "starlette.middleware.base.BaseHTTPMiddleware.__call__.<locals>.call_next.<locals>.coro"}}
{"ts": "2025-10-26T15:22:00.727373+00:00", "level": "INFO", "name": "src.services.tracing", "msg": "{\"ts\":\"2025-10-26T15:22:00Z\",\"level\":\"INFO\",\"event\":\"compute.rollups\",\"stage\":\"pipeline\",\"symbol\":\"BTCUSDT\",\"cid\":\"c_6c0f\",\"rid\":\"r_8ca4\",\"scope\":\"rollups\",\"frames\":7}", "extra": {"taskName": "starlette.middleware.base.BaseHTTPMiddleware.__call__.<locals>.call_next.<locals>.coro"}}
{"ts": "2025-10-26T15:22:00.779332+00:00", "level": "INFO", "name": "src.services.tracing", "msg": "{\"ts\":\"2025-10-26T15:22:00Z\",\"level\":\"INFO\",\"event\":\"compute.vwap_tpo\",\"stage\":\"pipeline\",\"symbol\":\"BTCUSDT\",\"cid\":\"c_6c0f\",\"rid\":\"r_8ca4\",\"scope\":\"vwap_tpo.compact\",\"metrics\":{\"bars\":0,\"ms\":14.261},\"windows\":5}", "extra": {"taskName": "starlette.middleware.base.BaseHTTPMiddleware.__call__.<locals>.call_next.<locals>.coro"}}
{"ts": "2025-10-26T15:22:00.785520+00:00", "level": "INFO", "name": "src.services.tracing", "msg": "{\"ts\":\"2025-10-26T15:22:00Z\",\"level\":\"INFO\",\"event\":\"pipeline.stage\",\"stage\":\"vwap_tpo\",\"symbol\":\"BTCUSDT\",\"cid\":\"c_6c0f\",\"rid\":\"r_8ca4\",\"label\":\"vwap/tpo\",\"status\":\"complete\",\"duration_ms\":2484.094,\"bar_counts\":{\"asia\":120,\"london\":0,\"ny\":0},\"agg_counts\":{\"sessions\":3},\"completeness\":{\"asia\":{\"status\":\"partial\",\"coverage_ratio\":0.5},\"london\":{\"status\":\"empty\",\"coverage_ratio\":0.0},\"ny\":{\"status\":\"empty\",\"coverage_ratio\":0.0}}}", "extra": {"taskName": "starlette.middleware.base.BaseHTTPMiddleware.__call__.<locals>.call_next.<locals>.coro"}}
{"ts": "2025-10-26T15:22:00.785648+00:00", "level": "INFO", "name": "src.services.check_all_datas", "msg": "pipeline.progress | symbol=BTCUSDT | event=inspection.pipeline.stage | payload={\"agg_counts\": {\"sessions\": 3}, \"bar_counts\": {\"asia\": 120, \"london\": 0, \"ny\": 0}, \"completeness\": {\"asia\": {\"coverage_ratio\": 0.5, \"status\": \"partial\"}, \"london\": {\"coverage_ratio\": 0.0, \"status\": \"empty\"}, \"ny\": {\"coverage_ratio\": 0.0, \"status\": \"empty\"}}, \"duration_ms\": 2484.094, \"label\": \"vwap/tpo\", \"stage\": \"vwap_tpo\", \"status\": \"complete\"}", "extra": {"taskName": "starlette.middleware.base.BaseHTTPMiddleware.__call__.<locals>.call_next.<locals>.coro"}}
{"ts": "2025-10-26T15:22:00.785728+00:00", "level": "INFO", "name": "src.services.tracing", "msg": "{\"ts\":\"2025-10-26T15:22:00Z\",\"level\":\"INFO\",\"event\":\"compute.vwap_tpo\",\"stage\":\"pipeline\",\"symbol\":\"BTCUSDT\",\"cid\":\"c_6c0f\",\"rid\":\"r_8ca4\",\"scope\":\"vwap_tpo\",\"sessions\":3}", "extra": {"taskName": "starlette.middleware.base.BaseHTTPMiddleware.__call__.<locals>.call_next.<locals>.coro"}}
{"ts": "2025-10-26T15:22:00.792742+00:00", "level": "INFO", "name": "src.services.tracing", "msg": "{\"ts\":\"2025-10-26T15:22:00Z\",\"level\":\"INFO\",\"event\":\"compute.poi.topN\",\"stage\":\"pipeline\",\"symbol\":\"BTCUSDT\",\"cid\":\"c_6c0f\",\"rid\":\"r_8ca4\",\"scope\":\"zones\",\"counts\":{\"fvg\":5,\"fvl\":0,\"ob\":32,\"mb\":10,\"bb\":10,\"rb\":1,\"pb\":0,\"sr\":3,\"profile_levels\":12}}", "extra": {"taskName": "starlette.middleware.base.BaseHTTPMiddleware.__call__.<locals>.call_next.<locals>.coro"}}
{"ts": "2025-10-26T15:22:00.792888+00:00", "level": "INFO", "name": "src.services.tracing", "msg": "{\"ts\":\"2025-10-26T15:22:00Z\",\"level\":\"INFO\",\"event\":\"pipeline.stage\",\"stage\":\"vitrines\",\"symbol\":\"BTCUSDT\",\"cid\":\"c_6c0f\",\"rid\":\"r_8ca4\",\"label\":\"vitrines\",\"status\":\"start\"}", "extra": {"taskName": "starlette.middleware.base.BaseHTTPMiddleware.__call__.<locals>.call_next.<locals>.coro"}}
{"ts": "2025-10-26T15:22:00.792951+00:00", "level": "INFO", "name": "src.services.check_all_datas", "msg": "pipeline.progress | symbol=BTCUSDT | event=inspection.pipeline.stage | payload={\"label\": \"vitrines\", \"stage\": \"vitrines\", \"status\": \"start\"}", "extra": {"taskName": "starlette.middleware.base.BaseHTTPMiddleware.__call__.<locals>.call_next.<locals>.coro"}}
{"ts": "2025-10-26T15:22:00.793168+00:00", "level": "INFO", "name": "src.services.tracing", "msg": "{\"ts\":\"2025-10-26T15:22:00Z\",\"level\":\"INFO\",\"event\":\"pipeline.stage\",\"stage\":\"vitrines\",\"symbol\":\"BTCUSDT\",\"cid\":\"c_6c0f\",\"rid\":\"r_8ca4\",\"label\":\"vitrines\",\"status\":\"complete\",\"duration_ms\":0.262,\"bar_counts\":{\"A\":11,\"B\":3},\"agg_counts\":{\"diagnostics\":{\"A\":{\"missing_modules\":[],\"reason_flags\":[],\"validation_errors\":[]},\"B\":{\"missing_modules\":[\"liquidity.sweeps\"],\"reason_flags\":[\"sweeps_missing\"],\"validation_errors\":[],\"fresh_counts\":{\"fvg\":0,\"ob\":6},\"delta_15m\":-339.95200000000006,\"cvd_agg\":-339.95199999999977,\"sweeps_sample\":0}}},\"completeness\":{\"A\":{\"window_hours\":72,\"counts\":{\"fvg\":5,\"ob\":6},\"open_entries\":11,\"has_last_price\":true,\"missing_modules\":[],\"valid\":true,\"validation_errors\":[]},\"B\":{\"sessions\":{\"asia\":true,\"london\":true,\"ny\":true},\"missing_modules\":[\"liquidity.sweeps\"],\"has_delta_15m\":true,\"has_cvd\":true,\"has_sweeps\":false,\"fresh_intraday\":{\"fvg\":0,\"ob\":6},\"valid\":true,\"validation_errors\":[]}}}", "extra": {"taskName": "starlette.middleware.base.BaseHTTPMiddleware.__call__.<locals>.call_next.<locals>.coro"}}
{"ts": "2025-10-26T15:22:00.793269+00:00", "level": "INFO", "name": "src.services.check_all_datas", "msg": "pipeline.progress | symbol=BTCUSDT | event=inspection.pipeline.stage | payload={\"agg_counts\": {\"diagnostics\": {\"A\": {\"missing_modules\": [], \"reason_flags\": [], \"validation_errors\": []}, \"B\": {\"cvd_agg\": -339.95199999999977, \"delta_15m\": -339.95200000000006, \"fresh_counts\": {\"fvg\": 0, \"ob\": 6}, \"missing_modules\": [\"liquidity.sweeps\"], \"reason_flags\": [\"sweeps_missing\"], \"sweeps_sample\": 0, \"validation_errors\": []}}}, \"bar_counts\": {\"A\": 11, \"B\": 3}, \"completeness\": {\"A\": {\"counts\": {\"fvg\": 5, \"ob\": 6}, \"has_last_price\": true, \"missing_modules\": [], \"open_entries\": 11, \"valid\": true, \"validation_errors\": [], \"window_hours\": 72}, \"B\": {\"fresh_intraday\": {\"fvg\": 0, \"ob\": 6}, \"has_cvd\": true, \"has_delta_15m\": true, \"has_sweeps\": false, \"missing_modules\": [\"liquidity.sweeps\"], \"sessions\": {\"asia\": true, \"london\": true, \"ny\": true}, \"valid\": true, \"validation_errors\": []}}, \"duration_ms\": 0.262, \"label\": \"vitrines\", \"stage\": \"vitrines\", \"status\": \"complete\"}", "extra": {"taskName": "starlette.middleware.base.BaseHTTPMiddleware.__call__.<locals>.call_next.<locals>.coro"}}
{"ts": "2025-10-26T15:22:00.793348+00:00", "level": "INFO", "name": "src.services.tracing", "msg": "{\"ts\":\"2025-10-26T15:22:00Z\",\"level\":\"INFO\",\"event\":\"availability.checked\",\"stage\":\"pipeline\",\"symbol\":\"BTCUSDT\",\"cid\":\"c_6c0f\",\"rid\":\"r_8ca4\",\"scope\":\"payload\",\"blocks\":[\"timeframes\"]}", "extra": {"taskName": "starlette.middleware.base.BaseHTTPMiddleware.__call__.<locals>.call_next.<locals>.coro"}}
{"ts": "2025-10-26T15:22:00.793907+00:00", "level": "INFO", "name": "src.services.check_all_datas", "msg": "Missing fields detected", "extra": {"taskName": "starlette.middleware.base.BaseHTTPMiddleware.__call__.<locals>.call_next.<locals>.coro", "missing_fields": ["vwap_tpo.sessions.london.ib_high", "vwap_tpo.sessions.london.ib_low", "vwap_tpo.sessions.london.poc", "vwap_tpo.sessions.london.vah", "vwap_tpo.sessions.london.val", "vwap_tpo.sessions.ny.ib_high", "vwap_tpo.sessions.ny.ib_low", "vwap_tpo.sessions.ny.poc", "vwap_tpo.sessions.ny.vah", "vwap_tpo.sessions.ny.val", "zones.fvl", "zones.pb", "zones.recent"]}}
{"ts": "2025-10-26T15:22:00.809295+00:00", "level": "INFO", "name": "src.services.tracing", "msg": "{\"ts\":\"2025-10-26T15:22:00Z\",\"level\":\"INFO\",\"event\":\"output.prepare_payload\",\"stage\":\"pipeline\",\"symbol\":\"BTCUSDT\",\"cid\":\"c_6c0f\",\"rid\":\"r_8ca4\",\"scope\":\"output\",\"status\":\"ready\",\"missing_fields\":13}", "extra": {"taskName": "starlette.middleware.base.BaseHTTPMiddleware.__call__.<locals>.call_next.<locals>.coro"}}
{"ts": "2025-10-26T15:22:00.825289+00:00", "level": "INFO", "name": "src.services.tracing", "msg": "{\"ts\":\"2025-10-26T15:22:00Z\",\"level\":\"INFO\",\"event\":\"output.publish\",\"stage\":\"pipeline\",\"symbol\":\"BTCUSDT\",\"cid\":\"c_6c0f\",\"rid\":\"r_8ca4\",\"scope\":\"output\",\"status\":\"ready\",\"size_bytes\":1503336}", "extra": {"taskName": "starlette.middleware.base.BaseHTTPMiddleware.__call__.<locals>.call_next.<locals>.coro"}}
{"ts": "2025-10-26T15:22:00.825406+00:00", "level": "INFO", "name": "src.services.tracing", "msg": "{\"ts\":\"2025-10-26T15:22:00Z\",\"level\":\"INFO\",\"event\":\"pipeline.done\",\"stage\":\"pipeline\",\"symbol\":\"BTCUSDT\",\"cid\":\"c_6c0f\",\"rid\":\"r_8ca4\",\"scope\":\"pipeline\",\"status\":\"ready\",\"fetch_ms\":11.61,\"db_ms\":6.59,\"compute_ms\":2554.17,\"serialize_ms\":15.0,\"size_bytes\":1503336}", "extra": {"taskName": "starlette.middleware.base.BaseHTTPMiddleware.__call__.<locals>.call_next.<locals>.coro"}}
{"ts": "2025-10-26T15:22:00.899232+00:00", "level": "INFO", "name": "src.services.check_all_datas", "msg": "pipeline.run.complete | symbol=BTCUSDT | status=ready", "extra": {"taskName": "starlette.middleware.base.BaseHTTPMiddleware.__call__.<locals>.call_next.<locals>.coro"}}
